2026-04-14 19:36:49 | INFO     | main | Pipeline config loaded from configs/pipeline_config.yaml
2026-04-14 19:36:49 | INFO     | main | Mode: use_mock=True | variants=3 | prompts=['rain_environment', 'night_scene', 'snow_environment', 'indoor_wall_texture', 'foggy_exterior']
2026-04-14 19:36:49 | INFO     | main | === STAGE 1: INGESTION ===
2026-04-14 19:36:49 | INFO     | ingestion.coco_parser | Loading COCO annotations from data\raw\annotations.json
2026-04-14 19:36:49 | INFO     | ingestion.coco_parser | Found 53 images, 4 categories, 131 annotations
2026-04-14 19:36:49 | INFO     | main | Dry run: found 131 annotations. Config OK. Exiting.
2026-04-14 19:39:55 | INFO     | main | Pipeline config loaded from configs/pipeline_config.yaml
2026-04-14 19:39:55 | INFO     | main | Mode: use_mock=True | variants=3 | prompts=['rain_environment', 'night_scene', 'snow_environment', 'indoor_wall_texture', 'foggy_exterior']
2026-04-14 19:39:55 | INFO     | main | === STAGE 1: INGESTION ===
2026-04-14 19:39:55 | INFO     | ingestion.coco_parser | Loading COCO annotations from data\raw\annotations.json
2026-04-14 19:39:55 | INFO     | ingestion.coco_parser | Found 53 images, 4 categories, 131 annotations
2026-04-14 19:39:55 | INFO     | main | === STAGE 2: GENERATION ===
2026-04-14 19:39:55 | INFO     | generation.api_client | Using MockEditClient (offline mode).
2026-04-14 19:39:55 | INFO     | main | === STAGE 3: VALIDATION ===
2026-04-14 19:39:55 | INFO     | main | === STAGE 4: CURATION ===
2026-04-14 19:39:55 | INFO     | main | === RUNNING BATCH PROCESSOR ===
2026-04-14 19:39:55 | INFO     | generation.batch_processor | Starting batch processing pipeline …
2026-04-14 19:39:55 | INFO     | generation.batch_processor | 131 annotations to process (after checkpoint filter).
2026-04-14 19:39:55 | INFO     | generation.augmenter | Augmenting | ann=0 | prompt=rain_environment | req=97a37c32
2026-04-14 19:39:55 | INFO     | generation.augmenter | Augmenting | ann=1 | prompt=rain_environment | req=df7a4f99
2026-04-14 19:39:55 | INFO     | generation.augmenter | Augmenting | ann=2 | prompt=rain_environment | req=068427cd
2026-04-14 19:39:55 | INFO     | generation.augmenter | Augmenting | ann=3 | prompt=rain_environment | req=be58d8eb
2026-04-14 19:39:55 | INFO     | generation.augmenter | Augmenting | ann=0 | prompt=night_scene | req=2ffb6f29
2026-04-14 19:40:01 | INFO     | generation.augmenter | Augmenting | ann=1 | prompt=night_scene | req=fdc7a55f
2026-04-14 19:40:07 | INFO     | generation.augmenter | Augmenting | ann=2 | prompt=night_scene | req=6e7a8937
2026-04-14 19:40:13 | INFO     | generation.augmenter | Augmenting | ann=3 | prompt=night_scene | req=d28ade9c
2026-04-14 19:40:19 | INFO     | generation.augmenter | Augmenting | ann=0 | prompt=snow_environment | req=3bbc93fe
2026-04-14 19:40:25 | INFO     | generation.augmenter | Augmenting | ann=1 | prompt=snow_environment | req=d99a10d9
2026-04-14 19:40:31 | INFO     | generation.augmenter | Augmenting | ann=2 | prompt=snow_environment | req=8484d4e6
2026-04-14 19:40:37 | INFO     | generation.augmenter | Augmenting | ann=3 | prompt=snow_environment | req=7275485a
2026-04-14 19:40:43 | INFO     | generation.augmenter | Augmenting | ann=0 | prompt=indoor_wall_texture | req=7fbbd980
2026-04-14 19:40:49 | INFO     | generation.augmenter | Augmenting | ann=1 | prompt=indoor_wall_texture | req=1e775f90
2026-04-14 19:40:55 | INFO     | generation.augmenter | Augmenting | ann=2 | prompt=indoor_wall_texture | req=be57c1eb
2026-04-14 19:41:01 | INFO     | generation.augmenter | Augmenting | ann=3 | prompt=indoor_wall_texture | req=21efdbc9
2026-04-14 19:41:07 | INFO     | generation.augmenter | Augmenting | ann=0 | prompt=foggy_exterior | req=b30c082d
2026-04-14 19:41:13 | INFO     | generation.augmenter | Augmenting | ann=1 | prompt=foggy_exterior | req=37925cf3
2026-04-14 19:41:19 | INFO     | generation.augmenter | Augmenting | ann=2 | prompt=foggy_exterior | req=bb1672a2
2026-04-14 19:41:25 | INFO     | generation.augmenter | Augmenting | ann=3 | prompt=foggy_exterior | req=93299f8f
2026-04-14 19:41:32 | INFO     | curation.curator | Curated → GOLD | 99ffcf1a-frame_000025__ann0__rain_environment__97a37c32.jpg
2026-04-14 19:41:32 | INFO     | curation.curator | Curated → GOLD | 99ffcf1a-frame_000025__ann0__night_scene__2ffb6f29.jpg
2026-04-14 19:41:32 | INFO     | curation.curator | Curated → GOLD | 99ffcf1a-frame_000025__ann0__snow_environment__3bbc93fe.jpg
2026-04-14 19:41:32 | INFO     | curation.curator | Curated → GOLD | 99ffcf1a-frame_000025__ann0__indoor_wall_texture__7fbbd980.jpg
2026-04-14 19:41:32 | INFO     | curation.curator | Curated → GOLD | 99ffcf1a-frame_000025__ann0__foggy_exterior__b30c082d.jpg
2026-04-14 19:41:32 | INFO     | generation.augmenter | Augmenting | ann=4 | prompt=rain_environment | req=957fdfb8
2026-04-14 19:41:37 | INFO     | curation.curator | Curated → GOLD | 54a8cc5a-frame_000036__ann1__rain_environment__df7a4f99.jpg
2026-04-14 19:41:38 | INFO     | curation.curator | Curated → GOLD | 54a8cc5a-frame_000036__ann1__night_scene__fdc7a55f.jpg
2026-04-14 19:41:38 | INFO     | curation.curator | Curated → GOLD | 54a8cc5a-frame_000036__ann1__snow_environment__d99a10d9.jpg
2026-04-14 19:41:38 | INFO     | curation.curator | Curated → GOLD | 54a8cc5a-frame_000036__ann1__indoor_wall_texture__1e775f90.jpg
2026-04-14 19:41:38 | INFO     | curation.curator | Curated → GOLD | 54a8cc5a-frame_000036__ann1__foggy_exterior__37925cf3.jpg
2026-04-14 19:41:38 | INFO     | generation.augmenter | Augmenting | ann=5 | prompt=rain_environment | req=48b06b09
2026-04-14 19:41:44 | INFO     | curation.curator | Curated → GOLD | 0f9e733a-frame_000124__ann2__rain_environment__068427cd.jpg
2026-04-14 19:41:44 | INFO     | curation.curator | Curated → GOLD | 0f9e733a-frame_000124__ann2__night_scene__6e7a8937.jpg
2026-04-14 19:41:44 | INFO     | curation.curator | Curated → GOLD | 0f9e733a-frame_000124__ann2__snow_environment__8484d4e6.jpg
2026-04-14 19:41:44 | INFO     | curation.curator | Curated → GOLD | 0f9e733a-frame_000124__ann2__indoor_wall_texture__be57c1eb.jpg
2026-04-14 19:41:44 | INFO     | curation.curator | Curated → GOLD | 0f9e733a-frame_000124__ann2__foggy_exterior__bb1672a2.jpg
2026-04-14 19:41:44 | INFO     | generation.augmenter | Augmenting | ann=6 | prompt=rain_environment | req=a825fb7d
2026-04-14 19:41:49 | INFO     | curation.curator | Curated → GOLD | 0f9e733a-frame_000124__ann3__rain_environment__be58d8eb.jpg
2026-04-14 19:41:50 | INFO     | curation.curator | Curated → GOLD | 0f9e733a-frame_000124__ann3__night_scene__d28ade9c.jpg
2026-04-14 19:41:50 | INFO     | curation.curator | Curated → DISCARDED | 0f9e733a-frame_000124__ann3__snow_environment__7275485a.jpg
2026-04-14 19:41:50 | INFO     | curation.curator | Curated → GOLD | 0f9e733a-frame_000124__ann3__indoor_wall_texture__21efdbc9.jpg
2026-04-14 19:41:50 | INFO     | curation.curator | Curated → GOLD | 0f9e733a-frame_000124__ann3__foggy_exterior__93299f8f.jpg
2026-04-14 19:41:50 | INFO     | generation.augmenter | Augmenting | ann=7 | prompt=rain_environment | req=73b4c0fa
2026-04-14 19:41:55 | INFO     | generation.augmenter | Augmenting | ann=4 | prompt=night_scene | req=3b4d1efd
2026-04-14 19:42:01 | INFO     | generation.augmenter | Augmenting | ann=5 | prompt=night_scene | req=2494075f
2026-04-14 19:42:07 | INFO     | generation.augmenter | Augmenting | ann=6 | prompt=night_scene | req=15484394
2026-04-14 19:42:13 | INFO     | generation.augmenter | Augmenting | ann=7 | prompt=night_scene | req=b10982ab
2026-04-14 19:42:19 | INFO     | generation.augmenter | Augmenting | ann=4 | prompt=snow_environment | req=dc31fdb2
2026-04-14 19:42:25 | INFO     | generation.augmenter | Augmenting | ann=5 | prompt=snow_environment | req=e6469734
2026-04-14 19:42:31 | INFO     | generation.augmenter | Augmenting | ann=6 | prompt=snow_environment | req=88b02bb6
2026-04-14 19:42:37 | INFO     | generation.augmenter | Augmenting | ann=7 | prompt=snow_environment | req=08f5a3f4
2026-04-14 19:42:43 | INFO     | generation.augmenter | Augmenting | ann=4 | prompt=indoor_wall_texture | req=19cde7a9
2026-04-14 19:42:49 | INFO     | generation.augmenter | Augmenting | ann=5 | prompt=indoor_wall_texture | req=3fc69a0a
2026-04-14 19:42:55 | INFO     | generation.augmenter | Augmenting | ann=6 | prompt=indoor_wall_texture | req=f5598b60
2026-04-14 19:43:01 | INFO     | generation.augmenter | Augmenting | ann=7 | prompt=indoor_wall_texture | req=4cec151b
2026-04-14 19:43:07 | INFO     | generation.augmenter | Augmenting | ann=4 | prompt=foggy_exterior | req=0df53266
2026-04-14 19:43:13 | INFO     | generation.augmenter | Augmenting | ann=5 | prompt=foggy_exterior | req=b4bdd565
2026-04-14 19:43:19 | INFO     | generation.augmenter | Augmenting | ann=6 | prompt=foggy_exterior | req=bb064bc1
2026-04-14 19:43:25 | INFO     | generation.augmenter | Augmenting | ann=7 | prompt=foggy_exterior | req=69073e20
2026-04-14 19:43:31 | INFO     | curation.curator | Curated → GOLD | 0f9e733a-frame_000124__ann4__rain_environment__957fdfb8.jpg
2026-04-14 19:43:32 | INFO     | curation.curator | Curated → GOLD | 0f9e733a-frame_000124__ann4__night_scene__3b4d1efd.jpg
2026-04-14 19:43:32 | INFO     | curation.curator | Curated → DISCARDED | 0f9e733a-frame_000124__ann4__snow_environment__dc31fdb2.jpg
2026-04-14 19:43:32 | INFO     | curation.curator | Curated → GOLD | 0f9e733a-frame_000124__ann4__indoor_wall_texture__19cde7a9.jpg
2026-04-14 19:43:32 | INFO     | curation.curator | Curated → GOLD | 0f9e733a-frame_000124__ann4__foggy_exterior__0df53266.jpg
2026-04-14 19:43:38 | INFO     | curation.curator | Curated → GOLD | 19c42235-frame_000126__ann5__rain_environment__48b06b09.jpg
2026-04-14 19:43:38 | INFO     | curation.curator | Curated → GOLD | 19c42235-frame_000126__ann5__night_scene__2494075f.jpg
2026-04-14 19:43:38 | INFO     | curation.curator | Curated → GOLD | 19c42235-frame_000126__ann5__snow_environment__e6469734.jpg
2026-04-14 19:43:38 | INFO     | curation.curator | Curated → GOLD | 19c42235-frame_000126__ann5__indoor_wall_texture__3fc69a0a.jpg
2026-04-14 19:43:38 | INFO     | curation.curator | Curated → GOLD | 19c42235-frame_000126__ann5__foggy_exterior__b4bdd565.jpg
2026-04-14 19:43:43 | INFO     | curation.curator | Curated → GOLD | 19c42235-frame_000126__ann6__rain_environment__a825fb7d.jpg
2026-04-14 19:43:43 | INFO     | curation.curator | Curated → DISCARDED | 19c42235-frame_000126__ann6__night_scene__15484394.jpg
2026-04-14 19:43:43 | INFO     | curation.curator | Curated → DISCARDED | 19c42235-frame_000126__ann6__snow_environment__88b02bb6.jpg
2026-04-14 19:43:44 | INFO     | curation.curator | Curated → GOLD | 19c42235-frame_000126__ann6__indoor_wall_texture__f5598b60.jpg
2026-04-14 19:43:44 | INFO     | curation.curator | Curated → GOLD | 19c42235-frame_000126__ann6__foggy_exterior__bb064bc1.jpg
2026-04-14 19:43:49 | INFO     | curation.curator | Curated → GOLD | 19c42235-frame_000126__ann7__rain_environment__73b4c0fa.jpg
2026-04-14 19:43:49 | INFO     | curation.curator | Curated → DISCARDED | 19c42235-frame_000126__ann7__night_scene__b10982ab.jpg
2026-04-14 19:43:50 | INFO     | curation.curator | Curated → DISCARDED | 19c42235-frame_000126__ann7__snow_environment__08f5a3f4.jpg
2026-04-14 19:43:50 | INFO     | curation.curator | Curated → GOLD | 19c42235-frame_000126__ann7__indoor_wall_texture__4cec151b.jpg
2026-04-14 19:43:50 | INFO     | curation.curator | Curated → GOLD | 19c42235-frame_000126__ann7__foggy_exterior__69073e20.jpg
2026-04-14 19:43:50 | INFO     | generation.augmenter | Augmenting | ann=8 | prompt=rain_environment | req=38b8ef3b
2026-04-14 19:43:50 | INFO     | generation.augmenter | Augmenting | ann=9 | prompt=rain_environment | req=67a71d7e
2026-04-14 19:43:50 | INFO     | generation.augmenter | Augmenting | ann=10 | prompt=rain_environment | req=d486ab72
2026-04-14 19:43:50 | INFO     | generation.augmenter | Augmenting | ann=11 | prompt=rain_environment | req=8fe80ffd
2026-04-14 19:43:55 | INFO     | generation.augmenter | Augmenting | ann=8 | prompt=night_scene | req=7bca956a
2026-04-14 19:44:01 | INFO     | generation.augmenter | Augmenting | ann=9 | prompt=night_scene | req=a49f85d4
2026-04-14 19:44:07 | INFO     | generation.augmenter | Augmenting | ann=10 | prompt=night_scene | req=98e0ec07
2026-04-14 19:44:13 | INFO     | generation.augmenter | Augmenting | ann=11 | prompt=night_scene | req=2ce8673f
2026-04-14 19:44:19 | INFO     | generation.augmenter | Augmenting | ann=8 | prompt=snow_environment | req=48dbc65a
2026-04-14 19:44:25 | INFO     | generation.augmenter | Augmenting | ann=9 | prompt=snow_environment | req=2871c382
2026-04-14 19:44:31 | INFO     | generation.augmenter | Augmenting | ann=10 | prompt=snow_environment | req=99365f7c
2026-04-14 19:44:37 | INFO     | generation.augmenter | Augmenting | ann=11 | prompt=snow_environment | req=874514ca
2026-04-14 19:44:43 | INFO     | generation.augmenter | Augmenting | ann=8 | prompt=indoor_wall_texture | req=cad8734f
2026-04-14 19:44:49 | INFO     | generation.augmenter | Augmenting | ann=9 | prompt=indoor_wall_texture | req=a86fd846
2026-04-14 19:44:55 | INFO     | generation.augmenter | Augmenting | ann=10 | prompt=indoor_wall_texture | req=f69a42ce
2026-04-14 19:45:01 | INFO     | generation.augmenter | Augmenting | ann=11 | prompt=indoor_wall_texture | req=3f3af94b
2026-04-14 19:45:07 | INFO     | generation.augmenter | Augmenting | ann=8 | prompt=foggy_exterior | req=893c74ee
2026-04-14 19:45:13 | INFO     | generation.augmenter | Augmenting | ann=9 | prompt=foggy_exterior | req=1fa5a1da
2026-04-14 19:45:19 | INFO     | generation.augmenter | Augmenting | ann=10 | prompt=foggy_exterior | req=2d7cbc10
2026-04-14 19:45:25 | INFO     | generation.augmenter | Augmenting | ann=11 | prompt=foggy_exterior | req=5350daed
2026-04-14 19:45:32 | INFO     | curation.curator | Curated → GOLD | aa8065dd-frame_000139__ann8__rain_environment__38b8ef3b.jpg
2026-04-14 19:45:32 | INFO     | curation.curator | Curated → GOLD | aa8065dd-frame_000139__ann8__night_scene__7bca956a.jpg
2026-04-14 19:45:32 | INFO     | curation.curator | Curated → GOLD | aa8065dd-frame_000139__ann8__snow_environment__48dbc65a.jpg
2026-04-14 19:45:32 | INFO     | curation.curator | Curated → GOLD | aa8065dd-frame_000139__ann8__indoor_wall_texture__cad8734f.jpg
2026-04-14 19:45:32 | INFO     | curation.curator | Curated → GOLD | aa8065dd-frame_000139__ann8__foggy_exterior__893c74ee.jpg
2026-04-14 19:45:32 | INFO     | generation.augmenter | Augmenting | ann=12 | prompt=rain_environment | req=7c74ba41
2026-04-14 19:45:38 | INFO     | curation.curator | Curated → GOLD | aa8065dd-frame_000139__ann9__rain_environment__67a71d7e.jpg
2026-04-14 19:45:38 | INFO     | curation.curator | Curated → GOLD | aa8065dd-frame_000139__ann9__night_scene__a49f85d4.jpg
2026-04-14 19:45:38 | INFO     | curation.curator | Curated → DISCARDED | aa8065dd-frame_000139__ann9__snow_environment__2871c382.jpg
2026-04-14 19:45:38 | INFO     | curation.curator | Curated → GOLD | aa8065dd-frame_000139__ann9__indoor_wall_texture__a86fd846.jpg
2026-04-14 19:45:38 | INFO     | curation.curator | Curated → GOLD | aa8065dd-frame_000139__ann9__foggy_exterior__1fa5a1da.jpg
2026-04-14 19:45:38 | INFO     | generation.augmenter | Augmenting | ann=13 | prompt=rain_environment | req=11eacfb2
2026-04-14 19:45:43 | INFO     | curation.curator | Curated → DISCARDED | aa8065dd-frame_000139__ann10__rain_environment__d486ab72.jpg
2026-04-14 19:45:44 | INFO     | curation.curator | Curated → DISCARDED | aa8065dd-frame_000139__ann10__night_scene__98e0ec07.jpg
2026-04-14 19:45:44 | INFO     | curation.curator | Curated → DISCARDED | aa8065dd-frame_000139__ann10__snow_environment__99365f7c.jpg
2026-04-14 19:45:44 | INFO     | curation.curator | Curated → GOLD | aa8065dd-frame_000139__ann10__indoor_wall_texture__f69a42ce.jpg
2026-04-14 19:45:44 | INFO     | curation.curator | Curated → DISCARDED | aa8065dd-frame_000139__ann10__foggy_exterior__2d7cbc10.jpg
2026-04-14 19:45:44 | INFO     | generation.augmenter | Augmenting | ann=14 | prompt=rain_environment | req=887974a0
2026-04-14 19:45:50 | INFO     | curation.curator | Curated → GOLD | edca6cf8-frame_000148__ann11__rain_environment__8fe80ffd.jpg
2026-04-14 19:45:50 | INFO     | curation.curator | Curated → GOLD | edca6cf8-frame_000148__ann11__night_scene__2ce8673f.jpg
2026-04-14 19:45:50 | INFO     | curation.curator | Curated → GOLD | edca6cf8-frame_000148__ann11__snow_environment__874514ca.jpg
2026-04-14 19:45:50 | INFO     | curation.curator | Curated → GOLD | edca6cf8-frame_000148__ann11__indoor_wall_texture__3f3af94b.jpg
2026-04-14 19:45:50 | INFO     | curation.curator | Curated → GOLD | edca6cf8-frame_000148__ann11__foggy_exterior__5350daed.jpg
2026-04-14 19:45:50 | INFO     | generation.augmenter | Augmenting | ann=15 | prompt=rain_environment | req=529c00c9
2026-04-14 19:45:55 | INFO     | generation.augmenter | Augmenting | ann=12 | prompt=night_scene | req=c563a0d6
2026-04-14 19:46:01 | INFO     | generation.augmenter | Augmenting | ann=13 | prompt=night_scene | req=b7373738
2026-04-14 19:46:07 | INFO     | generation.augmenter | Augmenting | ann=14 | prompt=night_scene | req=d9c56ab2
2026-04-14 19:46:13 | INFO     | generation.augmenter | Augmenting | ann=15 | prompt=night_scene | req=5a762542
2026-04-14 19:46:19 | INFO     | generation.augmenter | Augmenting | ann=12 | prompt=snow_environment | req=0cf552d2
2026-04-14 19:46:25 | INFO     | generation.augmenter | Augmenting | ann=13 | prompt=snow_environment | req=89e96c3a
2026-04-14 19:46:31 | INFO     | generation.augmenter | Augmenting | ann=14 | prompt=snow_environment | req=f2ec8cc6
2026-04-14 19:46:37 | INFO     | generation.augmenter | Augmenting | ann=15 | prompt=snow_environment | req=ae37e0cf
2026-04-14 19:46:43 | INFO     | generation.augmenter | Augmenting | ann=12 | prompt=indoor_wall_texture | req=ff5f5102
2026-04-14 19:46:49 | INFO     | generation.augmenter | Augmenting | ann=13 | prompt=indoor_wall_texture | req=bcc4d90f
2026-04-14 19:46:56 | INFO     | generation.augmenter | Augmenting | ann=14 | prompt=indoor_wall_texture | req=69574c5f
2026-04-14 19:47:02 | INFO     | generation.augmenter | Augmenting | ann=15 | prompt=indoor_wall_texture | req=39c980fe
2026-04-14 19:47:08 | INFO     | generation.augmenter | Augmenting | ann=12 | prompt=foggy_exterior | req=61a23fc9
2026-04-14 19:47:14 | INFO     | generation.augmenter | Augmenting | ann=13 | prompt=foggy_exterior | req=61059734
2026-04-14 19:47:20 | INFO     | generation.augmenter | Augmenting | ann=14 | prompt=foggy_exterior | req=a9b63aab
2026-04-14 19:47:26 | INFO     | generation.augmenter | Augmenting | ann=15 | prompt=foggy_exterior | req=1173df21
2026-04-14 19:47:32 | INFO     | curation.curator | Curated → GOLD | edca6cf8-frame_000148__ann12__rain_environment__7c74ba41.jpg
2026-04-14 19:47:32 | INFO     | curation.curator | Curated → GOLD | edca6cf8-frame_000148__ann12__night_scene__c563a0d6.jpg
2026-04-14 19:47:32 | INFO     | curation.curator | Curated → DISCARDED | edca6cf8-frame_000148__ann12__snow_environment__0cf552d2.jpg
2026-04-14 19:47:32 | INFO     | curation.curator | Curated → GOLD | edca6cf8-frame_000148__ann12__indoor_wall_texture__ff5f5102.jpg
2026-04-14 19:47:32 | INFO     | curation.curator | Curated → GOLD | edca6cf8-frame_000148__ann12__foggy_exterior__61a23fc9.jpg
2026-04-14 19:47:38 | INFO     | curation.curator | Curated → DISCARDED | edca6cf8-frame_000148__ann13__rain_environment__11eacfb2.jpg
2026-04-14 19:47:38 | INFO     | curation.curator | Curated → GOLD | edca6cf8-frame_000148__ann13__night_scene__b7373738.jpg
2026-04-14 19:47:38 | INFO     | curation.curator | Curated → DISCARDED | edca6cf8-frame_000148__ann13__snow_environment__89e96c3a.jpg
2026-04-14 19:47:38 | INFO     | curation.curator | Curated → GOLD | edca6cf8-frame_000148__ann13__indoor_wall_texture__bcc4d90f.jpg
2026-04-14 19:47:38 | INFO     | curation.curator | Curated → DISCARDED | edca6cf8-frame_000148__ann13__foggy_exterior__61059734.jpg
2026-04-14 19:47:44 | INFO     | curation.curator | Curated → GOLD | 611f0c91-frame_000152__ann14__rain_environment__887974a0.jpg
2026-04-14 19:47:44 | INFO     | curation.curator | Curated → GOLD | 611f0c91-frame_000152__ann14__night_scene__d9c56ab2.jpg
2026-04-14 19:47:44 | INFO     | curation.curator | Curated → GOLD | 611f0c91-frame_000152__ann14__snow_environment__f2ec8cc6.jpg
2026-04-14 19:47:44 | INFO     | curation.curator | Curated → GOLD | 611f0c91-frame_000152__ann14__indoor_wall_texture__69574c5f.jpg
2026-04-14 19:47:44 | INFO     | curation.curator | Curated → GOLD | 611f0c91-frame_000152__ann14__foggy_exterior__a9b63aab.jpg
2026-04-14 19:47:50 | INFO     | curation.curator | Curated → DISCARDED | 611f0c91-frame_000152__ann15__rain_environment__529c00c9.jpg
2026-04-14 19:47:50 | INFO     | curation.curator | Curated → GOLD | 611f0c91-frame_000152__ann15__night_scene__5a762542.jpg
2026-04-14 19:47:50 | INFO     | curation.curator | Curated → DISCARDED | 611f0c91-frame_000152__ann15__snow_environment__ae37e0cf.jpg
2026-04-14 19:47:50 | INFO     | curation.curator | Curated → GOLD | 611f0c91-frame_000152__ann15__indoor_wall_texture__39c980fe.jpg
2026-04-14 19:47:50 | INFO     | curation.curator | Curated → DISCARDED | 611f0c91-frame_000152__ann15__foggy_exterior__1173df21.jpg
2026-04-14 19:47:50 | INFO     | generation.augmenter | Augmenting | ann=16 | prompt=rain_environment | req=ca9c4ec4
2026-04-14 19:47:50 | INFO     | generation.augmenter | Augmenting | ann=17 | prompt=rain_environment | req=2bb551c9
2026-04-14 19:47:50 | INFO     | generation.augmenter | Augmenting | ann=18 | prompt=rain_environment | req=53398780
2026-04-14 19:47:50 | INFO     | generation.augmenter | Augmenting | ann=19 | prompt=rain_environment | req=6aa49f38
2026-04-14 19:47:56 | INFO     | generation.augmenter | Augmenting | ann=16 | prompt=night_scene | req=adbda162
2026-04-14 19:48:02 | INFO     | generation.augmenter | Augmenting | ann=17 | prompt=night_scene | req=79d53312
2026-04-14 19:48:08 | INFO     | generation.augmenter | Augmenting | ann=18 | prompt=night_scene | req=089ae237
2026-04-14 19:48:14 | INFO     | generation.augmenter | Augmenting | ann=19 | prompt=night_scene | req=9fe089c1
2026-04-14 19:48:20 | INFO     | generation.augmenter | Augmenting | ann=16 | prompt=snow_environment | req=9e0d9fdd
2026-04-14 19:48:26 | INFO     | generation.augmenter | Augmenting | ann=17 | prompt=snow_environment | req=014c2ed0
2026-04-14 19:48:32 | INFO     | generation.augmenter | Augmenting | ann=18 | prompt=snow_environment | req=72963338
2026-04-14 19:48:37 | INFO     | generation.augmenter | Augmenting | ann=19 | prompt=snow_environment | req=7d83e613
2026-04-14 19:48:43 | INFO     | generation.augmenter | Augmenting | ann=16 | prompt=indoor_wall_texture | req=dcd074ff
2026-04-14 19:48:49 | INFO     | generation.augmenter | Augmenting | ann=17 | prompt=indoor_wall_texture | req=dbcd7ee3
2026-04-14 19:48:55 | INFO     | generation.augmenter | Augmenting | ann=18 | prompt=indoor_wall_texture | req=e981f932
2026-04-14 19:49:01 | INFO     | generation.augmenter | Augmenting | ann=19 | prompt=indoor_wall_texture | req=9af0fd05
2026-04-14 19:49:07 | INFO     | generation.augmenter | Augmenting | ann=16 | prompt=foggy_exterior | req=70e96523
2026-04-14 19:49:13 | INFO     | generation.augmenter | Augmenting | ann=17 | prompt=foggy_exterior | req=8e30b3e7
2026-04-14 19:49:19 | INFO     | generation.augmenter | Augmenting | ann=18 | prompt=foggy_exterior | req=5b3a18db
2026-04-14 19:49:25 | INFO     | generation.augmenter | Augmenting | ann=19 | prompt=foggy_exterior | req=f5bd7474
2026-04-14 19:49:32 | INFO     | curation.curator | Curated → DISCARDED | 611f0c91-frame_000152__ann16__rain_environment__ca9c4ec4.jpg
2026-04-14 19:49:32 | INFO     | curation.curator | Curated → GOLD | 611f0c91-frame_000152__ann16__night_scene__adbda162.jpg
2026-04-14 19:49:32 | INFO     | curation.curator | Curated → DISCARDED | 611f0c91-frame_000152__ann16__snow_environment__9e0d9fdd.jpg
2026-04-14 19:49:32 | INFO     | curation.curator | Curated → GOLD | 611f0c91-frame_000152__ann16__indoor_wall_texture__dcd074ff.jpg
2026-04-14 19:49:32 | INFO     | curation.curator | Curated → DISCARDED | 611f0c91-frame_000152__ann16__foggy_exterior__70e96523.jpg
2026-04-14 19:49:32 | INFO     | generation.augmenter | Augmenting | ann=20 | prompt=rain_environment | req=34c73134
2026-04-14 19:49:38 | INFO     | curation.curator | Curated → GOLD | 46cdfa89-frame_000153__ann17__rain_environment__2bb551c9.jpg
2026-04-14 19:49:38 | INFO     | curation.curator | Curated → GOLD | 46cdfa89-frame_000153__ann17__night_scene__79d53312.jpg
2026-04-14 19:49:38 | INFO     | curation.curator | Curated → GOLD | 46cdfa89-frame_000153__ann17__snow_environment__014c2ed0.jpg
2026-04-14 19:49:38 | INFO     | curation.curator | Curated → GOLD | 46cdfa89-frame_000153__ann17__indoor_wall_texture__dbcd7ee3.jpg
2026-04-14 19:49:38 | INFO     | curation.curator | Curated → GOLD | 46cdfa89-frame_000153__ann17__foggy_exterior__8e30b3e7.jpg
2026-04-14 19:49:38 | INFO     | generation.augmenter | Augmenting | ann=21 | prompt=rain_environment | req=37773063
2026-04-14 19:49:44 | INFO     | curation.curator | Curated → DISCARDED | 46cdfa89-frame_000153__ann18__rain_environment__53398780.jpg
2026-04-14 19:49:44 | INFO     | curation.curator | Curated → GOLD | 46cdfa89-frame_000153__ann18__night_scene__089ae237.jpg
2026-04-14 19:49:44 | INFO     | curation.curator | Curated → DISCARDED | 46cdfa89-frame_000153__ann18__snow_environment__72963338.jpg
2026-04-14 19:49:44 | INFO     | curation.curator | Curated → GOLD | 46cdfa89-frame_000153__ann18__indoor_wall_texture__e981f932.jpg
2026-04-14 19:49:44 | INFO     | curation.curator | Curated → DISCARDED | 46cdfa89-frame_000153__ann18__foggy_exterior__5b3a18db.jpg
2026-04-14 19:49:44 | INFO     | generation.augmenter | Augmenting | ann=22 | prompt=rain_environment | req=85a19c93
2026-04-14 19:49:50 | INFO     | curation.curator | Curated → DISCARDED | 46cdfa89-frame_000153__ann19__rain_environment__6aa49f38.jpg
2026-04-14 19:49:50 | INFO     | curation.curator | Curated → GOLD | 46cdfa89-frame_000153__ann19__night_scene__9fe089c1.jpg
2026-04-14 19:49:50 | INFO     | curation.curator | Curated → DISCARDED | 46cdfa89-frame_000153__ann19__snow_environment__7d83e613.jpg
2026-04-14 19:49:50 | INFO     | curation.curator | Curated → GOLD | 46cdfa89-frame_000153__ann19__indoor_wall_texture__9af0fd05.jpg
2026-04-14 19:49:50 | INFO     | curation.curator | Curated → DISCARDED | 46cdfa89-frame_000153__ann19__foggy_exterior__f5bd7474.jpg
2026-04-14 19:49:50 | INFO     | generation.augmenter | Augmenting | ann=23 | prompt=rain_environment | req=5f65e28b
2026-04-14 19:49:55 | INFO     | generation.augmenter | Augmenting | ann=20 | prompt=night_scene | req=03db1962
2026-04-14 19:50:01 | INFO     | generation.augmenter | Augmenting | ann=21 | prompt=night_scene | req=b400d44d
2026-04-14 19:50:08 | INFO     | generation.augmenter | Augmenting | ann=22 | prompt=night_scene | req=1f22ef28
2026-04-14 19:50:13 | INFO     | generation.augmenter | Augmenting | ann=23 | prompt=night_scene | req=67023184
2026-04-14 19:50:20 | INFO     | generation.augmenter | Augmenting | ann=20 | prompt=snow_environment | req=d012fbc3
2026-04-14 19:50:25 | INFO     | generation.augmenter | Augmenting | ann=21 | prompt=snow_environment | req=71622250
2026-04-14 19:50:32 | INFO     | generation.augmenter | Augmenting | ann=22 | prompt=snow_environment | req=4939d04c
2026-04-14 19:50:38 | INFO     | generation.augmenter | Augmenting | ann=23 | prompt=snow_environment | req=cb2859ca
2026-04-14 19:50:44 | INFO     | generation.augmenter | Augmenting | ann=20 | prompt=indoor_wall_texture | req=5b3b9b7c
2026-04-14 19:50:50 | INFO     | generation.augmenter | Augmenting | ann=21 | prompt=indoor_wall_texture | req=c1788d66
2026-04-14 19:50:56 | INFO     | generation.augmenter | Augmenting | ann=22 | prompt=indoor_wall_texture | req=6a912afe
2026-04-14 19:51:02 | INFO     | generation.augmenter | Augmenting | ann=23 | prompt=indoor_wall_texture | req=30cab323
2026-04-14 19:51:07 | INFO     | generation.augmenter | Augmenting | ann=20 | prompt=foggy_exterior | req=9bd4bc7b
2026-04-14 19:51:14 | INFO     | generation.augmenter | Augmenting | ann=21 | prompt=foggy_exterior | req=aabe787d
2026-04-14 19:51:20 | INFO     | generation.augmenter | Augmenting | ann=22 | prompt=foggy_exterior | req=a54f91bd
2026-04-14 19:51:26 | INFO     | generation.augmenter | Augmenting | ann=23 | prompt=foggy_exterior | req=78356700
2026-04-14 19:51:32 | INFO     | curation.curator | Curated → GOLD | 35ebbe8d-frame_000163__ann20__rain_environment__34c73134.jpg
2026-04-14 19:51:32 | INFO     | curation.curator | Curated → GOLD | 35ebbe8d-frame_000163__ann20__night_scene__03db1962.jpg
2026-04-14 19:51:32 | INFO     | curation.curator | Curated → GOLD | 35ebbe8d-frame_000163__ann20__snow_environment__d012fbc3.jpg
2026-04-14 19:51:32 | INFO     | curation.curator | Curated → GOLD | 35ebbe8d-frame_000163__ann20__indoor_wall_texture__5b3b9b7c.jpg
2026-04-14 19:51:32 | INFO     | curation.curator | Curated → GOLD | 35ebbe8d-frame_000163__ann20__foggy_exterior__9bd4bc7b.jpg
2026-04-14 19:51:38 | INFO     | curation.curator | Curated → DISCARDED | 35ebbe8d-frame_000163__ann21__rain_environment__37773063.jpg
2026-04-14 19:51:38 | INFO     | curation.curator | Curated → GOLD | 35ebbe8d-frame_000163__ann21__night_scene__b400d44d.jpg
2026-04-14 19:51:38 | INFO     | curation.curator | Curated → DISCARDED | 35ebbe8d-frame_000163__ann21__snow_environment__71622250.jpg
2026-04-14 19:51:38 | INFO     | curation.curator | Curated → GOLD | 35ebbe8d-frame_000163__ann21__indoor_wall_texture__c1788d66.jpg
2026-04-14 19:51:38 | INFO     | curation.curator | Curated → DISCARDED | 35ebbe8d-frame_000163__ann21__foggy_exterior__aabe787d.jpg
2026-04-14 19:51:44 | INFO     | curation.curator | Curated → DISCARDED | 35ebbe8d-frame_000163__ann22__rain_environment__85a19c93.jpg
2026-04-14 19:51:44 | INFO     | curation.curator | Curated → GOLD | 35ebbe8d-frame_000163__ann22__night_scene__1f22ef28.jpg
2026-04-14 19:51:44 | INFO     | curation.curator | Curated → DISCARDED | 35ebbe8d-frame_000163__ann22__snow_environment__4939d04c.jpg
2026-04-14 19:51:44 | INFO     | curation.curator | Curated → DISCARDED | 35ebbe8d-frame_000163__ann22__indoor_wall_texture__6a912afe.jpg
2026-04-14 19:51:44 | INFO     | curation.curator | Curated → DISCARDED | 35ebbe8d-frame_000163__ann22__foggy_exterior__a54f91bd.jpg
2026-04-14 19:51:50 | INFO     | curation.curator | Curated → GOLD | 60cb287d-frame_000165__ann23__rain_environment__5f65e28b.jpg
2026-04-14 19:51:50 | INFO     | curation.curator | Curated → GOLD | 60cb287d-frame_000165__ann23__night_scene__67023184.jpg
2026-04-14 19:51:50 | INFO     | curation.curator | Curated → GOLD | 60cb287d-frame_000165__ann23__snow_environment__cb2859ca.jpg
2026-04-14 19:51:50 | INFO     | curation.curator | Curated → GOLD | 60cb287d-frame_000165__ann23__indoor_wall_texture__30cab323.jpg
2026-04-14 19:51:50 | INFO     | curation.curator | Curated → GOLD | 60cb287d-frame_000165__ann23__foggy_exterior__78356700.jpg
2026-04-14 19:51:50 | INFO     | generation.augmenter | Augmenting | ann=24 | prompt=rain_environment | req=9774ef23
2026-04-14 19:51:50 | INFO     | generation.augmenter | Augmenting | ann=25 | prompt=rain_environment | req=b2e4b98f
2026-04-14 19:51:50 | INFO     | generation.augmenter | Augmenting | ann=26 | prompt=rain_environment | req=474c3fc6
2026-04-14 19:51:50 | INFO     | generation.augmenter | Augmenting | ann=27 | prompt=rain_environment | req=afa1d5e8
2026-04-14 19:51:56 | INFO     | generation.augmenter | Augmenting | ann=24 | prompt=night_scene | req=95ec9b70
2026-04-14 19:52:02 | INFO     | generation.augmenter | Augmenting | ann=25 | prompt=night_scene | req=664dee48
2026-04-14 19:52:08 | INFO     | generation.augmenter | Augmenting | ann=26 | prompt=night_scene | req=18449ba7
2026-04-14 19:52:14 | INFO     | generation.augmenter | Augmenting | ann=27 | prompt=night_scene | req=40b440bb
2026-04-14 19:52:20 | INFO     | generation.augmenter | Augmenting | ann=24 | prompt=snow_environment | req=5bbb4ac2
2026-04-14 19:52:26 | INFO     | generation.augmenter | Augmenting | ann=25 | prompt=snow_environment | req=491d73cd
2026-04-14 19:52:32 | INFO     | generation.augmenter | Augmenting | ann=26 | prompt=snow_environment | req=98ddc221
2026-04-14 19:52:38 | INFO     | generation.augmenter | Augmenting | ann=27 | prompt=snow_environment | req=d9501f8c
2026-04-14 19:52:44 | INFO     | generation.augmenter | Augmenting | ann=24 | prompt=indoor_wall_texture | req=2b34f7a5
2026-04-14 19:52:50 | INFO     | generation.augmenter | Augmenting | ann=25 | prompt=indoor_wall_texture | req=b9eaa8d7
2026-04-14 19:52:56 | INFO     | generation.augmenter | Augmenting | ann=26 | prompt=indoor_wall_texture | req=9b58e553
2026-04-14 19:53:02 | INFO     | generation.augmenter | Augmenting | ann=27 | prompt=indoor_wall_texture | req=39eb4029
2026-04-14 19:53:08 | INFO     | generation.augmenter | Augmenting | ann=24 | prompt=foggy_exterior | req=ea77abf5
2026-04-14 19:53:14 | INFO     | generation.augmenter | Augmenting | ann=25 | prompt=foggy_exterior | req=9c63ac13
2026-04-14 19:53:20 | INFO     | generation.augmenter | Augmenting | ann=26 | prompt=foggy_exterior | req=69954d09
2026-04-14 19:53:26 | INFO     | generation.augmenter | Augmenting | ann=27 | prompt=foggy_exterior | req=85798872
2026-04-14 19:53:32 | INFO     | curation.curator | Curated → DISCARDED | 60cb287d-frame_000165__ann24__rain_environment__9774ef23.jpg
2026-04-14 19:53:32 | INFO     | curation.curator | Curated → DISCARDED | 60cb287d-frame_000165__ann24__night_scene__95ec9b70.jpg
2026-04-14 19:53:32 | INFO     | curation.curator | Curated → DISCARDED | 60cb287d-frame_000165__ann24__snow_environment__5bbb4ac2.jpg
2026-04-14 19:53:32 | INFO     | curation.curator | Curated → GOLD | 60cb287d-frame_000165__ann24__indoor_wall_texture__2b34f7a5.jpg
2026-04-14 19:53:32 | INFO     | curation.curator | Curated → DISCARDED | 60cb287d-frame_000165__ann24__foggy_exterior__ea77abf5.jpg
2026-04-14 19:53:32 | INFO     | generation.augmenter | Augmenting | ann=28 | prompt=rain_environment | req=7e69a623
2026-04-14 19:53:38 | INFO     | curation.curator | Curated → DISCARDED | 60cb287d-frame_000165__ann25__rain_environment__b2e4b98f.jpg
2026-04-14 19:53:38 | INFO     | curation.curator | Curated → GOLD | 60cb287d-frame_000165__ann25__night_scene__664dee48.jpg
2026-04-14 19:53:38 | INFO     | curation.curator | Curated → DISCARDED | 60cb287d-frame_000165__ann25__snow_environment__491d73cd.jpg
2026-04-14 19:53:38 | INFO     | curation.curator | Curated → GOLD | 60cb287d-frame_000165__ann25__indoor_wall_texture__b9eaa8d7.jpg
2026-04-14 19:53:38 | INFO     | curation.curator | Curated → DISCARDED | 60cb287d-frame_000165__ann25__foggy_exterior__9c63ac13.jpg
2026-04-14 19:53:38 | INFO     | generation.augmenter | Augmenting | ann=29 | prompt=rain_environment | req=d6f46a29
2026-04-14 19:53:44 | INFO     | curation.curator | Curated → GOLD | 986e8a84-frame_000170__ann26__rain_environment__474c3fc6.jpg
2026-04-14 19:53:44 | INFO     | curation.curator | Curated → GOLD | 986e8a84-frame_000170__ann26__night_scene__18449ba7.jpg
2026-04-14 19:53:44 | INFO     | curation.curator | Curated → GOLD | 986e8a84-frame_000170__ann26__snow_environment__98ddc221.jpg
2026-04-14 19:53:44 | INFO     | curation.curator | Curated → GOLD | 986e8a84-frame_000170__ann26__indoor_wall_texture__9b58e553.jpg
2026-04-14 19:53:44 | INFO     | curation.curator | Curated → GOLD | 986e8a84-frame_000170__ann26__foggy_exterior__69954d09.jpg
2026-04-14 19:53:44 | INFO     | generation.augmenter | Augmenting | ann=30 | prompt=rain_environment | req=463fb2d2
2026-04-14 19:53:50 | INFO     | curation.curator | Curated → DISCARDED | 986e8a84-frame_000170__ann27__rain_environment__afa1d5e8.jpg
2026-04-14 19:53:50 | INFO     | curation.curator | Curated → GOLD | 986e8a84-frame_000170__ann27__night_scene__40b440bb.jpg
2026-04-14 19:53:50 | INFO     | curation.curator | Curated → DISCARDED | 986e8a84-frame_000170__ann27__snow_environment__d9501f8c.jpg
2026-04-14 19:53:50 | INFO     | curation.curator | Curated → GOLD | 986e8a84-frame_000170__ann27__indoor_wall_texture__39eb4029.jpg
2026-04-14 19:53:50 | INFO     | curation.curator | Curated → DISCARDED | 986e8a84-frame_000170__ann27__foggy_exterior__85798872.jpg
2026-04-14 19:53:50 | INFO     | generation.augmenter | Augmenting | ann=31 | prompt=rain_environment | req=b237d907
2026-04-14 19:53:56 | INFO     | generation.augmenter | Augmenting | ann=28 | prompt=night_scene | req=e33b044c
2026-04-14 19:54:02 | INFO     | generation.augmenter | Augmenting | ann=29 | prompt=night_scene | req=46c5285a
2026-04-14 19:54:08 | INFO     | generation.augmenter | Augmenting | ann=30 | prompt=night_scene | req=99f64fbf
2026-04-14 19:54:14 | INFO     | generation.augmenter | Augmenting | ann=31 | prompt=night_scene | req=19f4afda
2026-04-14 19:54:20 | INFO     | generation.augmenter | Augmenting | ann=28 | prompt=snow_environment | req=9439ef48
2026-04-14 19:54:26 | INFO     | generation.augmenter | Augmenting | ann=29 | prompt=snow_environment | req=a33d8258
2026-04-14 19:54:32 | INFO     | generation.augmenter | Augmenting | ann=30 | prompt=snow_environment | req=59fc542c
2026-04-14 19:54:38 | INFO     | generation.augmenter | Augmenting | ann=31 | prompt=snow_environment | req=c3332a12
2026-04-14 19:54:44 | INFO     | generation.augmenter | Augmenting | ann=28 | prompt=indoor_wall_texture | req=293730a9
2026-04-14 19:54:50 | INFO     | generation.augmenter | Augmenting | ann=29 | prompt=indoor_wall_texture | req=3307a3c7
2026-04-14 19:54:56 | INFO     | generation.augmenter | Augmenting | ann=30 | prompt=indoor_wall_texture | req=b116a7b0
2026-04-14 19:55:02 | INFO     | generation.augmenter | Augmenting | ann=31 | prompt=indoor_wall_texture | req=2ccc764c
2026-04-14 19:55:08 | INFO     | generation.augmenter | Augmenting | ann=28 | prompt=foggy_exterior | req=36285d8e
2026-04-14 19:55:14 | INFO     | generation.augmenter | Augmenting | ann=29 | prompt=foggy_exterior | req=fe3d054d
2026-04-14 19:55:20 | INFO     | generation.augmenter | Augmenting | ann=30 | prompt=foggy_exterior | req=da58b617
2026-04-14 19:55:26 | INFO     | generation.augmenter | Augmenting | ann=31 | prompt=foggy_exterior | req=db93e77b
2026-04-14 19:55:32 | INFO     | curation.curator | Curated → DISCARDED | 986e8a84-frame_000170__ann28__rain_environment__7e69a623.jpg
2026-04-14 19:55:32 | INFO     | curation.curator | Curated → GOLD | 986e8a84-frame_000170__ann28__night_scene__e33b044c.jpg
2026-04-14 19:55:32 | INFO     | curation.curator | Curated → DISCARDED | 986e8a84-frame_000170__ann28__snow_environment__9439ef48.jpg
2026-04-14 19:55:32 | INFO     | curation.curator | Curated → GOLD | 986e8a84-frame_000170__ann28__indoor_wall_texture__293730a9.jpg
2026-04-14 19:55:32 | INFO     | curation.curator | Curated → DISCARDED | 986e8a84-frame_000170__ann28__foggy_exterior__36285d8e.jpg
2026-04-14 19:55:38 | INFO     | curation.curator | Curated → GOLD | 976c5bcb-frame_000185__ann29__rain_environment__d6f46a29.jpg
2026-04-14 19:55:38 | INFO     | curation.curator | Curated → GOLD | 976c5bcb-frame_000185__ann29__night_scene__46c5285a.jpg
2026-04-14 19:55:38 | INFO     | curation.curator | Curated → GOLD | 976c5bcb-frame_000185__ann29__snow_environment__a33d8258.jpg
2026-04-14 19:55:38 | INFO     | curation.curator | Curated → GOLD | 976c5bcb-frame_000185__ann29__indoor_wall_texture__3307a3c7.jpg
2026-04-14 19:55:38 | INFO     | curation.curator | Curated → GOLD | 976c5bcb-frame_000185__ann29__foggy_exterior__fe3d054d.jpg
2026-04-14 19:55:44 | INFO     | curation.curator | Curated → DISCARDED | 976c5bcb-frame_000185__ann30__rain_environment__463fb2d2.jpg
2026-04-14 19:55:44 | INFO     | curation.curator | Curated → GOLD | 976c5bcb-frame_000185__ann30__night_scene__99f64fbf.jpg
2026-04-14 19:55:44 | INFO     | curation.curator | Curated → DISCARDED | 976c5bcb-frame_000185__ann30__snow_environment__59fc542c.jpg
2026-04-14 19:55:44 | INFO     | curation.curator | Curated → GOLD | 976c5bcb-frame_000185__ann30__indoor_wall_texture__b116a7b0.jpg
2026-04-14 19:55:44 | INFO     | curation.curator | Curated → DISCARDED | 976c5bcb-frame_000185__ann30__foggy_exterior__da58b617.jpg
2026-04-14 19:55:50 | INFO     | curation.curator | Curated → DISCARDED | 976c5bcb-frame_000185__ann31__rain_environment__b237d907.jpg
2026-04-14 19:55:50 | INFO     | curation.curator | Curated → GOLD | 976c5bcb-frame_000185__ann31__night_scene__19f4afda.jpg
2026-04-14 19:55:50 | INFO     | curation.curator | Curated → DISCARDED | 976c5bcb-frame_000185__ann31__snow_environment__c3332a12.jpg
2026-04-14 19:55:50 | INFO     | curation.curator | Curated → GOLD | 976c5bcb-frame_000185__ann31__indoor_wall_texture__2ccc764c.jpg
2026-04-14 19:55:50 | INFO     | curation.curator | Curated → DISCARDED | 976c5bcb-frame_000185__ann31__foggy_exterior__db93e77b.jpg
2026-04-14 19:55:50 | INFO     | generation.augmenter | Augmenting | ann=32 | prompt=rain_environment | req=35ad9fdb
2026-04-14 19:55:50 | INFO     | generation.augmenter | Augmenting | ann=33 | prompt=rain_environment | req=116f1c17
2026-04-14 19:55:50 | INFO     | generation.augmenter | Augmenting | ann=34 | prompt=rain_environment | req=b1a37441
2026-04-14 19:55:50 | INFO     | generation.augmenter | Augmenting | ann=35 | prompt=rain_environment | req=030fd385
2026-04-14 19:55:56 | INFO     | generation.augmenter | Augmenting | ann=32 | prompt=night_scene | req=ad2d5ae3
2026-04-14 19:56:02 | INFO     | generation.augmenter | Augmenting | ann=33 | prompt=night_scene | req=2f64a08d
2026-04-14 19:56:08 | INFO     | generation.augmenter | Augmenting | ann=34 | prompt=night_scene | req=6c8b779b
2026-04-14 19:56:14 | INFO     | generation.augmenter | Augmenting | ann=35 | prompt=night_scene | req=3c0775a1
2026-04-14 19:56:20 | INFO     | generation.augmenter | Augmenting | ann=32 | prompt=snow_environment | req=12bafbec
2026-04-14 19:56:26 | INFO     | generation.augmenter | Augmenting | ann=33 | prompt=snow_environment | req=f2229e93
2026-04-14 19:56:32 | INFO     | generation.augmenter | Augmenting | ann=34 | prompt=snow_environment | req=155ac87c
2026-04-14 19:56:38 | INFO     | generation.augmenter | Augmenting | ann=35 | prompt=snow_environment | req=62c68b2a
2026-04-14 19:56:44 | INFO     | generation.augmenter | Augmenting | ann=32 | prompt=indoor_wall_texture | req=080da202
2026-04-14 19:56:50 | INFO     | generation.augmenter | Augmenting | ann=33 | prompt=indoor_wall_texture | req=30c39b76
2026-04-14 19:56:56 | INFO     | generation.augmenter | Augmenting | ann=34 | prompt=indoor_wall_texture | req=62f6ebc7
2026-04-14 19:57:02 | INFO     | generation.augmenter | Augmenting | ann=35 | prompt=indoor_wall_texture | req=3da099f3
2026-04-14 19:57:08 | INFO     | generation.augmenter | Augmenting | ann=32 | prompt=foggy_exterior | req=23227b87
2026-04-14 19:57:14 | INFO     | generation.augmenter | Augmenting | ann=33 | prompt=foggy_exterior | req=53c3a725
2026-04-14 19:57:20 | INFO     | generation.augmenter | Augmenting | ann=34 | prompt=foggy_exterior | req=722c73a8
2026-04-14 19:57:26 | INFO     | generation.augmenter | Augmenting | ann=35 | prompt=foggy_exterior | req=fa211292
2026-04-14 19:57:32 | INFO     | curation.curator | Curated → GOLD | 87ebc59e-frame_000209__ann32__rain_environment__35ad9fdb.jpg
2026-04-14 19:57:32 | INFO     | curation.curator | Curated → GOLD | 87ebc59e-frame_000209__ann32__night_scene__ad2d5ae3.jpg
2026-04-14 19:57:32 | INFO     | curation.curator | Curated → GOLD | 87ebc59e-frame_000209__ann32__snow_environment__12bafbec.jpg
2026-04-14 19:57:32 | INFO     | curation.curator | Curated → GOLD | 87ebc59e-frame_000209__ann32__indoor_wall_texture__080da202.jpg
2026-04-14 19:57:32 | INFO     | curation.curator | Curated → GOLD | 87ebc59e-frame_000209__ann32__foggy_exterior__23227b87.jpg
2026-04-14 19:57:32 | INFO     | generation.augmenter | Augmenting | ann=36 | prompt=rain_environment | req=4486741a
2026-04-14 19:57:38 | INFO     | curation.curator | Curated → GOLD | 87ebc59e-frame_000209__ann33__rain_environment__116f1c17.jpg
2026-04-14 19:57:38 | INFO     | curation.curator | Curated → GOLD | 87ebc59e-frame_000209__ann33__night_scene__2f64a08d.jpg
2026-04-14 19:57:38 | INFO     | curation.curator | Curated → DISCARDED | 87ebc59e-frame_000209__ann33__snow_environment__f2229e93.jpg
2026-04-14 19:57:38 | INFO     | curation.curator | Curated → GOLD | 87ebc59e-frame_000209__ann33__indoor_wall_texture__30c39b76.jpg
2026-04-14 19:57:38 | INFO     | curation.curator | Curated → GOLD | 87ebc59e-frame_000209__ann33__foggy_exterior__53c3a725.jpg
2026-04-14 19:57:38 | INFO     | generation.augmenter | Augmenting | ann=37 | prompt=rain_environment | req=bd56aacd
2026-04-14 19:57:44 | INFO     | curation.curator | Curated → GOLD | 87ebc59e-frame_000209__ann34__rain_environment__b1a37441.jpg
2026-04-14 19:57:44 | INFO     | curation.curator | Curated → GOLD | 87ebc59e-frame_000209__ann34__night_scene__6c8b779b.jpg
2026-04-14 19:57:44 | INFO     | curation.curator | Curated → DISCARDED | 87ebc59e-frame_000209__ann34__snow_environment__155ac87c.jpg
2026-04-14 19:57:44 | INFO     | curation.curator | Curated → GOLD | 87ebc59e-frame_000209__ann34__indoor_wall_texture__62f6ebc7.jpg
2026-04-14 19:57:44 | INFO     | curation.curator | Curated → GOLD | 87ebc59e-frame_000209__ann34__foggy_exterior__722c73a8.jpg
2026-04-14 19:57:44 | INFO     | generation.augmenter | Augmenting | ann=38 | prompt=rain_environment | req=7a6e4a83
2026-04-14 19:57:50 | INFO     | curation.curator | Curated → GOLD | 2088607c-frame_000212__ann35__rain_environment__030fd385.jpg
2026-04-14 19:57:50 | INFO     | curation.curator | Curated → GOLD | 2088607c-frame_000212__ann35__night_scene__3c0775a1.jpg
2026-04-14 19:57:50 | INFO     | curation.curator | Curated → GOLD | 2088607c-frame_000212__ann35__snow_environment__62c68b2a.jpg
2026-04-14 19:57:50 | INFO     | curation.curator | Curated → GOLD | 2088607c-frame_000212__ann35__indoor_wall_texture__3da099f3.jpg
2026-04-14 19:57:50 | INFO     | curation.curator | Curated → GOLD | 2088607c-frame_000212__ann35__foggy_exterior__fa211292.jpg
2026-04-14 19:57:50 | INFO     | generation.augmenter | Augmenting | ann=39 | prompt=rain_environment | req=02d9e0a1
2026-04-14 19:57:56 | INFO     | generation.augmenter | Augmenting | ann=36 | prompt=night_scene | req=431d0c9b
2026-04-14 19:58:02 | INFO     | generation.augmenter | Augmenting | ann=37 | prompt=night_scene | req=efe5c206
2026-04-14 19:58:08 | INFO     | generation.augmenter | Augmenting | ann=38 | prompt=night_scene | req=46f3686f
2026-04-14 19:58:14 | INFO     | generation.augmenter | Augmenting | ann=39 | prompt=night_scene | req=3bfafbe1
2026-04-14 19:58:20 | INFO     | generation.augmenter | Augmenting | ann=36 | prompt=snow_environment | req=d02c405d
2026-04-14 19:58:26 | INFO     | generation.augmenter | Augmenting | ann=37 | prompt=snow_environment | req=4e27c714
2026-04-14 19:58:32 | INFO     | generation.augmenter | Augmenting | ann=38 | prompt=snow_environment | req=2a82250d
2026-04-14 19:58:38 | INFO     | generation.augmenter | Augmenting | ann=39 | prompt=snow_environment | req=0eee7037
2026-04-14 19:58:44 | INFO     | generation.augmenter | Augmenting | ann=36 | prompt=indoor_wall_texture | req=32adf8c3
2026-04-14 19:58:50 | INFO     | generation.augmenter | Augmenting | ann=37 | prompt=indoor_wall_texture | req=e524c3e9
2026-04-14 19:58:56 | INFO     | generation.augmenter | Augmenting | ann=38 | prompt=indoor_wall_texture | req=660f61f7
2026-04-14 19:59:02 | INFO     | generation.augmenter | Augmenting | ann=39 | prompt=indoor_wall_texture | req=9d969382
2026-04-14 19:59:08 | INFO     | generation.augmenter | Augmenting | ann=36 | prompt=foggy_exterior | req=7c0f75bf
2026-04-14 19:59:14 | INFO     | generation.augmenter | Augmenting | ann=37 | prompt=foggy_exterior | req=c7cbe30e
2026-04-14 19:59:20 | INFO     | generation.augmenter | Augmenting | ann=38 | prompt=foggy_exterior | req=04131722
2026-04-14 19:59:26 | INFO     | generation.augmenter | Augmenting | ann=39 | prompt=foggy_exterior | req=b260287e
2026-04-14 19:59:32 | INFO     | curation.curator | Curated → GOLD | 2088607c-frame_000212__ann36__rain_environment__4486741a.jpg
2026-04-14 19:59:32 | INFO     | curation.curator | Curated → GOLD | 2088607c-frame_000212__ann36__night_scene__431d0c9b.jpg
2026-04-14 19:59:32 | INFO     | curation.curator | Curated → GOLD | 2088607c-frame_000212__ann36__snow_environment__d02c405d.jpg
2026-04-14 19:59:32 | INFO     | curation.curator | Curated → GOLD | 2088607c-frame_000212__ann36__indoor_wall_texture__32adf8c3.jpg
2026-04-14 19:59:32 | INFO     | curation.curator | Curated → GOLD | 2088607c-frame_000212__ann36__foggy_exterior__7c0f75bf.jpg
2026-04-14 19:59:38 | INFO     | curation.curator | Curated → DISCARDED | 2088607c-frame_000212__ann37__rain_environment__bd56aacd.jpg
2026-04-14 19:59:38 | INFO     | curation.curator | Curated → GOLD | 2088607c-frame_000212__ann37__night_scene__efe5c206.jpg
2026-04-14 19:59:38 | INFO     | curation.curator | Curated → DISCARDED | 2088607c-frame_000212__ann37__snow_environment__4e27c714.jpg
2026-04-14 19:59:38 | INFO     | curation.curator | Curated → GOLD | 2088607c-frame_000212__ann37__indoor_wall_texture__e524c3e9.jpg
2026-04-14 19:59:38 | INFO     | curation.curator | Curated → DISCARDED | 2088607c-frame_000212__ann37__foggy_exterior__c7cbe30e.jpg
2026-04-14 19:59:44 | INFO     | curation.curator | Curated → GOLD | 186961d7-frame_000217__ann38__rain_environment__7a6e4a83.jpg
2026-04-14 19:59:44 | INFO     | curation.curator | Curated → GOLD | 186961d7-frame_000217__ann38__night_scene__46f3686f.jpg
2026-04-14 19:59:44 | INFO     | curation.curator | Curated → GOLD | 186961d7-frame_000217__ann38__snow_environment__2a82250d.jpg
2026-04-14 19:59:44 | INFO     | curation.curator | Curated → GOLD | 186961d7-frame_000217__ann38__indoor_wall_texture__660f61f7.jpg
2026-04-14 19:59:44 | INFO     | curation.curator | Curated → GOLD | 186961d7-frame_000217__ann38__foggy_exterior__04131722.jpg
2026-04-14 19:59:50 | INFO     | curation.curator | Curated → GOLD | 186961d7-frame_000217__ann39__rain_environment__02d9e0a1.jpg
2026-04-14 19:59:50 | INFO     | curation.curator | Curated → GOLD | 186961d7-frame_000217__ann39__night_scene__3bfafbe1.jpg
2026-04-14 19:59:50 | INFO     | curation.curator | Curated → GOLD | 186961d7-frame_000217__ann39__snow_environment__0eee7037.jpg
2026-04-14 19:59:50 | INFO     | curation.curator | Curated → GOLD | 186961d7-frame_000217__ann39__indoor_wall_texture__9d969382.jpg
2026-04-14 19:59:50 | INFO     | curation.curator | Curated → GOLD | 186961d7-frame_000217__ann39__foggy_exterior__b260287e.jpg
2026-04-14 19:59:50 | INFO     | generation.augmenter | Augmenting | ann=40 | prompt=rain_environment | req=42854f66
2026-04-14 19:59:50 | INFO     | generation.augmenter | Augmenting | ann=41 | prompt=rain_environment | req=7f902fe9
2026-04-14 19:59:50 | INFO     | generation.augmenter | Augmenting | ann=42 | prompt=rain_environment | req=4b39c6f7
2026-04-14 19:59:50 | INFO     | generation.augmenter | Augmenting | ann=43 | prompt=rain_environment | req=fc031511
2026-04-14 19:59:56 | INFO     | generation.augmenter | Augmenting | ann=40 | prompt=night_scene | req=ce965b18
2026-04-14 20:00:02 | INFO     | generation.augmenter | Augmenting | ann=41 | prompt=night_scene | req=a78a6f29
2026-04-14 20:00:08 | INFO     | generation.augmenter | Augmenting | ann=42 | prompt=night_scene | req=7bfceb3f
2026-04-14 20:00:14 | INFO     | generation.augmenter | Augmenting | ann=43 | prompt=night_scene | req=1df655f2
2026-04-14 20:00:20 | INFO     | generation.augmenter | Augmenting | ann=40 | prompt=snow_environment | req=6a00da37
2026-04-14 20:00:26 | INFO     | generation.augmenter | Augmenting | ann=41 | prompt=snow_environment | req=3ad42188
2026-04-14 20:00:32 | INFO     | generation.augmenter | Augmenting | ann=42 | prompt=snow_environment | req=ae9a505a
2026-04-14 20:00:38 | INFO     | generation.augmenter | Augmenting | ann=43 | prompt=snow_environment | req=a322cd37
2026-04-14 20:00:44 | INFO     | generation.augmenter | Augmenting | ann=40 | prompt=indoor_wall_texture | req=a6ab2d22
2026-04-14 20:00:50 | INFO     | generation.augmenter | Augmenting | ann=41 | prompt=indoor_wall_texture | req=f7f6d12e
2026-04-14 20:00:56 | INFO     | generation.augmenter | Augmenting | ann=42 | prompt=indoor_wall_texture | req=d5e2999c
2026-04-14 20:01:02 | INFO     | generation.augmenter | Augmenting | ann=43 | prompt=indoor_wall_texture | req=c1aadd1c
2026-04-14 20:01:08 | INFO     | generation.augmenter | Augmenting | ann=40 | prompt=foggy_exterior | req=ecff254a
2026-04-14 20:01:14 | INFO     | generation.augmenter | Augmenting | ann=41 | prompt=foggy_exterior | req=5c4b42b3
2026-04-14 20:01:20 | INFO     | generation.augmenter | Augmenting | ann=42 | prompt=foggy_exterior | req=1fac1924
2026-04-14 20:01:26 | INFO     | generation.augmenter | Augmenting | ann=43 | prompt=foggy_exterior | req=98329d65
2026-04-14 20:01:32 | INFO     | curation.curator | Curated → GOLD | 186961d7-frame_000217__ann40__rain_environment__42854f66.jpg
2026-04-14 20:01:32 | INFO     | curation.curator | Curated → GOLD | 186961d7-frame_000217__ann40__night_scene__ce965b18.jpg
2026-04-14 20:01:32 | INFO     | curation.curator | Curated → DISCARDED | 186961d7-frame_000217__ann40__snow_environment__6a00da37.jpg
2026-04-14 20:01:32 | INFO     | curation.curator | Curated → GOLD | 186961d7-frame_000217__ann40__indoor_wall_texture__a6ab2d22.jpg
2026-04-14 20:01:32 | INFO     | curation.curator | Curated → GOLD | 186961d7-frame_000217__ann40__foggy_exterior__ecff254a.jpg
2026-04-14 20:01:32 | INFO     | generation.augmenter | Augmenting | ann=44 | prompt=rain_environment | req=c577453e
2026-04-14 20:01:38 | INFO     | curation.curator | Curated → GOLD | b3f6b011-frame_000238__ann41__rain_environment__7f902fe9.jpg
2026-04-14 20:01:38 | INFO     | curation.curator | Curated → GOLD | b3f6b011-frame_000238__ann41__night_scene__a78a6f29.jpg
2026-04-14 20:01:38 | INFO     | curation.curator | Curated → GOLD | b3f6b011-frame_000238__ann41__snow_environment__3ad42188.jpg
2026-04-14 20:01:38 | INFO     | curation.curator | Curated → GOLD | b3f6b011-frame_000238__ann41__indoor_wall_texture__f7f6d12e.jpg
2026-04-14 20:01:38 | INFO     | curation.curator | Curated → GOLD | b3f6b011-frame_000238__ann41__foggy_exterior__5c4b42b3.jpg
2026-04-14 20:01:38 | INFO     | generation.augmenter | Augmenting | ann=45 | prompt=rain_environment | req=010f792f
2026-04-14 20:01:44 | INFO     | curation.curator | Curated → GOLD | b3f6b011-frame_000238__ann42__rain_environment__4b39c6f7.jpg
2026-04-14 20:01:44 | INFO     | curation.curator | Curated → GOLD | b3f6b011-frame_000238__ann42__night_scene__7bfceb3f.jpg
2026-04-14 20:01:44 | INFO     | curation.curator | Curated → DISCARDED | b3f6b011-frame_000238__ann42__snow_environment__ae9a505a.jpg
2026-04-14 20:01:44 | INFO     | curation.curator | Curated → GOLD | b3f6b011-frame_000238__ann42__indoor_wall_texture__d5e2999c.jpg
2026-04-14 20:01:44 | INFO     | curation.curator | Curated → GOLD | b3f6b011-frame_000238__ann42__foggy_exterior__1fac1924.jpg
2026-04-14 20:01:44 | INFO     | generation.augmenter | Augmenting | ann=46 | prompt=rain_environment | req=8402648d
2026-04-14 20:01:50 | INFO     | curation.curator | Curated → GOLD | b3f6b011-frame_000238__ann43__rain_environment__fc031511.jpg
2026-04-14 20:01:50 | INFO     | curation.curator | Curated → GOLD | b3f6b011-frame_000238__ann43__night_scene__1df655f2.jpg
2026-04-14 20:01:50 | INFO     | curation.curator | Curated → DISCARDED | b3f6b011-frame_000238__ann43__snow_environment__a322cd37.jpg
2026-04-14 20:01:50 | INFO     | curation.curator | Curated → GOLD | b3f6b011-frame_000238__ann43__indoor_wall_texture__c1aadd1c.jpg
2026-04-14 20:01:50 | INFO     | curation.curator | Curated → GOLD | b3f6b011-frame_000238__ann43__foggy_exterior__98329d65.jpg
2026-04-14 20:01:50 | INFO     | generation.augmenter | Augmenting | ann=47 | prompt=rain_environment | req=ad7281b4
2026-04-14 20:01:56 | INFO     | generation.augmenter | Augmenting | ann=44 | prompt=night_scene | req=1fb450f2
2026-04-14 20:02:02 | INFO     | generation.augmenter | Augmenting | ann=45 | prompt=night_scene | req=1f5133a9
2026-04-14 20:02:08 | INFO     | generation.augmenter | Augmenting | ann=46 | prompt=night_scene | req=291c70ba
2026-04-14 20:02:14 | INFO     | generation.augmenter | Augmenting | ann=47 | prompt=night_scene | req=5561944b
2026-04-14 20:02:20 | INFO     | generation.augmenter | Augmenting | ann=44 | prompt=snow_environment | req=7f9d298a
2026-04-14 20:02:26 | INFO     | generation.augmenter | Augmenting | ann=45 | prompt=snow_environment | req=7f7d29c2
2026-04-14 20:02:32 | INFO     | generation.augmenter | Augmenting | ann=46 | prompt=snow_environment | req=491a397e
2026-04-14 20:02:38 | INFO     | generation.augmenter | Augmenting | ann=47 | prompt=snow_environment | req=8a283f35
2026-04-14 20:02:44 | INFO     | generation.augmenter | Augmenting | ann=44 | prompt=indoor_wall_texture | req=2844ac15
2026-04-14 20:02:50 | INFO     | generation.augmenter | Augmenting | ann=45 | prompt=indoor_wall_texture | req=7b8a1bf9
2026-04-14 20:02:56 | INFO     | generation.augmenter | Augmenting | ann=46 | prompt=indoor_wall_texture | req=3733178f
2026-04-14 20:03:02 | INFO     | generation.augmenter | Augmenting | ann=47 | prompt=indoor_wall_texture | req=24e1b66e
2026-04-14 20:03:08 | INFO     | generation.augmenter | Augmenting | ann=44 | prompt=foggy_exterior | req=48d4c600
2026-04-14 20:03:14 | INFO     | generation.augmenter | Augmenting | ann=45 | prompt=foggy_exterior | req=9ed3a818
2026-04-14 20:03:20 | INFO     | generation.augmenter | Augmenting | ann=46 | prompt=foggy_exterior | req=ee50f7bc
2026-04-14 20:03:26 | INFO     | generation.augmenter | Augmenting | ann=47 | prompt=foggy_exterior | req=e7580ee7
2026-04-14 20:03:32 | INFO     | curation.curator | Curated → GOLD | 752fdec9-frame_000252__ann44__rain_environment__c577453e.jpg
2026-04-14 20:03:32 | INFO     | curation.curator | Curated → GOLD | 752fdec9-frame_000252__ann44__night_scene__1fb450f2.jpg
2026-04-14 20:03:32 | INFO     | curation.curator | Curated → GOLD | 752fdec9-frame_000252__ann44__snow_environment__7f9d298a.jpg
2026-04-14 20:03:32 | INFO     | curation.curator | Curated → GOLD | 752fdec9-frame_000252__ann44__indoor_wall_texture__2844ac15.jpg
2026-04-14 20:03:32 | INFO     | curation.curator | Curated → GOLD | 752fdec9-frame_000252__ann44__foggy_exterior__48d4c600.jpg
2026-04-14 20:03:38 | INFO     | curation.curator | Curated → GOLD | 752fdec9-frame_000252__ann45__rain_environment__010f792f.jpg
2026-04-14 20:03:38 | INFO     | curation.curator | Curated → GOLD | 752fdec9-frame_000252__ann45__night_scene__1f5133a9.jpg
2026-04-14 20:03:38 | INFO     | curation.curator | Curated → GOLD | 752fdec9-frame_000252__ann45__snow_environment__7f7d29c2.jpg
2026-04-14 20:03:38 | INFO     | curation.curator | Curated → GOLD | 752fdec9-frame_000252__ann45__indoor_wall_texture__7b8a1bf9.jpg
2026-04-14 20:03:38 | INFO     | curation.curator | Curated → GOLD | 752fdec9-frame_000252__ann45__foggy_exterior__9ed3a818.jpg
2026-04-14 20:03:44 | INFO     | curation.curator | Curated → DISCARDED | 752fdec9-frame_000252__ann46__rain_environment__8402648d.jpg
2026-04-14 20:03:44 | INFO     | curation.curator | Curated → GOLD | 752fdec9-frame_000252__ann46__night_scene__291c70ba.jpg
2026-04-14 20:03:44 | INFO     | curation.curator | Curated → DISCARDED | 752fdec9-frame_000252__ann46__snow_environment__491a397e.jpg
2026-04-14 20:03:44 | INFO     | curation.curator | Curated → GOLD | 752fdec9-frame_000252__ann46__indoor_wall_texture__3733178f.jpg
2026-04-14 20:03:44 | INFO     | curation.curator | Curated → DISCARDED | 752fdec9-frame_000252__ann46__foggy_exterior__ee50f7bc.jpg
2026-04-14 20:03:50 | INFO     | curation.curator | Curated → GOLD | ee068513-frame_000253__ann47__rain_environment__ad7281b4.jpg
2026-04-14 20:03:50 | INFO     | curation.curator | Curated → GOLD | ee068513-frame_000253__ann47__night_scene__5561944b.jpg
2026-04-14 20:03:50 | INFO     | curation.curator | Curated → GOLD | ee068513-frame_000253__ann47__snow_environment__8a283f35.jpg
2026-04-14 20:03:50 | INFO     | curation.curator | Curated → GOLD | ee068513-frame_000253__ann47__indoor_wall_texture__24e1b66e.jpg
2026-04-14 20:03:50 | INFO     | curation.curator | Curated → GOLD | ee068513-frame_000253__ann47__foggy_exterior__e7580ee7.jpg
2026-04-14 20:03:50 | INFO     | generation.augmenter | Augmenting | ann=48 | prompt=rain_environment | req=6684e71f
2026-04-14 20:03:50 | INFO     | generation.augmenter | Augmenting | ann=49 | prompt=rain_environment | req=09ca8080
2026-04-14 20:03:50 | INFO     | generation.augmenter | Augmenting | ann=50 | prompt=rain_environment | req=d10d27b2
2026-04-14 20:03:50 | INFO     | generation.augmenter | Augmenting | ann=51 | prompt=rain_environment | req=3e81fa2b
2026-04-14 20:03:56 | INFO     | generation.augmenter | Augmenting | ann=48 | prompt=night_scene | req=9335e9ce
2026-04-14 20:04:02 | INFO     | generation.augmenter | Augmenting | ann=49 | prompt=night_scene | req=e203a332
2026-04-14 20:04:08 | INFO     | generation.augmenter | Augmenting | ann=50 | prompt=night_scene | req=c8e8e22a
2026-04-14 20:04:14 | INFO     | generation.augmenter | Augmenting | ann=51 | prompt=night_scene | req=a42cfa38
2026-04-14 20:04:20 | INFO     | generation.augmenter | Augmenting | ann=48 | prompt=snow_environment | req=d9ec0cb3
2026-04-14 20:04:26 | INFO     | generation.augmenter | Augmenting | ann=49 | prompt=snow_environment | req=2a0949e2
2026-04-14 20:04:32 | INFO     | generation.augmenter | Augmenting | ann=50 | prompt=snow_environment | req=946d1b25
2026-04-14 20:04:38 | INFO     | generation.augmenter | Augmenting | ann=51 | prompt=snow_environment | req=d41c9ccf
2026-04-14 20:04:44 | INFO     | generation.augmenter | Augmenting | ann=48 | prompt=indoor_wall_texture | req=daed9d6e
2026-04-14 20:04:50 | INFO     | generation.augmenter | Augmenting | ann=49 | prompt=indoor_wall_texture | req=9da06bd9
2026-04-14 20:04:56 | INFO     | generation.augmenter | Augmenting | ann=50 | prompt=indoor_wall_texture | req=469c5ac9
2026-04-14 20:05:02 | INFO     | generation.augmenter | Augmenting | ann=51 | prompt=indoor_wall_texture | req=946a8964
2026-04-14 20:05:08 | INFO     | generation.augmenter | Augmenting | ann=48 | prompt=foggy_exterior | req=624eea37
2026-04-14 20:05:14 | INFO     | generation.augmenter | Augmenting | ann=49 | prompt=foggy_exterior | req=526f86df
2026-04-14 20:05:20 | INFO     | generation.augmenter | Augmenting | ann=50 | prompt=foggy_exterior | req=b0682ed4
2026-04-14 20:05:26 | INFO     | generation.augmenter | Augmenting | ann=51 | prompt=foggy_exterior | req=7b25e6ee
2026-04-14 20:05:32 | INFO     | curation.curator | Curated → GOLD | ee068513-frame_000253__ann48__rain_environment__6684e71f.jpg
2026-04-14 20:05:32 | INFO     | curation.curator | Curated → GOLD | ee068513-frame_000253__ann48__night_scene__9335e9ce.jpg
2026-04-14 20:05:32 | INFO     | curation.curator | Curated → DISCARDED | ee068513-frame_000253__ann48__snow_environment__d9ec0cb3.jpg
2026-04-14 20:05:32 | INFO     | curation.curator | Curated → GOLD | ee068513-frame_000253__ann48__indoor_wall_texture__daed9d6e.jpg
2026-04-14 20:05:32 | INFO     | curation.curator | Curated → GOLD | ee068513-frame_000253__ann48__foggy_exterior__624eea37.jpg
2026-04-14 20:05:32 | INFO     | generation.augmenter | Augmenting | ann=52 | prompt=rain_environment | req=ed00cfde
2026-04-14 20:05:38 | INFO     | curation.curator | Curated → GOLD | ee068513-frame_000253__ann49__rain_environment__09ca8080.jpg
2026-04-14 20:05:38 | INFO     | curation.curator | Curated → GOLD | ee068513-frame_000253__ann49__night_scene__e203a332.jpg
2026-04-14 20:05:38 | INFO     | curation.curator | Curated → DISCARDED | ee068513-frame_000253__ann49__snow_environment__2a0949e2.jpg
2026-04-14 20:05:38 | INFO     | curation.curator | Curated → GOLD | ee068513-frame_000253__ann49__indoor_wall_texture__9da06bd9.jpg
2026-04-14 20:05:38 | INFO     | curation.curator | Curated → GOLD | ee068513-frame_000253__ann49__foggy_exterior__526f86df.jpg
2026-04-14 20:05:38 | INFO     | generation.augmenter | Augmenting | ann=53 | prompt=rain_environment | req=ad880dff
2026-04-14 20:05:44 | INFO     | curation.curator | Curated → DISCARDED | 5da9f566-frame_000263__ann50__rain_environment__d10d27b2.jpg
2026-04-14 20:05:44 | INFO     | curation.curator | Curated → GOLD | 5da9f566-frame_000263__ann50__night_scene__c8e8e22a.jpg
2026-04-14 20:05:44 | INFO     | curation.curator | Curated → DISCARDED | 5da9f566-frame_000263__ann50__snow_environment__946d1b25.jpg
2026-04-14 20:05:44 | INFO     | curation.curator | Curated → GOLD | 5da9f566-frame_000263__ann50__indoor_wall_texture__469c5ac9.jpg
2026-04-14 20:05:44 | INFO     | curation.curator | Curated → DISCARDED | 5da9f566-frame_000263__ann50__foggy_exterior__b0682ed4.jpg
2026-04-14 20:05:44 | INFO     | generation.augmenter | Augmenting | ann=54 | prompt=rain_environment | req=71024c6f
2026-04-14 20:05:50 | INFO     | curation.curator | Curated → GOLD | 5da9f566-frame_000263__ann51__rain_environment__3e81fa2b.jpg
2026-04-14 20:05:50 | INFO     | curation.curator | Curated → GOLD | 5da9f566-frame_000263__ann51__night_scene__a42cfa38.jpg
2026-04-14 20:05:50 | INFO     | curation.curator | Curated → DISCARDED | 5da9f566-frame_000263__ann51__snow_environment__d41c9ccf.jpg
2026-04-14 20:05:50 | INFO     | curation.curator | Curated → GOLD | 5da9f566-frame_000263__ann51__indoor_wall_texture__946a8964.jpg
2026-04-14 20:05:50 | INFO     | curation.curator | Curated → GOLD | 5da9f566-frame_000263__ann51__foggy_exterior__7b25e6ee.jpg
2026-04-14 20:05:50 | INFO     | generation.augmenter | Augmenting | ann=55 | prompt=rain_environment | req=d3f5acfa
2026-04-14 20:05:56 | INFO     | generation.augmenter | Augmenting | ann=52 | prompt=night_scene | req=347c8e8c
2026-04-14 20:06:02 | INFO     | generation.augmenter | Augmenting | ann=53 | prompt=night_scene | req=fd92345b
2026-04-14 20:06:08 | INFO     | generation.augmenter | Augmenting | ann=54 | prompt=night_scene | req=eab2a92e
2026-04-14 20:06:14 | INFO     | generation.augmenter | Augmenting | ann=55 | prompt=night_scene | req=c8e314eb
2026-04-14 20:06:20 | INFO     | generation.augmenter | Augmenting | ann=52 | prompt=snow_environment | req=1591f4e7
2026-04-14 20:06:26 | INFO     | generation.augmenter | Augmenting | ann=53 | prompt=snow_environment | req=187e6353
2026-04-14 20:06:32 | INFO     | generation.augmenter | Augmenting | ann=54 | prompt=snow_environment | req=c142947c
2026-04-14 20:06:38 | INFO     | generation.augmenter | Augmenting | ann=55 | prompt=snow_environment | req=19b66da6
2026-04-14 20:06:44 | INFO     | generation.augmenter | Augmenting | ann=52 | prompt=indoor_wall_texture | req=89939192
2026-04-14 20:06:50 | INFO     | generation.augmenter | Augmenting | ann=53 | prompt=indoor_wall_texture | req=c35eb9ae
2026-04-14 20:06:56 | INFO     | generation.augmenter | Augmenting | ann=54 | prompt=indoor_wall_texture | req=91276dd0
2026-04-14 20:07:02 | INFO     | generation.augmenter | Augmenting | ann=55 | prompt=indoor_wall_texture | req=5640a513
2026-04-14 20:07:08 | INFO     | generation.augmenter | Augmenting | ann=52 | prompt=foggy_exterior | req=aad2fd47
2026-04-14 20:07:14 | INFO     | generation.augmenter | Augmenting | ann=53 | prompt=foggy_exterior | req=71609eae
2026-04-14 20:07:20 | INFO     | generation.augmenter | Augmenting | ann=54 | prompt=foggy_exterior | req=73b86b4a
2026-04-14 20:07:26 | INFO     | generation.augmenter | Augmenting | ann=55 | prompt=foggy_exterior | req=92e3fa72
2026-04-14 20:07:32 | INFO     | curation.curator | Curated → GOLD | 5da9f566-frame_000263__ann52__rain_environment__ed00cfde.jpg
2026-04-14 20:07:32 | INFO     | curation.curator | Curated → GOLD | 5da9f566-frame_000263__ann52__night_scene__347c8e8c.jpg
2026-04-14 20:07:32 | INFO     | curation.curator | Curated → GOLD | 5da9f566-frame_000263__ann52__snow_environment__1591f4e7.jpg
2026-04-14 20:07:32 | INFO     | curation.curator | Curated → GOLD | 5da9f566-frame_000263__ann52__indoor_wall_texture__89939192.jpg
2026-04-14 20:07:32 | INFO     | curation.curator | Curated → GOLD | 5da9f566-frame_000263__ann52__foggy_exterior__aad2fd47.jpg
2026-04-14 20:07:38 | INFO     | curation.curator | Curated → GOLD | cacd9375-frame_000287__ann53__rain_environment__ad880dff.jpg
2026-04-14 20:07:38 | INFO     | curation.curator | Curated → GOLD | cacd9375-frame_000287__ann53__night_scene__fd92345b.jpg
2026-04-14 20:07:38 | INFO     | curation.curator | Curated → GOLD | cacd9375-frame_000287__ann53__snow_environment__187e6353.jpg
2026-04-14 20:07:38 | INFO     | curation.curator | Curated → GOLD | cacd9375-frame_000287__ann53__indoor_wall_texture__c35eb9ae.jpg
2026-04-14 20:07:38 | INFO     | curation.curator | Curated → GOLD | cacd9375-frame_000287__ann53__foggy_exterior__71609eae.jpg
2026-04-14 20:07:44 | INFO     | curation.curator | Curated → DISCARDED | cacd9375-frame_000287__ann54__rain_environment__71024c6f.jpg
2026-04-14 20:07:44 | INFO     | curation.curator | Curated → GOLD | cacd9375-frame_000287__ann54__night_scene__eab2a92e.jpg
2026-04-14 20:07:44 | INFO     | curation.curator | Curated → DISCARDED | cacd9375-frame_000287__ann54__snow_environment__c142947c.jpg
2026-04-14 20:07:44 | INFO     | curation.curator | Curated → DISCARDED | cacd9375-frame_000287__ann54__indoor_wall_texture__91276dd0.jpg
2026-04-14 20:07:44 | INFO     | curation.curator | Curated → DISCARDED | cacd9375-frame_000287__ann54__foggy_exterior__73b86b4a.jpg
2026-04-14 20:07:50 | INFO     | curation.curator | Curated → DISCARDED | cacd9375-frame_000287__ann55__rain_environment__d3f5acfa.jpg
2026-04-14 20:07:50 | INFO     | curation.curator | Curated → GOLD | cacd9375-frame_000287__ann55__night_scene__c8e314eb.jpg
2026-04-14 20:07:50 | INFO     | curation.curator | Curated → DISCARDED | cacd9375-frame_000287__ann55__snow_environment__19b66da6.jpg
2026-04-14 20:07:50 | INFO     | curation.curator | Curated → GOLD | cacd9375-frame_000287__ann55__indoor_wall_texture__5640a513.jpg
2026-04-14 20:07:50 | INFO     | curation.curator | Curated → DISCARDED | cacd9375-frame_000287__ann55__foggy_exterior__92e3fa72.jpg
2026-04-14 20:07:50 | INFO     | generation.augmenter | Augmenting | ann=56 | prompt=rain_environment | req=e39c1726
2026-04-14 20:07:50 | INFO     | generation.augmenter | Augmenting | ann=57 | prompt=rain_environment | req=e25093f1
2026-04-14 20:07:50 | INFO     | generation.augmenter | Augmenting | ann=58 | prompt=rain_environment | req=3473d0fb
2026-04-14 20:07:50 | INFO     | generation.augmenter | Augmenting | ann=59 | prompt=rain_environment | req=f0b4a5f1
2026-04-14 20:07:56 | INFO     | generation.augmenter | Augmenting | ann=56 | prompt=night_scene | req=c435af76
2026-04-14 20:08:02 | INFO     | generation.augmenter | Augmenting | ann=57 | prompt=night_scene | req=2eb2c57b
2026-04-14 20:08:08 | INFO     | generation.augmenter | Augmenting | ann=58 | prompt=night_scene | req=09fc848e
2026-04-14 20:08:14 | INFO     | generation.augmenter | Augmenting | ann=59 | prompt=night_scene | req=c7459106
2026-04-14 20:08:20 | INFO     | generation.augmenter | Augmenting | ann=56 | prompt=snow_environment | req=cd2d9db2
2026-04-14 20:08:26 | INFO     | generation.augmenter | Augmenting | ann=57 | prompt=snow_environment | req=e1d696db
2026-04-14 20:08:32 | INFO     | generation.augmenter | Augmenting | ann=58 | prompt=snow_environment | req=cf705e04
2026-04-14 20:08:38 | INFO     | generation.augmenter | Augmenting | ann=59 | prompt=snow_environment | req=61e14618
2026-04-14 20:08:44 | INFO     | generation.augmenter | Augmenting | ann=56 | prompt=indoor_wall_texture | req=05d85ff3
2026-04-14 20:08:50 | INFO     | generation.augmenter | Augmenting | ann=57 | prompt=indoor_wall_texture | req=66df79c0
2026-04-14 20:08:56 | INFO     | generation.augmenter | Augmenting | ann=58 | prompt=indoor_wall_texture | req=fabc3c10
2026-04-14 20:09:02 | INFO     | generation.augmenter | Augmenting | ann=59 | prompt=indoor_wall_texture | req=91d8e5c9
2026-04-14 20:09:08 | INFO     | generation.augmenter | Augmenting | ann=56 | prompt=foggy_exterior | req=a8736e23
2026-04-14 20:09:14 | INFO     | generation.augmenter | Augmenting | ann=57 | prompt=foggy_exterior | req=7e2fca81
2026-04-14 20:09:20 | INFO     | generation.augmenter | Augmenting | ann=58 | prompt=foggy_exterior | req=a7ee18bb
2026-04-14 20:09:26 | INFO     | generation.augmenter | Augmenting | ann=59 | prompt=foggy_exterior | req=bbd74f38
2026-04-14 20:09:32 | INFO     | curation.curator | Curated → GOLD | d7798cd8-frame_000381__ann56__rain_environment__e39c1726.jpg
2026-04-14 20:09:32 | INFO     | curation.curator | Curated → GOLD | d7798cd8-frame_000381__ann56__night_scene__c435af76.jpg
2026-04-14 20:09:32 | INFO     | curation.curator | Curated → GOLD | d7798cd8-frame_000381__ann56__snow_environment__cd2d9db2.jpg
2026-04-14 20:09:32 | INFO     | curation.curator | Curated → GOLD | d7798cd8-frame_000381__ann56__indoor_wall_texture__05d85ff3.jpg
2026-04-14 20:09:32 | INFO     | curation.curator | Curated → GOLD | d7798cd8-frame_000381__ann56__foggy_exterior__a8736e23.jpg
2026-04-14 20:09:32 | INFO     | generation.augmenter | Augmenting | ann=60 | prompt=rain_environment | req=ba982cee
2026-04-14 20:09:38 | INFO     | curation.curator | Curated → DISCARDED | d7798cd8-frame_000381__ann57__rain_environment__e25093f1.jpg
2026-04-14 20:09:38 | INFO     | curation.curator | Curated → GOLD | d7798cd8-frame_000381__ann57__night_scene__2eb2c57b.jpg
2026-04-14 20:09:38 | INFO     | curation.curator | Curated → DISCARDED | d7798cd8-frame_000381__ann57__snow_environment__e1d696db.jpg
2026-04-14 20:09:38 | INFO     | curation.curator | Curated → GOLD | d7798cd8-frame_000381__ann57__indoor_wall_texture__66df79c0.jpg
2026-04-14 20:09:38 | INFO     | curation.curator | Curated → DISCARDED | d7798cd8-frame_000381__ann57__foggy_exterior__7e2fca81.jpg
2026-04-14 20:09:38 | INFO     | generation.augmenter | Augmenting | ann=61 | prompt=rain_environment | req=65ba345a
2026-04-14 20:09:44 | INFO     | curation.curator | Curated → DISCARDED | d7798cd8-frame_000381__ann58__rain_environment__3473d0fb.jpg
2026-04-14 20:09:44 | INFO     | curation.curator | Curated → DISCARDED | d7798cd8-frame_000381__ann58__night_scene__09fc848e.jpg
2026-04-14 20:09:44 | INFO     | curation.curator | Curated → DISCARDED | d7798cd8-frame_000381__ann58__snow_environment__cf705e04.jpg
2026-04-14 20:09:44 | INFO     | curation.curator | Curated → DISCARDED | d7798cd8-frame_000381__ann58__indoor_wall_texture__fabc3c10.jpg
2026-04-14 20:09:44 | INFO     | curation.curator | Curated → DISCARDED | d7798cd8-frame_000381__ann58__foggy_exterior__a7ee18bb.jpg
2026-04-14 20:09:44 | INFO     | generation.augmenter | Augmenting | ann=62 | prompt=rain_environment | req=2ea9edac
2026-04-14 20:09:50 | INFO     | curation.curator | Curated → GOLD | 1b24abaa-frame_000382__ann59__rain_environment__f0b4a5f1.jpg
2026-04-14 20:09:50 | INFO     | curation.curator | Curated → GOLD | 1b24abaa-frame_000382__ann59__night_scene__c7459106.jpg
2026-04-14 20:09:50 | INFO     | curation.curator | Curated → GOLD | 1b24abaa-frame_000382__ann59__snow_environment__61e14618.jpg
2026-04-14 20:09:50 | INFO     | curation.curator | Curated → GOLD | 1b24abaa-frame_000382__ann59__indoor_wall_texture__91d8e5c9.jpg
2026-04-14 20:09:50 | INFO     | curation.curator | Curated → GOLD | 1b24abaa-frame_000382__ann59__foggy_exterior__bbd74f38.jpg
2026-04-14 20:09:50 | INFO     | generation.augmenter | Augmenting | ann=63 | prompt=rain_environment | req=3bb65351
2026-04-14 20:09:56 | INFO     | generation.augmenter | Augmenting | ann=60 | prompt=night_scene | req=88f44910
2026-04-14 20:10:02 | INFO     | generation.augmenter | Augmenting | ann=61 | prompt=night_scene | req=bdea266e
2026-04-14 20:10:08 | INFO     | generation.augmenter | Augmenting | ann=62 | prompt=night_scene | req=289673be
2026-04-14 20:10:14 | INFO     | generation.augmenter | Augmenting | ann=63 | prompt=night_scene | req=9e92d461
2026-04-14 20:10:20 | INFO     | generation.augmenter | Augmenting | ann=60 | prompt=snow_environment | req=4d06d486
2026-04-14 20:10:26 | INFO     | generation.augmenter | Augmenting | ann=61 | prompt=snow_environment | req=0a4e0788
2026-04-14 20:10:32 | INFO     | generation.augmenter | Augmenting | ann=62 | prompt=snow_environment | req=4a890e40
2026-04-14 20:10:38 | INFO     | generation.augmenter | Augmenting | ann=63 | prompt=snow_environment | req=43004e83
2026-04-14 20:10:44 | INFO     | generation.augmenter | Augmenting | ann=60 | prompt=indoor_wall_texture | req=361f1d4c
2026-04-14 20:10:50 | INFO     | generation.augmenter | Augmenting | ann=61 | prompt=indoor_wall_texture | req=3291115d
2026-04-14 20:10:56 | INFO     | generation.augmenter | Augmenting | ann=62 | prompt=indoor_wall_texture | req=9e146798
2026-04-14 20:11:02 | INFO     | generation.augmenter | Augmenting | ann=63 | prompt=indoor_wall_texture | req=cab8baef
2026-04-14 20:11:08 | INFO     | generation.augmenter | Augmenting | ann=60 | prompt=foggy_exterior | req=6f723ea8
2026-04-14 20:11:14 | INFO     | generation.augmenter | Augmenting | ann=61 | prompt=foggy_exterior | req=05c8e9ca
2026-04-14 20:11:20 | INFO     | generation.augmenter | Augmenting | ann=62 | prompt=foggy_exterior | req=6d0518ed
2026-04-14 20:11:26 | INFO     | generation.augmenter | Augmenting | ann=63 | prompt=foggy_exterior | req=16739880
2026-04-14 20:11:32 | INFO     | curation.curator | Curated → DISCARDED | 1b24abaa-frame_000382__ann60__rain_environment__ba982cee.jpg
2026-04-14 20:11:32 | INFO     | curation.curator | Curated → GOLD | 1b24abaa-frame_000382__ann60__night_scene__88f44910.jpg
2026-04-14 20:11:32 | INFO     | curation.curator | Curated → DISCARDED | 1b24abaa-frame_000382__ann60__snow_environment__4d06d486.jpg
2026-04-14 20:11:32 | INFO     | curation.curator | Curated → DISCARDED | 1b24abaa-frame_000382__ann60__indoor_wall_texture__361f1d4c.jpg
2026-04-14 20:11:32 | INFO     | curation.curator | Curated → DISCARDED | 1b24abaa-frame_000382__ann60__foggy_exterior__6f723ea8.jpg
2026-04-14 20:11:38 | INFO     | curation.curator | Curated → DISCARDED | 1b24abaa-frame_000382__ann61__rain_environment__65ba345a.jpg
2026-04-14 20:11:38 | INFO     | curation.curator | Curated → DISCARDED | 1b24abaa-frame_000382__ann61__night_scene__bdea266e.jpg
2026-04-14 20:11:38 | INFO     | curation.curator | Curated → DISCARDED | 1b24abaa-frame_000382__ann61__snow_environment__0a4e0788.jpg
2026-04-14 20:11:38 | INFO     | curation.curator | Curated → DISCARDED | 1b24abaa-frame_000382__ann61__indoor_wall_texture__3291115d.jpg
2026-04-14 20:11:38 | INFO     | curation.curator | Curated → DISCARDED | 1b24abaa-frame_000382__ann61__foggy_exterior__05c8e9ca.jpg
2026-04-14 20:11:44 | INFO     | curation.curator | Curated → GOLD | e4e2aefc-frame_000408__ann62__rain_environment__2ea9edac.jpg
2026-04-14 20:11:44 | INFO     | curation.curator | Curated → GOLD | e4e2aefc-frame_000408__ann62__night_scene__289673be.jpg
2026-04-14 20:11:44 | INFO     | curation.curator | Curated → GOLD | e4e2aefc-frame_000408__ann62__snow_environment__4a890e40.jpg
2026-04-14 20:11:44 | INFO     | curation.curator | Curated → GOLD | e4e2aefc-frame_000408__ann62__indoor_wall_texture__9e146798.jpg
2026-04-14 20:11:44 | INFO     | curation.curator | Curated → GOLD | e4e2aefc-frame_000408__ann62__foggy_exterior__6d0518ed.jpg
2026-04-14 20:11:50 | INFO     | curation.curator | Curated → GOLD | e4e2aefc-frame_000408__ann63__rain_environment__3bb65351.jpg
2026-04-14 20:11:50 | INFO     | curation.curator | Curated → GOLD | e4e2aefc-frame_000408__ann63__night_scene__9e92d461.jpg
2026-04-14 20:11:50 | INFO     | curation.curator | Curated → DISCARDED | e4e2aefc-frame_000408__ann63__snow_environment__43004e83.jpg
2026-04-14 20:11:50 | INFO     | curation.curator | Curated → GOLD | e4e2aefc-frame_000408__ann63__indoor_wall_texture__cab8baef.jpg
2026-04-14 20:11:50 | INFO     | curation.curator | Curated → GOLD | e4e2aefc-frame_000408__ann63__foggy_exterior__16739880.jpg
2026-04-14 20:11:50 | INFO     | generation.augmenter | Augmenting | ann=64 | prompt=rain_environment | req=668f0dfa
2026-04-14 20:11:50 | INFO     | generation.augmenter | Augmenting | ann=66 | prompt=rain_environment | req=69a14f29
2026-04-14 20:11:50 | INFO     | generation.augmenter | Augmenting | ann=67 | prompt=rain_environment | req=28265ee0
2026-04-14 20:11:50 | INFO     | generation.augmenter | Augmenting | ann=65 | prompt=rain_environment | req=74cad0be
2026-04-14 20:11:56 | INFO     | generation.augmenter | Augmenting | ann=64 | prompt=night_scene | req=e59483c0
2026-04-14 20:12:02 | INFO     | generation.augmenter | Augmenting | ann=66 | prompt=night_scene | req=14531820
2026-04-14 20:12:08 | INFO     | generation.augmenter | Augmenting | ann=67 | prompt=night_scene | req=df443ae2
2026-04-14 20:12:14 | INFO     | generation.augmenter | Augmenting | ann=65 | prompt=night_scene | req=27648bbc
2026-04-14 20:12:20 | INFO     | generation.augmenter | Augmenting | ann=64 | prompt=snow_environment | req=8f92f49a
2026-04-14 20:12:26 | INFO     | generation.augmenter | Augmenting | ann=66 | prompt=snow_environment | req=f6711b19
2026-04-14 20:12:32 | INFO     | generation.augmenter | Augmenting | ann=67 | prompt=snow_environment | req=a3afd71e
2026-04-14 20:12:38 | INFO     | generation.augmenter | Augmenting | ann=65 | prompt=snow_environment | req=32acb202
2026-04-14 20:12:44 | INFO     | generation.augmenter | Augmenting | ann=64 | prompt=indoor_wall_texture | req=a012af8e
2026-04-14 20:12:50 | INFO     | generation.augmenter | Augmenting | ann=66 | prompt=indoor_wall_texture | req=200f560a
2026-04-14 20:12:56 | INFO     | generation.augmenter | Augmenting | ann=67 | prompt=indoor_wall_texture | req=04c6de0d
2026-04-14 20:13:02 | INFO     | generation.augmenter | Augmenting | ann=65 | prompt=indoor_wall_texture | req=ca8078fb
2026-04-14 20:13:08 | INFO     | generation.augmenter | Augmenting | ann=64 | prompt=foggy_exterior | req=b2693302
2026-04-14 20:13:14 | INFO     | generation.augmenter | Augmenting | ann=66 | prompt=foggy_exterior | req=b004e4a6
2026-04-14 20:13:20 | INFO     | generation.augmenter | Augmenting | ann=67 | prompt=foggy_exterior | req=cd6fefbd
2026-04-14 20:13:26 | INFO     | generation.augmenter | Augmenting | ann=65 | prompt=foggy_exterior | req=9a048491
2026-04-14 20:13:32 | INFO     | curation.curator | Curated → GOLD | e4e2aefc-frame_000408__ann64__rain_environment__668f0dfa.jpg
2026-04-14 20:13:32 | INFO     | curation.curator | Curated → GOLD | e4e2aefc-frame_000408__ann64__night_scene__e59483c0.jpg
2026-04-14 20:13:32 | INFO     | curation.curator | Curated → DISCARDED | e4e2aefc-frame_000408__ann64__snow_environment__8f92f49a.jpg
2026-04-14 20:13:32 | INFO     | curation.curator | Curated → GOLD | e4e2aefc-frame_000408__ann64__indoor_wall_texture__a012af8e.jpg
2026-04-14 20:13:32 | INFO     | curation.curator | Curated → GOLD | e4e2aefc-frame_000408__ann64__foggy_exterior__b2693302.jpg
2026-04-14 20:13:32 | INFO     | generation.augmenter | Augmenting | ann=68 | prompt=rain_environment | req=eb5870b6
2026-04-14 20:13:38 | INFO     | curation.curator | Curated → GOLD | b91c9c2e-frame_000410__ann66__rain_environment__69a14f29.jpg
2026-04-14 20:13:38 | INFO     | curation.curator | Curated → GOLD | b91c9c2e-frame_000410__ann66__night_scene__14531820.jpg
2026-04-14 20:13:38 | INFO     | curation.curator | Curated → DISCARDED | b91c9c2e-frame_000410__ann66__snow_environment__f6711b19.jpg
2026-04-14 20:13:38 | INFO     | curation.curator | Curated → GOLD | b91c9c2e-frame_000410__ann66__indoor_wall_texture__200f560a.jpg
2026-04-14 20:13:38 | INFO     | curation.curator | Curated → GOLD | b91c9c2e-frame_000410__ann66__foggy_exterior__b004e4a6.jpg
2026-04-14 20:13:38 | INFO     | generation.augmenter | Augmenting | ann=69 | prompt=rain_environment | req=06fcb1f5
2026-04-14 20:13:44 | INFO     | curation.curator | Curated → DISCARDED | b91c9c2e-frame_000410__ann67__rain_environment__28265ee0.jpg
2026-04-14 20:13:44 | INFO     | curation.curator | Curated → GOLD | b91c9c2e-frame_000410__ann67__night_scene__df443ae2.jpg
2026-04-14 20:13:44 | INFO     | curation.curator | Curated → DISCARDED | b91c9c2e-frame_000410__ann67__snow_environment__a3afd71e.jpg
2026-04-14 20:13:44 | INFO     | curation.curator | Curated → GOLD | b91c9c2e-frame_000410__ann67__indoor_wall_texture__04c6de0d.jpg
2026-04-14 20:13:44 | INFO     | curation.curator | Curated → DISCARDED | b91c9c2e-frame_000410__ann67__foggy_exterior__cd6fefbd.jpg
2026-04-14 20:13:44 | INFO     | generation.augmenter | Augmenting | ann=70 | prompt=rain_environment | req=59a9398d
2026-04-14 20:13:50 | INFO     | curation.curator | Curated → GOLD | b91c9c2e-frame_000410__ann65__rain_environment__74cad0be.jpg
2026-04-14 20:13:50 | INFO     | curation.curator | Curated → GOLD | b91c9c2e-frame_000410__ann65__night_scene__27648bbc.jpg
2026-04-14 20:13:50 | INFO     | curation.curator | Curated → GOLD | b91c9c2e-frame_000410__ann65__snow_environment__32acb202.jpg
2026-04-14 20:13:50 | INFO     | curation.curator | Curated → GOLD | b91c9c2e-frame_000410__ann65__indoor_wall_texture__ca8078fb.jpg
2026-04-14 20:13:50 | INFO     | curation.curator | Curated → GOLD | b91c9c2e-frame_000410__ann65__foggy_exterior__9a048491.jpg
2026-04-14 20:13:50 | INFO     | generation.augmenter | Augmenting | ann=71 | prompt=rain_environment | req=c19128cb
2026-04-14 20:13:56 | INFO     | generation.augmenter | Augmenting | ann=68 | prompt=night_scene | req=57d6e20e
2026-04-14 20:14:02 | INFO     | generation.augmenter | Augmenting | ann=69 | prompt=night_scene | req=e47e8f7c
2026-04-14 20:14:08 | INFO     | generation.augmenter | Augmenting | ann=70 | prompt=night_scene | req=6d24b265
2026-04-14 20:14:14 | INFO     | generation.augmenter | Augmenting | ann=71 | prompt=night_scene | req=9d334ab2
2026-04-14 20:14:20 | INFO     | generation.augmenter | Augmenting | ann=68 | prompt=snow_environment | req=9b97dc8c
2026-04-14 20:14:26 | INFO     | generation.augmenter | Augmenting | ann=69 | prompt=snow_environment | req=bc74cb6b
2026-04-14 20:14:32 | INFO     | generation.augmenter | Augmenting | ann=70 | prompt=snow_environment | req=a7682d12
2026-04-14 20:14:38 | INFO     | generation.augmenter | Augmenting | ann=71 | prompt=snow_environment | req=4f049079
2026-04-14 20:14:44 | INFO     | generation.augmenter | Augmenting | ann=68 | prompt=indoor_wall_texture | req=594243bf
2026-04-14 20:14:50 | INFO     | generation.augmenter | Augmenting | ann=69 | prompt=indoor_wall_texture | req=bf535b50
2026-04-14 20:14:56 | INFO     | generation.augmenter | Augmenting | ann=70 | prompt=indoor_wall_texture | req=26a16248
2026-04-14 20:15:02 | INFO     | generation.augmenter | Augmenting | ann=71 | prompt=indoor_wall_texture | req=edcf9148
2026-04-14 20:15:08 | INFO     | generation.augmenter | Augmenting | ann=68 | prompt=foggy_exterior | req=55bd8d25
2026-04-14 20:15:14 | INFO     | generation.augmenter | Augmenting | ann=69 | prompt=foggy_exterior | req=3bfb7e45
2026-04-14 20:15:20 | INFO     | generation.augmenter | Augmenting | ann=70 | prompt=foggy_exterior | req=850a8985
2026-04-14 20:15:26 | INFO     | generation.augmenter | Augmenting | ann=71 | prompt=foggy_exterior | req=57f045fc
2026-04-14 20:15:32 | INFO     | curation.curator | Curated → GOLD | c2a3f710-frame_000443__ann68__rain_environment__eb5870b6.jpg
2026-04-14 20:15:32 | INFO     | curation.curator | Curated → GOLD | c2a3f710-frame_000443__ann68__night_scene__57d6e20e.jpg
2026-04-14 20:15:32 | INFO     | curation.curator | Curated → GOLD | c2a3f710-frame_000443__ann68__snow_environment__9b97dc8c.jpg
2026-04-14 20:15:32 | INFO     | curation.curator | Curated → GOLD | c2a3f710-frame_000443__ann68__indoor_wall_texture__594243bf.jpg
2026-04-14 20:15:32 | INFO     | curation.curator | Curated → GOLD | c2a3f710-frame_000443__ann68__foggy_exterior__55bd8d25.jpg
2026-04-14 20:15:38 | INFO     | curation.curator | Curated → DISCARDED | c2a3f710-frame_000443__ann69__rain_environment__06fcb1f5.jpg
2026-04-14 20:15:38 | INFO     | curation.curator | Curated → DISCARDED | c2a3f710-frame_000443__ann69__night_scene__e47e8f7c.jpg
2026-04-14 20:15:38 | INFO     | curation.curator | Curated → DISCARDED | c2a3f710-frame_000443__ann69__snow_environment__bc74cb6b.jpg
2026-04-14 20:15:38 | INFO     | curation.curator | Curated → DISCARDED | c2a3f710-frame_000443__ann69__indoor_wall_texture__bf535b50.jpg
2026-04-14 20:15:38 | INFO     | curation.curator | Curated → DISCARDED | c2a3f710-frame_000443__ann69__foggy_exterior__3bfb7e45.jpg
2026-04-14 20:15:44 | INFO     | curation.curator | Curated → DISCARDED | c2a3f710-frame_000443__ann70__rain_environment__59a9398d.jpg
2026-04-14 20:15:44 | INFO     | curation.curator | Curated → DISCARDED | c2a3f710-frame_000443__ann70__night_scene__6d24b265.jpg
2026-04-14 20:15:44 | INFO     | curation.curator | Curated → DISCARDED | c2a3f710-frame_000443__ann70__snow_environment__a7682d12.jpg
2026-04-14 20:15:44 | INFO     | curation.curator | Curated → GOLD | c2a3f710-frame_000443__ann70__indoor_wall_texture__26a16248.jpg
2026-04-14 20:15:44 | INFO     | curation.curator | Curated → DISCARDED | c2a3f710-frame_000443__ann70__foggy_exterior__850a8985.jpg
2026-04-14 20:15:50 | INFO     | curation.curator | Curated → GOLD | 0df57f3d-frame_000447__ann71__rain_environment__c19128cb.jpg
2026-04-14 20:15:50 | INFO     | curation.curator | Curated → GOLD | 0df57f3d-frame_000447__ann71__night_scene__9d334ab2.jpg
2026-04-14 20:15:50 | INFO     | curation.curator | Curated → GOLD | 0df57f3d-frame_000447__ann71__snow_environment__4f049079.jpg
2026-04-14 20:15:50 | INFO     | curation.curator | Curated → GOLD | 0df57f3d-frame_000447__ann71__indoor_wall_texture__edcf9148.jpg
2026-04-14 20:15:50 | INFO     | curation.curator | Curated → GOLD | 0df57f3d-frame_000447__ann71__foggy_exterior__57f045fc.jpg
2026-04-14 20:15:50 | INFO     | generation.augmenter | Augmenting | ann=72 | prompt=rain_environment | req=34632569
2026-04-14 20:15:50 | INFO     | generation.augmenter | Augmenting | ann=73 | prompt=rain_environment | req=de256bc8
2026-04-14 20:15:50 | INFO     | generation.augmenter | Augmenting | ann=74 | prompt=rain_environment | req=b6d72203
2026-04-14 20:15:50 | INFO     | generation.augmenter | Augmenting | ann=75 | prompt=rain_environment | req=57305494
2026-04-14 20:15:56 | INFO     | generation.augmenter | Augmenting | ann=72 | prompt=night_scene | req=ae6835f6
2026-04-14 20:16:02 | INFO     | generation.augmenter | Augmenting | ann=73 | prompt=night_scene | req=fb0ba157
2026-04-14 20:16:08 | INFO     | generation.augmenter | Augmenting | ann=74 | prompt=night_scene | req=6db776a8
2026-04-14 20:16:14 | INFO     | generation.augmenter | Augmenting | ann=75 | prompt=night_scene | req=0ab1402a
2026-04-14 20:16:20 | INFO     | generation.augmenter | Augmenting | ann=72 | prompt=snow_environment | req=3536a0d6
2026-04-14 20:16:26 | INFO     | generation.augmenter | Augmenting | ann=73 | prompt=snow_environment | req=67de5625
2026-04-14 20:16:32 | INFO     | generation.augmenter | Augmenting | ann=74 | prompt=snow_environment | req=3d226fc9
2026-04-14 20:16:38 | INFO     | generation.augmenter | Augmenting | ann=75 | prompt=snow_environment | req=c3f67841
2026-04-14 20:16:44 | INFO     | generation.augmenter | Augmenting | ann=72 | prompt=indoor_wall_texture | req=259e7884
2026-04-14 20:16:50 | INFO     | generation.augmenter | Augmenting | ann=73 | prompt=indoor_wall_texture | req=469adc62
2026-04-14 20:16:56 | INFO     | generation.augmenter | Augmenting | ann=74 | prompt=indoor_wall_texture | req=1d0c7be1
2026-04-14 20:17:02 | INFO     | generation.augmenter | Augmenting | ann=75 | prompt=indoor_wall_texture | req=4514ebc0
2026-04-14 20:17:08 | INFO     | generation.augmenter | Augmenting | ann=72 | prompt=foggy_exterior | req=23fdb77d
2026-04-14 20:17:14 | INFO     | generation.augmenter | Augmenting | ann=73 | prompt=foggy_exterior | req=a3136eeb
2026-04-14 20:17:20 | INFO     | generation.augmenter | Augmenting | ann=74 | prompt=foggy_exterior | req=b47ff345
2026-04-14 20:17:26 | INFO     | generation.augmenter | Augmenting | ann=75 | prompt=foggy_exterior | req=413861e7
2026-04-14 20:17:32 | INFO     | curation.curator | Curated → DISCARDED | 0df57f3d-frame_000447__ann72__rain_environment__34632569.jpg
2026-04-14 20:17:32 | INFO     | curation.curator | Curated → DISCARDED | 0df57f3d-frame_000447__ann72__night_scene__ae6835f6.jpg
2026-04-14 20:17:32 | INFO     | curation.curator | Curated → DISCARDED | 0df57f3d-frame_000447__ann72__snow_environment__3536a0d6.jpg
2026-04-14 20:17:32 | INFO     | curation.curator | Curated → DISCARDED | 0df57f3d-frame_000447__ann72__indoor_wall_texture__259e7884.jpg
2026-04-14 20:17:32 | INFO     | curation.curator | Curated → DISCARDED | 0df57f3d-frame_000447__ann72__foggy_exterior__23fdb77d.jpg
2026-04-14 20:17:32 | INFO     | generation.augmenter | Augmenting | ann=76 | prompt=rain_environment | req=58abb6a2
2026-04-14 20:17:38 | INFO     | curation.curator | Curated → DISCARDED | 0df57f3d-frame_000447__ann73__rain_environment__de256bc8.jpg
2026-04-14 20:17:38 | INFO     | curation.curator | Curated → DISCARDED | 0df57f3d-frame_000447__ann73__night_scene__fb0ba157.jpg
2026-04-14 20:17:38 | INFO     | curation.curator | Curated → DISCARDED | 0df57f3d-frame_000447__ann73__snow_environment__67de5625.jpg
2026-04-14 20:17:38 | INFO     | curation.curator | Curated → DISCARDED | 0df57f3d-frame_000447__ann73__indoor_wall_texture__469adc62.jpg
2026-04-14 20:17:38 | INFO     | curation.curator | Curated → DISCARDED | 0df57f3d-frame_000447__ann73__foggy_exterior__a3136eeb.jpg
2026-04-14 20:17:38 | INFO     | generation.augmenter | Augmenting | ann=77 | prompt=rain_environment | req=a1d1183d
2026-04-14 20:17:44 | INFO     | curation.curator | Curated → GOLD | 985e24d8-frame_000450__ann74__rain_environment__b6d72203.jpg
2026-04-14 20:17:44 | INFO     | curation.curator | Curated → GOLD | 985e24d8-frame_000450__ann74__night_scene__6db776a8.jpg
2026-04-14 20:17:44 | INFO     | curation.curator | Curated → GOLD | 985e24d8-frame_000450__ann74__snow_environment__3d226fc9.jpg
2026-04-14 20:17:44 | INFO     | curation.curator | Curated → GOLD | 985e24d8-frame_000450__ann74__indoor_wall_texture__1d0c7be1.jpg
2026-04-14 20:17:44 | INFO     | curation.curator | Curated → GOLD | 985e24d8-frame_000450__ann74__foggy_exterior__b47ff345.jpg
2026-04-14 20:17:44 | INFO     | generation.augmenter | Augmenting | ann=78 | prompt=rain_environment | req=8966e08f
2026-04-14 20:17:50 | INFO     | curation.curator | Curated → DISCARDED | 985e24d8-frame_000450__ann75__rain_environment__57305494.jpg
2026-04-14 20:17:50 | INFO     | curation.curator | Curated → DISCARDED | 985e24d8-frame_000450__ann75__night_scene__0ab1402a.jpg
2026-04-14 20:17:50 | INFO     | curation.curator | Curated → DISCARDED | 985e24d8-frame_000450__ann75__snow_environment__c3f67841.jpg
2026-04-14 20:17:50 | INFO     | curation.curator | Curated → DISCARDED | 985e24d8-frame_000450__ann75__indoor_wall_texture__4514ebc0.jpg
2026-04-14 20:17:50 | INFO     | curation.curator | Curated → DISCARDED | 985e24d8-frame_000450__ann75__foggy_exterior__413861e7.jpg
2026-04-14 20:17:50 | INFO     | generation.augmenter | Augmenting | ann=79 | prompt=rain_environment | req=396ef86a
2026-04-14 20:17:56 | INFO     | generation.augmenter | Augmenting | ann=76 | prompt=night_scene | req=2e2e9092
2026-04-14 20:18:02 | INFO     | generation.augmenter | Augmenting | ann=77 | prompt=night_scene | req=c475cd44
2026-04-14 20:18:08 | INFO     | generation.augmenter | Augmenting | ann=78 | prompt=night_scene | req=f60c6b41
2026-04-14 20:18:14 | INFO     | generation.augmenter | Augmenting | ann=79 | prompt=night_scene | req=2bb45fde
2026-04-14 20:18:20 | INFO     | generation.augmenter | Augmenting | ann=76 | prompt=snow_environment | req=9afe48af
2026-04-14 20:18:26 | INFO     | generation.augmenter | Augmenting | ann=77 | prompt=snow_environment | req=9c09a086
2026-04-14 20:18:32 | INFO     | generation.augmenter | Augmenting | ann=78 | prompt=snow_environment | req=287845f4
2026-04-14 20:18:38 | INFO     | generation.augmenter | Augmenting | ann=79 | prompt=snow_environment | req=f55492c8
2026-04-14 20:18:44 | INFO     | generation.augmenter | Augmenting | ann=76 | prompt=indoor_wall_texture | req=415e3e6f
2026-04-14 20:18:50 | INFO     | generation.augmenter | Augmenting | ann=77 | prompt=indoor_wall_texture | req=c2fd2618
2026-04-14 20:18:56 | INFO     | generation.augmenter | Augmenting | ann=78 | prompt=indoor_wall_texture | req=92e567a6
2026-04-14 20:19:02 | INFO     | generation.augmenter | Augmenting | ann=79 | prompt=indoor_wall_texture | req=f3f6c68e
2026-04-14 20:19:08 | INFO     | generation.augmenter | Augmenting | ann=76 | prompt=foggy_exterior | req=b6b746a5
2026-04-14 20:19:14 | INFO     | generation.augmenter | Augmenting | ann=77 | prompt=foggy_exterior | req=f8a04e63
2026-04-14 20:19:20 | INFO     | generation.augmenter | Augmenting | ann=78 | prompt=foggy_exterior | req=0da2fc9c
2026-04-14 20:19:26 | INFO     | generation.augmenter | Augmenting | ann=79 | prompt=foggy_exterior | req=c6688ee8
2026-04-14 20:19:32 | INFO     | curation.curator | Curated → DISCARDED | 985e24d8-frame_000450__ann76__rain_environment__58abb6a2.jpg
2026-04-14 20:19:32 | INFO     | curation.curator | Curated → DISCARDED | 985e24d8-frame_000450__ann76__night_scene__2e2e9092.jpg
2026-04-14 20:19:32 | INFO     | curation.curator | Curated → DISCARDED | 985e24d8-frame_000450__ann76__snow_environment__9afe48af.jpg
2026-04-14 20:19:32 | INFO     | curation.curator | Curated → GOLD | 985e24d8-frame_000450__ann76__indoor_wall_texture__415e3e6f.jpg
2026-04-14 20:19:32 | INFO     | curation.curator | Curated → DISCARDED | 985e24d8-frame_000450__ann76__foggy_exterior__b6b746a5.jpg
2026-04-14 20:19:38 | INFO     | curation.curator | Curated → GOLD | 26e274d9-frame_000451__ann77__rain_environment__a1d1183d.jpg
2026-04-14 20:19:38 | INFO     | curation.curator | Curated → GOLD | 26e274d9-frame_000451__ann77__night_scene__c475cd44.jpg
2026-04-14 20:19:38 | INFO     | curation.curator | Curated → GOLD | 26e274d9-frame_000451__ann77__snow_environment__9c09a086.jpg
2026-04-14 20:19:38 | INFO     | curation.curator | Curated → GOLD | 26e274d9-frame_000451__ann77__indoor_wall_texture__c2fd2618.jpg
2026-04-14 20:19:38 | INFO     | curation.curator | Curated → GOLD | 26e274d9-frame_000451__ann77__foggy_exterior__f8a04e63.jpg
2026-04-14 20:19:44 | INFO     | curation.curator | Curated → GOLD | 26e274d9-frame_000451__ann78__rain_environment__8966e08f.jpg
2026-04-14 20:19:44 | INFO     | curation.curator | Curated → GOLD | 26e274d9-frame_000451__ann78__night_scene__f60c6b41.jpg
2026-04-14 20:19:44 | INFO     | curation.curator | Curated → DISCARDED | 26e274d9-frame_000451__ann78__snow_environment__287845f4.jpg
2026-04-14 20:19:44 | INFO     | curation.curator | Curated → GOLD | 26e274d9-frame_000451__ann78__indoor_wall_texture__92e567a6.jpg
2026-04-14 20:19:44 | INFO     | curation.curator | Curated → GOLD | 26e274d9-frame_000451__ann78__foggy_exterior__0da2fc9c.jpg
2026-04-14 20:19:50 | INFO     | curation.curator | Curated → DISCARDED | 26e274d9-frame_000451__ann79__rain_environment__396ef86a.jpg
2026-04-14 20:19:50 | INFO     | curation.curator | Curated → DISCARDED | 26e274d9-frame_000451__ann79__night_scene__2bb45fde.jpg
2026-04-14 20:19:50 | INFO     | curation.curator | Curated → DISCARDED | 26e274d9-frame_000451__ann79__snow_environment__f55492c8.jpg
2026-04-14 20:19:50 | INFO     | curation.curator | Curated → GOLD | 26e274d9-frame_000451__ann79__indoor_wall_texture__f3f6c68e.jpg
2026-04-14 20:19:50 | INFO     | curation.curator | Curated → DISCARDED | 26e274d9-frame_000451__ann79__foggy_exterior__c6688ee8.jpg
2026-04-14 20:19:50 | INFO     | generation.augmenter | Augmenting | ann=80 | prompt=rain_environment | req=eadaba21
2026-04-14 20:19:50 | INFO     | generation.augmenter | Augmenting | ann=82 | prompt=rain_environment | req=2c843ab5
2026-04-14 20:19:50 | INFO     | generation.augmenter | Augmenting | ann=83 | prompt=rain_environment | req=e48672d8
2026-04-14 20:19:50 | INFO     | generation.augmenter | Augmenting | ann=81 | prompt=rain_environment | req=90d0dcf8
2026-04-14 20:19:56 | INFO     | generation.augmenter | Augmenting | ann=80 | prompt=night_scene | req=0765902e
2026-04-14 20:20:02 | INFO     | generation.augmenter | Augmenting | ann=82 | prompt=night_scene | req=58172465
2026-04-14 20:20:08 | INFO     | generation.augmenter | Augmenting | ann=83 | prompt=night_scene | req=ec54c2b1
2026-04-14 20:20:14 | INFO     | generation.augmenter | Augmenting | ann=81 | prompt=night_scene | req=4eeaf1eb
2026-04-14 20:20:20 | INFO     | generation.augmenter | Augmenting | ann=80 | prompt=snow_environment | req=6a154f49
2026-04-14 20:20:26 | INFO     | generation.augmenter | Augmenting | ann=82 | prompt=snow_environment | req=bba98616
2026-04-14 20:20:32 | INFO     | generation.augmenter | Augmenting | ann=83 | prompt=snow_environment | req=27ef36f8
2026-04-14 20:20:38 | INFO     | generation.augmenter | Augmenting | ann=81 | prompt=snow_environment | req=9c555cfd
2026-04-14 20:20:44 | INFO     | generation.augmenter | Augmenting | ann=80 | prompt=indoor_wall_texture | req=5c73bc2c
2026-04-14 20:20:50 | INFO     | generation.augmenter | Augmenting | ann=82 | prompt=indoor_wall_texture | req=a665462c
2026-04-14 20:20:56 | INFO     | generation.augmenter | Augmenting | ann=83 | prompt=indoor_wall_texture | req=f9280f8e
2026-04-14 20:21:02 | INFO     | generation.augmenter | Augmenting | ann=81 | prompt=indoor_wall_texture | req=147eb7ee
2026-04-14 20:21:08 | INFO     | generation.augmenter | Augmenting | ann=80 | prompt=foggy_exterior | req=beb70692
2026-04-14 20:21:14 | INFO     | generation.augmenter | Augmenting | ann=82 | prompt=foggy_exterior | req=c67c3392
2026-04-14 20:21:20 | INFO     | generation.augmenter | Augmenting | ann=83 | prompt=foggy_exterior | req=c2ee7ec9
2026-04-14 20:21:26 | INFO     | generation.augmenter | Augmenting | ann=81 | prompt=foggy_exterior | req=e3137f5a
2026-04-14 20:21:32 | INFO     | curation.curator | Curated → GOLD | 53c96e33-frame_000456__ann80__rain_environment__eadaba21.jpg
2026-04-14 20:21:32 | INFO     | curation.curator | Curated → GOLD | 53c96e33-frame_000456__ann80__night_scene__0765902e.jpg
2026-04-14 20:21:32 | INFO     | curation.curator | Curated → GOLD | 53c96e33-frame_000456__ann80__snow_environment__6a154f49.jpg
2026-04-14 20:21:32 | INFO     | curation.curator | Curated → GOLD | 53c96e33-frame_000456__ann80__indoor_wall_texture__5c73bc2c.jpg
2026-04-14 20:21:32 | INFO     | curation.curator | Curated → GOLD | 53c96e33-frame_000456__ann80__foggy_exterior__beb70692.jpg
2026-04-14 20:21:32 | INFO     | generation.augmenter | Augmenting | ann=84 | prompt=rain_environment | req=22d49e45
2026-04-14 20:21:38 | INFO     | curation.curator | Curated → DISCARDED | 53c96e33-frame_000456__ann82__rain_environment__2c843ab5.jpg
2026-04-14 20:21:38 | INFO     | curation.curator | Curated → GOLD | 53c96e33-frame_000456__ann82__night_scene__58172465.jpg
2026-04-14 20:21:38 | INFO     | curation.curator | Curated → DISCARDED | 53c96e33-frame_000456__ann82__snow_environment__bba98616.jpg
2026-04-14 20:21:38 | INFO     | curation.curator | Curated → GOLD | 53c96e33-frame_000456__ann82__indoor_wall_texture__a665462c.jpg
2026-04-14 20:21:38 | INFO     | curation.curator | Curated → DISCARDED | 53c96e33-frame_000456__ann82__foggy_exterior__c67c3392.jpg
2026-04-14 20:21:38 | INFO     | generation.augmenter | Augmenting | ann=85 | prompt=rain_environment | req=27113cfe
2026-04-14 20:21:44 | INFO     | curation.curator | Curated → GOLD | 18dc80aa-frame_000457__ann83__rain_environment__e48672d8.jpg
2026-04-14 20:21:44 | INFO     | curation.curator | Curated → GOLD | 18dc80aa-frame_000457__ann83__night_scene__ec54c2b1.jpg
2026-04-14 20:21:44 | INFO     | curation.curator | Curated → GOLD | 18dc80aa-frame_000457__ann83__snow_environment__27ef36f8.jpg
2026-04-14 20:21:44 | INFO     | curation.curator | Curated → GOLD | 18dc80aa-frame_000457__ann83__indoor_wall_texture__f9280f8e.jpg
2026-04-14 20:21:44 | INFO     | curation.curator | Curated → GOLD | 18dc80aa-frame_000457__ann83__foggy_exterior__c2ee7ec9.jpg
2026-04-14 20:21:44 | INFO     | generation.augmenter | Augmenting | ann=86 | prompt=rain_environment | req=8d747a86
2026-04-14 20:21:50 | INFO     | curation.curator | Curated → GOLD | 53c96e33-frame_000456__ann81__rain_environment__90d0dcf8.jpg
2026-04-14 20:21:50 | INFO     | curation.curator | Curated → GOLD | 53c96e33-frame_000456__ann81__night_scene__4eeaf1eb.jpg
2026-04-14 20:21:50 | INFO     | curation.curator | Curated → DISCARDED | 53c96e33-frame_000456__ann81__snow_environment__9c555cfd.jpg
2026-04-14 20:21:50 | INFO     | curation.curator | Curated → GOLD | 53c96e33-frame_000456__ann81__indoor_wall_texture__147eb7ee.jpg
2026-04-14 20:21:50 | INFO     | curation.curator | Curated → GOLD | 53c96e33-frame_000456__ann81__foggy_exterior__e3137f5a.jpg
2026-04-14 20:21:50 | INFO     | generation.augmenter | Augmenting | ann=87 | prompt=rain_environment | req=fd85bb0b
2026-04-14 20:21:56 | INFO     | generation.augmenter | Augmenting | ann=84 | prompt=night_scene | req=bee68ef2
2026-04-14 20:22:02 | INFO     | generation.augmenter | Augmenting | ann=85 | prompt=night_scene | req=1517b7c8
2026-04-14 20:22:08 | INFO     | generation.augmenter | Augmenting | ann=86 | prompt=night_scene | req=aa482a4f
2026-04-14 20:22:14 | INFO     | generation.augmenter | Augmenting | ann=87 | prompt=night_scene | req=a39d0f02
2026-04-14 20:22:20 | INFO     | generation.augmenter | Augmenting | ann=84 | prompt=snow_environment | req=019734f5
2026-04-14 20:22:26 | INFO     | generation.augmenter | Augmenting | ann=85 | prompt=snow_environment | req=1f26bbc7
2026-04-14 20:22:32 | INFO     | generation.augmenter | Augmenting | ann=86 | prompt=snow_environment | req=eb88fbfd
2026-04-14 20:22:38 | INFO     | generation.augmenter | Augmenting | ann=87 | prompt=snow_environment | req=2a53c0ec
2026-04-14 20:22:44 | INFO     | generation.augmenter | Augmenting | ann=84 | prompt=indoor_wall_texture | req=21b134b7
2026-04-14 20:22:50 | INFO     | generation.augmenter | Augmenting | ann=85 | prompt=indoor_wall_texture | req=13a14c05
2026-04-14 20:22:56 | INFO     | generation.augmenter | Augmenting | ann=86 | prompt=indoor_wall_texture | req=40661e34
2026-04-14 20:23:02 | INFO     | generation.augmenter | Augmenting | ann=87 | prompt=indoor_wall_texture | req=c086bbae
2026-04-14 20:23:08 | INFO     | generation.augmenter | Augmenting | ann=84 | prompt=foggy_exterior | req=23c7bc8a
2026-04-14 20:23:14 | INFO     | generation.augmenter | Augmenting | ann=85 | prompt=foggy_exterior | req=f7c4a40e
2026-04-14 20:23:20 | INFO     | generation.augmenter | Augmenting | ann=86 | prompt=foggy_exterior | req=016d5917
2026-04-14 20:23:26 | INFO     | generation.augmenter | Augmenting | ann=87 | prompt=foggy_exterior | req=a52645c0
2026-04-14 20:23:33 | INFO     | curation.curator | Curated → DISCARDED | 18dc80aa-frame_000457__ann84__rain_environment__22d49e45.jpg
2026-04-14 20:23:33 | INFO     | curation.curator | Curated → GOLD | 18dc80aa-frame_000457__ann84__night_scene__bee68ef2.jpg
2026-04-14 20:23:33 | INFO     | curation.curator | Curated → DISCARDED | 18dc80aa-frame_000457__ann84__snow_environment__019734f5.jpg
2026-04-14 20:23:33 | INFO     | curation.curator | Curated → GOLD | 18dc80aa-frame_000457__ann84__indoor_wall_texture__21b134b7.jpg
2026-04-14 20:23:33 | INFO     | curation.curator | Curated → DISCARDED | 18dc80aa-frame_000457__ann84__foggy_exterior__23c7bc8a.jpg
2026-04-14 20:23:38 | INFO     | curation.curator | Curated → DISCARDED | 18dc80aa-frame_000457__ann85__rain_environment__27113cfe.jpg
2026-04-14 20:23:38 | INFO     | curation.curator | Curated → DISCARDED | 18dc80aa-frame_000457__ann85__night_scene__1517b7c8.jpg
2026-04-14 20:23:38 | INFO     | curation.curator | Curated → DISCARDED | 18dc80aa-frame_000457__ann85__snow_environment__1f26bbc7.jpg
2026-04-14 20:23:38 | INFO     | curation.curator | Curated → DISCARDED | 18dc80aa-frame_000457__ann85__indoor_wall_texture__13a14c05.jpg
2026-04-14 20:23:38 | INFO     | curation.curator | Curated → DISCARDED | 18dc80aa-frame_000457__ann85__foggy_exterior__f7c4a40e.jpg
2026-04-14 20:23:44 | INFO     | curation.curator | Curated → GOLD | cfb50262-frame_000459__ann86__rain_environment__8d747a86.jpg
2026-04-14 20:23:44 | INFO     | curation.curator | Curated → GOLD | cfb50262-frame_000459__ann86__night_scene__aa482a4f.jpg
2026-04-14 20:23:44 | INFO     | curation.curator | Curated → GOLD | cfb50262-frame_000459__ann86__snow_environment__eb88fbfd.jpg
2026-04-14 20:23:44 | INFO     | curation.curator | Curated → GOLD | cfb50262-frame_000459__ann86__indoor_wall_texture__40661e34.jpg
2026-04-14 20:23:44 | INFO     | curation.curator | Curated → GOLD | cfb50262-frame_000459__ann86__foggy_exterior__016d5917.jpg
2026-04-14 20:23:50 | INFO     | curation.curator | Curated → DISCARDED | cfb50262-frame_000459__ann87__rain_environment__fd85bb0b.jpg
2026-04-14 20:23:50 | INFO     | curation.curator | Curated → DISCARDED | cfb50262-frame_000459__ann87__night_scene__a39d0f02.jpg
2026-04-14 20:23:50 | INFO     | curation.curator | Curated → DISCARDED | cfb50262-frame_000459__ann87__snow_environment__2a53c0ec.jpg
2026-04-14 20:23:50 | INFO     | curation.curator | Curated → GOLD | cfb50262-frame_000459__ann87__indoor_wall_texture__c086bbae.jpg
2026-04-14 20:23:50 | INFO     | curation.curator | Curated → DISCARDED | cfb50262-frame_000459__ann87__foggy_exterior__a52645c0.jpg
2026-04-14 20:23:50 | INFO     | generation.augmenter | Augmenting | ann=88 | prompt=rain_environment | req=d1f2f028
2026-04-14 20:23:50 | INFO     | generation.augmenter | Augmenting | ann=89 | prompt=rain_environment | req=86299fab
2026-04-14 20:23:50 | INFO     | generation.augmenter | Augmenting | ann=90 | prompt=rain_environment | req=1e8f1adb
2026-04-14 20:23:50 | INFO     | generation.augmenter | Augmenting | ann=91 | prompt=rain_environment | req=c35c006d
2026-04-14 20:23:56 | INFO     | generation.augmenter | Augmenting | ann=88 | prompt=night_scene | req=5a518745
2026-04-14 20:24:02 | INFO     | generation.augmenter | Augmenting | ann=89 | prompt=night_scene | req=d45e3c35
2026-04-14 20:24:08 | INFO     | generation.augmenter | Augmenting | ann=90 | prompt=night_scene | req=fd4d584a
2026-04-14 20:24:14 | INFO     | generation.augmenter | Augmenting | ann=91 | prompt=night_scene | req=be189b53
2026-04-14 20:24:20 | INFO     | generation.augmenter | Augmenting | ann=88 | prompt=snow_environment | req=1949c4fa
2026-04-14 20:24:26 | INFO     | generation.augmenter | Augmenting | ann=89 | prompt=snow_environment | req=62b4f7aa
2026-04-14 20:24:32 | INFO     | generation.augmenter | Augmenting | ann=90 | prompt=snow_environment | req=68029521
2026-04-14 20:24:38 | INFO     | generation.augmenter | Augmenting | ann=91 | prompt=snow_environment | req=6f41bac1
2026-04-14 20:24:44 | INFO     | generation.augmenter | Augmenting | ann=88 | prompt=indoor_wall_texture | req=f8ad8f78
2026-04-14 20:24:50 | INFO     | generation.augmenter | Augmenting | ann=89 | prompt=indoor_wall_texture | req=b5353773
2026-04-14 20:24:56 | INFO     | generation.augmenter | Augmenting | ann=90 | prompt=indoor_wall_texture | req=dd784814
2026-04-14 20:25:02 | INFO     | generation.augmenter | Augmenting | ann=91 | prompt=indoor_wall_texture | req=9d635bbc
2026-04-14 20:25:08 | INFO     | generation.augmenter | Augmenting | ann=88 | prompt=foggy_exterior | req=b015ab13
2026-04-14 20:25:14 | INFO     | generation.augmenter | Augmenting | ann=89 | prompt=foggy_exterior | req=a9810256
2026-04-14 20:25:20 | INFO     | generation.augmenter | Augmenting | ann=90 | prompt=foggy_exterior | req=e5487dd3
2026-04-14 20:25:26 | INFO     | generation.augmenter | Augmenting | ann=91 | prompt=foggy_exterior | req=f5cb0081
2026-04-14 20:25:32 | INFO     | curation.curator | Curated → DISCARDED | cfb50262-frame_000459__ann88__rain_environment__d1f2f028.jpg
2026-04-14 20:25:32 | INFO     | curation.curator | Curated → DISCARDED | cfb50262-frame_000459__ann88__night_scene__5a518745.jpg
2026-04-14 20:25:32 | INFO     | curation.curator | Curated → DISCARDED | cfb50262-frame_000459__ann88__snow_environment__1949c4fa.jpg
2026-04-14 20:25:32 | INFO     | curation.curator | Curated → GOLD | cfb50262-frame_000459__ann88__indoor_wall_texture__f8ad8f78.jpg
2026-04-14 20:25:32 | INFO     | curation.curator | Curated → DISCARDED | cfb50262-frame_000459__ann88__foggy_exterior__b015ab13.jpg
2026-04-14 20:25:32 | INFO     | generation.augmenter | Augmenting | ann=92 | prompt=rain_environment | req=59f64f65
2026-04-14 20:25:38 | INFO     | curation.curator | Curated → GOLD | 0513bc2c-frame_000460__ann89__rain_environment__86299fab.jpg
2026-04-14 20:25:38 | INFO     | curation.curator | Curated → GOLD | 0513bc2c-frame_000460__ann89__night_scene__d45e3c35.jpg
2026-04-14 20:25:38 | INFO     | curation.curator | Curated → GOLD | 0513bc2c-frame_000460__ann89__snow_environment__62b4f7aa.jpg
2026-04-14 20:25:38 | INFO     | curation.curator | Curated → GOLD | 0513bc2c-frame_000460__ann89__indoor_wall_texture__b5353773.jpg
2026-04-14 20:25:38 | INFO     | curation.curator | Curated → GOLD | 0513bc2c-frame_000460__ann89__foggy_exterior__a9810256.jpg
2026-04-14 20:25:38 | INFO     | generation.augmenter | Augmenting | ann=93 | prompt=rain_environment | req=89b13c70
2026-04-14 20:25:44 | INFO     | curation.curator | Curated → DISCARDED | 0513bc2c-frame_000460__ann90__rain_environment__1e8f1adb.jpg
2026-04-14 20:25:44 | INFO     | curation.curator | Curated → GOLD | 0513bc2c-frame_000460__ann90__night_scene__fd4d584a.jpg
2026-04-14 20:25:44 | INFO     | curation.curator | Curated → DISCARDED | 0513bc2c-frame_000460__ann90__snow_environment__68029521.jpg
2026-04-14 20:25:44 | INFO     | curation.curator | Curated → GOLD | 0513bc2c-frame_000460__ann90__indoor_wall_texture__dd784814.jpg
2026-04-14 20:25:44 | INFO     | curation.curator | Curated → DISCARDED | 0513bc2c-frame_000460__ann90__foggy_exterior__e5487dd3.jpg
2026-04-14 20:25:44 | INFO     | generation.augmenter | Augmenting | ann=94 | prompt=rain_environment | req=45079774
2026-04-14 20:25:50 | INFO     | curation.curator | Curated → DISCARDED | 0513bc2c-frame_000460__ann91__rain_environment__c35c006d.jpg
2026-04-14 20:25:50 | INFO     | curation.curator | Curated → DISCARDED | 0513bc2c-frame_000460__ann91__night_scene__be189b53.jpg
2026-04-14 20:25:50 | INFO     | curation.curator | Curated → DISCARDED | 0513bc2c-frame_000460__ann91__snow_environment__6f41bac1.jpg
2026-04-14 20:25:50 | INFO     | curation.curator | Curated → GOLD | 0513bc2c-frame_000460__ann91__indoor_wall_texture__9d635bbc.jpg
2026-04-14 20:25:50 | INFO     | curation.curator | Curated → DISCARDED | 0513bc2c-frame_000460__ann91__foggy_exterior__f5cb0081.jpg
2026-04-14 20:25:50 | INFO     | generation.augmenter | Augmenting | ann=95 | prompt=rain_environment | req=47342799
2026-04-14 20:25:56 | INFO     | generation.augmenter | Augmenting | ann=92 | prompt=night_scene | req=1217285a
2026-04-14 20:26:02 | INFO     | generation.augmenter | Augmenting | ann=93 | prompt=night_scene | req=15a563d8
2026-04-14 20:26:08 | INFO     | generation.augmenter | Augmenting | ann=94 | prompt=night_scene | req=8bd40a92
2026-04-14 20:26:14 | INFO     | generation.augmenter | Augmenting | ann=95 | prompt=night_scene | req=28ec6e71
2026-04-14 20:26:20 | INFO     | generation.augmenter | Augmenting | ann=92 | prompt=snow_environment | req=e3bb3fd8
2026-04-14 20:26:26 | INFO     | generation.augmenter | Augmenting | ann=93 | prompt=snow_environment | req=3050b278
2026-04-14 20:26:32 | INFO     | generation.augmenter | Augmenting | ann=94 | prompt=snow_environment | req=1e211de4
2026-04-14 20:26:38 | INFO     | generation.augmenter | Augmenting | ann=95 | prompt=snow_environment | req=5a733e34
2026-04-14 20:26:44 | INFO     | generation.augmenter | Augmenting | ann=92 | prompt=indoor_wall_texture | req=a3935f3a
2026-04-14 20:26:50 | INFO     | generation.augmenter | Augmenting | ann=93 | prompt=indoor_wall_texture | req=cb63f837
2026-04-14 20:26:56 | INFO     | generation.augmenter | Augmenting | ann=94 | prompt=indoor_wall_texture | req=84d73d7a
2026-04-14 20:27:02 | INFO     | generation.augmenter | Augmenting | ann=95 | prompt=indoor_wall_texture | req=2def50c7
2026-04-14 20:27:08 | INFO     | generation.augmenter | Augmenting | ann=92 | prompt=foggy_exterior | req=9ba92224
2026-04-14 20:28:26 | INFO     | main | Pipeline config loaded from configs/pipeline_config.yaml
2026-04-14 20:28:26 | INFO     | main | Mode: use_mock=True | variants=3 | prompts=['rain_environment', 'night_scene', 'snow_environment', 'indoor_wall_texture', 'foggy_exterior']
2026-04-14 20:28:26 | INFO     | main | === STAGE 1: INGESTION ===
2026-04-14 20:28:26 | INFO     | ingestion.coco_parser | Loading COCO annotations from data\raw\annotations.json
2026-04-14 20:28:26 | INFO     | ingestion.coco_parser | Found 53 images, 4 categories, 131 annotations
2026-04-14 20:28:26 | INFO     | main | === STAGE 2: GENERATION ===
2026-04-14 20:28:26 | INFO     | generation.api_client | Using MockEditClient (offline mode).
2026-04-14 20:28:26 | INFO     | main | === STAGE 3: VALIDATION ===
2026-04-14 20:28:26 | INFO     | main | === STAGE 4: CURATION ===
2026-04-14 20:28:26 | INFO     | main | === RUNNING BATCH PROCESSOR ===
2026-04-14 20:28:26 | INFO     | generation.batch_processor | Starting batch processing pipeline …
2026-04-14 20:28:26 | INFO     | generation.batch_processor | 131 annotations to process (after checkpoint filter).
2026-04-14 20:28:26 | INFO     | generation.augmenter | Augmenting | ann=0 | prompt=rain_environment | req=7a116b4b
2026-04-14 20:28:26 | INFO     | generation.augmenter | Augmenting | ann=1 | prompt=rain_environment | req=a0323ea2
2026-04-14 20:28:26 | INFO     | generation.augmenter | Augmenting | ann=2 | prompt=rain_environment | req=cbc393d9
2026-04-14 20:28:26 | INFO     | generation.augmenter | Augmenting | ann=3 | prompt=rain_environment | req=316ef74b
2026-04-14 20:28:26 | INFO     | generation.augmenter | Augmenting | ann=1 | prompt=night_scene | req=cf5c13a0
2026-04-14 20:28:26 | INFO     | generation.augmenter | Augmenting | ann=0 | prompt=night_scene | req=8d1e206d
2026-04-14 20:28:26 | INFO     | generation.augmenter | Augmenting | ann=2 | prompt=night_scene | req=40137da7
2026-04-14 20:28:26 | INFO     | generation.augmenter | Augmenting | ann=3 | prompt=night_scene | req=e6ab9298
2026-04-14 20:28:26 | INFO     | generation.augmenter | Augmenting | ann=1 | prompt=snow_environment | req=937b7218
2026-04-14 20:28:26 | INFO     | generation.augmenter | Augmenting | ann=0 | prompt=snow_environment | req=9d1de347
2026-04-14 20:28:26 | INFO     | generation.augmenter | Augmenting | ann=2 | prompt=snow_environment | req=715eeb3e
2026-04-14 20:28:26 | INFO     | generation.augmenter | Augmenting | ann=3 | prompt=snow_environment | req=6a9b00a5
2026-04-14 20:28:26 | INFO     | generation.augmenter | Augmenting | ann=1 | prompt=indoor_wall_texture | req=493aec60
2026-04-14 20:28:26 | INFO     | generation.augmenter | Augmenting | ann=0 | prompt=indoor_wall_texture | req=95ad4fe1
2026-04-14 20:28:26 | INFO     | generation.augmenter | Augmenting | ann=2 | prompt=indoor_wall_texture | req=2b82ccb6
2026-04-14 20:28:26 | INFO     | generation.augmenter | Augmenting | ann=1 | prompt=foggy_exterior | req=6a53573c
2026-04-14 20:28:26 | INFO     | generation.augmenter | Augmenting | ann=3 | prompt=indoor_wall_texture | req=71bd9344
2026-04-14 20:28:26 | INFO     | generation.augmenter | Augmenting | ann=0 | prompt=foggy_exterior | req=4d42f3d1
2026-04-14 20:28:26 | INFO     | generation.augmenter | Augmenting | ann=2 | prompt=foggy_exterior | req=0825c6d1
2026-04-14 20:28:26 | INFO     | generation.augmenter | Augmenting | ann=3 | prompt=foggy_exterior | req=bdafe9ff
2026-04-14 20:28:26 | INFO     | curation.curator | Curated → GOLD | 0f9e733a-frame_000124__ann3__rain_environment__316ef74b.jpg
2026-04-14 20:28:26 | INFO     | curation.curator | Curated → GOLD | 54a8cc5a-frame_000036__ann1__rain_environment__a0323ea2.jpg
2026-04-14 20:28:26 | INFO     | curation.curator | Curated → GOLD | 0f9e733a-frame_000124__ann2__rain_environment__cbc393d9.jpg
2026-04-14 20:28:26 | INFO     | curation.curator | Curated → GOLD | 99ffcf1a-frame_000025__ann0__rain_environment__7a116b4b.jpg
2026-04-14 20:28:26 | INFO     | curation.curator | Curated → GOLD | 0f9e733a-frame_000124__ann3__night_scene__e6ab9298.jpg
2026-04-14 20:28:26 | INFO     | curation.curator | Curated → GOLD | 0f9e733a-frame_000124__ann2__night_scene__40137da7.jpg
2026-04-14 20:28:26 | INFO     | curation.curator | Curated → DISCARDED | 0f9e733a-frame_000124__ann3__snow_environment__6a9b00a5.jpg
2026-04-14 20:28:26 | INFO     | curation.curator | Curated → GOLD | 54a8cc5a-frame_000036__ann1__night_scene__cf5c13a0.jpg
2026-04-14 20:28:26 | INFO     | curation.curator | Curated → GOLD | 99ffcf1a-frame_000025__ann0__night_scene__8d1e206d.jpg
2026-04-14 20:28:26 | INFO     | curation.curator | Curated → GOLD | 0f9e733a-frame_000124__ann3__indoor_wall_texture__71bd9344.jpg
2026-04-14 20:28:26 | INFO     | curation.curator | Curated → GOLD | 0f9e733a-frame_000124__ann2__snow_environment__715eeb3e.jpg
2026-04-14 20:28:27 | INFO     | curation.curator | Curated → GOLD | 0f9e733a-frame_000124__ann3__foggy_exterior__bdafe9ff.jpg
2026-04-14 20:28:27 | INFO     | curation.curator | Curated → GOLD | 54a8cc5a-frame_000036__ann1__snow_environment__937b7218.jpg
2026-04-14 20:28:27 | INFO     | generation.augmenter | Augmenting | ann=4 | prompt=rain_environment | req=63f55153
2026-04-14 20:28:27 | INFO     | curation.curator | Curated → GOLD | 99ffcf1a-frame_000025__ann0__snow_environment__9d1de347.jpg
2026-04-14 20:28:27 | INFO     | curation.curator | Curated → GOLD | 0f9e733a-frame_000124__ann2__indoor_wall_texture__2b82ccb6.jpg
2026-04-14 20:28:27 | INFO     | generation.augmenter | Augmenting | ann=4 | prompt=night_scene | req=4fd082be
2026-04-14 20:28:27 | INFO     | curation.curator | Curated → GOLD | 54a8cc5a-frame_000036__ann1__indoor_wall_texture__493aec60.jpg
2026-04-14 20:28:27 | INFO     | curation.curator | Curated → GOLD | 99ffcf1a-frame_000025__ann0__indoor_wall_texture__95ad4fe1.jpg
2026-04-14 20:28:27 | INFO     | generation.augmenter | Augmenting | ann=4 | prompt=snow_environment | req=9d9400be
2026-04-14 20:28:27 | INFO     | curation.curator | Curated → GOLD | 0f9e733a-frame_000124__ann2__foggy_exterior__0825c6d1.jpg
2026-04-14 20:28:27 | INFO     | generation.augmenter | Augmenting | ann=5 | prompt=rain_environment | req=9a852ce4
2026-04-14 20:28:27 | INFO     | generation.augmenter | Augmenting | ann=4 | prompt=indoor_wall_texture | req=0bd99e72
2026-04-14 20:28:27 | INFO     | curation.curator | Curated → GOLD | 54a8cc5a-frame_000036__ann1__foggy_exterior__6a53573c.jpg
2026-04-14 20:28:27 | INFO     | curation.curator | Curated → GOLD | 99ffcf1a-frame_000025__ann0__foggy_exterior__4d42f3d1.jpg
2026-04-14 20:28:27 | INFO     | generation.augmenter | Augmenting | ann=5 | prompt=night_scene | req=ac62010f
2026-04-14 20:28:27 | INFO     | generation.augmenter | Augmenting | ann=7 | prompt=rain_environment | req=3e5889c4
2026-04-14 20:28:27 | INFO     | generation.augmenter | Augmenting | ann=6 | prompt=rain_environment | req=ce240075
2026-04-14 20:28:27 | INFO     | generation.augmenter | Augmenting | ann=4 | prompt=foggy_exterior | req=17ae9757
2026-04-14 20:28:27 | INFO     | generation.augmenter | Augmenting | ann=5 | prompt=snow_environment | req=2301905a
2026-04-14 20:28:27 | INFO     | generation.augmenter | Augmenting | ann=6 | prompt=night_scene | req=bd6f74f9
2026-04-14 20:28:27 | INFO     | generation.augmenter | Augmenting | ann=7 | prompt=night_scene | req=c9ba158d
2026-04-14 20:28:27 | INFO     | generation.augmenter | Augmenting | ann=5 | prompt=indoor_wall_texture | req=923f4432
2026-04-14 20:28:27 | INFO     | curation.curator | Curated → GOLD | 0f9e733a-frame_000124__ann4__rain_environment__63f55153.jpg
2026-04-14 20:28:27 | INFO     | generation.augmenter | Augmenting | ann=6 | prompt=snow_environment | req=81869ef0
2026-04-14 20:28:27 | INFO     | curation.curator | Curated → GOLD | 0f9e733a-frame_000124__ann4__night_scene__4fd082be.jpg
2026-04-14 20:28:27 | INFO     | generation.augmenter | Augmenting | ann=7 | prompt=snow_environment | req=11f8291f
2026-04-14 20:28:27 | INFO     | curation.curator | Curated → DISCARDED | 0f9e733a-frame_000124__ann4__snow_environment__9d9400be.jpg
2026-04-14 20:28:27 | INFO     | generation.augmenter | Augmenting | ann=5 | prompt=foggy_exterior | req=3cba9f48
2026-04-14 20:28:27 | INFO     | generation.augmenter | Augmenting | ann=6 | prompt=indoor_wall_texture | req=3c459f7d
2026-04-14 20:28:27 | INFO     | curation.curator | Curated → GOLD | 0f9e733a-frame_000124__ann4__indoor_wall_texture__0bd99e72.jpg
2026-04-14 20:28:27 | INFO     | generation.augmenter | Augmenting | ann=7 | prompt=indoor_wall_texture | req=fb174f67
2026-04-14 20:28:27 | INFO     | curation.curator | Curated → GOLD | 0f9e733a-frame_000124__ann4__foggy_exterior__17ae9757.jpg
2026-04-14 20:28:27 | INFO     | generation.augmenter | Augmenting | ann=6 | prompt=foggy_exterior | req=860032d9
2026-04-14 20:28:27 | INFO     | generation.augmenter | Augmenting | ann=7 | prompt=foggy_exterior | req=cbb6e78f
2026-04-14 20:28:27 | INFO     | curation.curator | Curated → GOLD | 19c42235-frame_000126__ann5__rain_environment__9a852ce4.jpg
2026-04-14 20:28:27 | INFO     | curation.curator | Curated → GOLD | 19c42235-frame_000126__ann6__rain_environment__ce240075.jpg
2026-04-14 20:28:27 | INFO     | curation.curator | Curated → GOLD | 19c42235-frame_000126__ann5__night_scene__ac62010f.jpg
2026-04-14 20:28:27 | INFO     | curation.curator | Curated → GOLD | 19c42235-frame_000126__ann7__rain_environment__3e5889c4.jpg
2026-04-14 20:28:27 | INFO     | curation.curator | Curated → DISCARDED | 19c42235-frame_000126__ann6__night_scene__bd6f74f9.jpg
2026-04-14 20:28:27 | INFO     | curation.curator | Curated → DISCARDED | 19c42235-frame_000126__ann7__night_scene__c9ba158d.jpg
2026-04-14 20:28:27 | INFO     | curation.curator | Curated → GOLD | 19c42235-frame_000126__ann5__snow_environment__2301905a.jpg
2026-04-14 20:28:27 | INFO     | curation.curator | Curated → DISCARDED | 19c42235-frame_000126__ann6__snow_environment__81869ef0.jpg
2026-04-14 20:28:27 | INFO     | curation.curator | Curated → DISCARDED | 19c42235-frame_000126__ann7__snow_environment__11f8291f.jpg
2026-04-14 20:28:27 | INFO     | curation.curator | Curated → GOLD | 19c42235-frame_000126__ann6__indoor_wall_texture__3c459f7d.jpg
2026-04-14 20:28:27 | INFO     | curation.curator | Curated → GOLD | 19c42235-frame_000126__ann7__indoor_wall_texture__fb174f67.jpg
2026-04-14 20:28:27 | INFO     | curation.curator | Curated → GOLD | 19c42235-frame_000126__ann5__indoor_wall_texture__923f4432.jpg
2026-04-14 20:28:27 | INFO     | curation.curator | Curated → GOLD | 19c42235-frame_000126__ann6__foggy_exterior__860032d9.jpg
2026-04-14 20:28:27 | INFO     | curation.curator | Curated → GOLD | 19c42235-frame_000126__ann7__foggy_exterior__cbb6e78f.jpg
2026-04-14 20:28:27 | INFO     | curation.curator | Curated → GOLD | 19c42235-frame_000126__ann5__foggy_exterior__3cba9f48.jpg
2026-04-14 20:28:27 | INFO     | generation.augmenter | Augmenting | ann=8 | prompt=rain_environment | req=d5dccc90
2026-04-14 20:28:27 | INFO     | generation.augmenter | Augmenting | ann=9 | prompt=rain_environment | req=1e967ec8
2026-04-14 20:28:27 | INFO     | generation.augmenter | Augmenting | ann=10 | prompt=rain_environment | req=91bde842
2026-04-14 20:28:27 | INFO     | generation.augmenter | Augmenting | ann=11 | prompt=rain_environment | req=70471900
2026-04-14 20:28:27 | INFO     | generation.augmenter | Augmenting | ann=8 | prompt=night_scene | req=0b066b42
2026-04-14 20:28:27 | INFO     | generation.augmenter | Augmenting | ann=11 | prompt=night_scene | req=5d9c4e18
2026-04-14 20:28:27 | INFO     | generation.augmenter | Augmenting | ann=10 | prompt=night_scene | req=8e51b764
2026-04-14 20:28:27 | INFO     | generation.augmenter | Augmenting | ann=9 | prompt=night_scene | req=907d2f74
2026-04-14 20:28:27 | INFO     | generation.augmenter | Augmenting | ann=8 | prompt=snow_environment | req=386f4eec
2026-04-14 20:28:27 | INFO     | generation.augmenter | Augmenting | ann=11 | prompt=snow_environment | req=f269fb26
2026-04-14 20:28:27 | INFO     | generation.augmenter | Augmenting | ann=10 | prompt=snow_environment | req=84493881
2026-04-14 20:28:27 | INFO     | generation.augmenter | Augmenting | ann=9 | prompt=snow_environment | req=748e8c91
2026-04-14 20:28:27 | INFO     | generation.augmenter | Augmenting | ann=8 | prompt=indoor_wall_texture | req=0b275135
2026-04-14 20:28:27 | INFO     | generation.augmenter | Augmenting | ann=11 | prompt=indoor_wall_texture | req=0e3dd76b
2026-04-14 20:28:27 | INFO     | generation.augmenter | Augmenting | ann=10 | prompt=indoor_wall_texture | req=18ae3a34
2026-04-14 20:28:27 | INFO     | generation.augmenter | Augmenting | ann=9 | prompt=indoor_wall_texture | req=0aa5f8c5
2026-04-14 20:28:27 | INFO     | generation.augmenter | Augmenting | ann=8 | prompt=foggy_exterior | req=1b688b76
2026-04-14 20:28:27 | INFO     | generation.augmenter | Augmenting | ann=11 | prompt=foggy_exterior | req=a03d2257
2026-04-14 20:28:27 | INFO     | generation.augmenter | Augmenting | ann=10 | prompt=foggy_exterior | req=a97394cf
2026-04-14 20:28:27 | INFO     | generation.augmenter | Augmenting | ann=9 | prompt=foggy_exterior | req=818badc7
2026-04-14 20:28:27 | INFO     | curation.curator | Curated → GOLD | aa8065dd-frame_000139__ann8__rain_environment__d5dccc90.jpg
2026-04-14 20:28:27 | INFO     | curation.curator | Curated → GOLD | edca6cf8-frame_000148__ann11__rain_environment__70471900.jpg
2026-04-14 20:28:27 | INFO     | curation.curator | Curated → DISCARDED | aa8065dd-frame_000139__ann10__rain_environment__91bde842.jpg
2026-04-14 20:28:27 | INFO     | curation.curator | Curated → GOLD | aa8065dd-frame_000139__ann8__night_scene__0b066b42.jpg
2026-04-14 20:28:27 | INFO     | curation.curator | Curated → GOLD | aa8065dd-frame_000139__ann9__rain_environment__1e967ec8.jpg
2026-04-14 20:28:27 | INFO     | curation.curator | Curated → GOLD | edca6cf8-frame_000148__ann11__night_scene__5d9c4e18.jpg
2026-04-14 20:28:27 | INFO     | curation.curator | Curated → DISCARDED | aa8065dd-frame_000139__ann10__night_scene__8e51b764.jpg
2026-04-14 20:28:27 | INFO     | curation.curator | Curated → GOLD | aa8065dd-frame_000139__ann8__snow_environment__386f4eec.jpg
2026-04-14 20:28:27 | INFO     | curation.curator | Curated → GOLD | aa8065dd-frame_000139__ann9__night_scene__907d2f74.jpg
2026-04-14 20:28:27 | INFO     | curation.curator | Curated → GOLD | edca6cf8-frame_000148__ann11__snow_environment__f269fb26.jpg
2026-04-14 20:28:27 | INFO     | curation.curator | Curated → DISCARDED | aa8065dd-frame_000139__ann10__snow_environment__84493881.jpg
2026-04-14 20:28:27 | INFO     | curation.curator | Curated → GOLD | aa8065dd-frame_000139__ann8__indoor_wall_texture__0b275135.jpg
2026-04-14 20:28:27 | INFO     | curation.curator | Curated → DISCARDED | aa8065dd-frame_000139__ann9__snow_environment__748e8c91.jpg
2026-04-14 20:28:27 | INFO     | curation.curator | Curated → GOLD | aa8065dd-frame_000139__ann10__indoor_wall_texture__18ae3a34.jpg
2026-04-14 20:28:27 | INFO     | curation.curator | Curated → GOLD | edca6cf8-frame_000148__ann11__indoor_wall_texture__0e3dd76b.jpg
2026-04-14 20:28:27 | INFO     | curation.curator | Curated → GOLD | aa8065dd-frame_000139__ann9__indoor_wall_texture__0aa5f8c5.jpg
2026-04-14 20:28:27 | INFO     | curation.curator | Curated → GOLD | aa8065dd-frame_000139__ann8__foggy_exterior__1b688b76.jpg
2026-04-14 20:28:27 | INFO     | generation.augmenter | Augmenting | ann=12 | prompt=rain_environment | req=ccd4c6a6
2026-04-14 20:28:28 | INFO     | curation.curator | Curated → DISCARDED | aa8065dd-frame_000139__ann10__foggy_exterior__a97394cf.jpg
2026-04-14 20:28:28 | INFO     | curation.curator | Curated → GOLD | edca6cf8-frame_000148__ann11__foggy_exterior__a03d2257.jpg
2026-04-14 20:28:28 | INFO     | generation.augmenter | Augmenting | ann=13 | prompt=rain_environment | req=e6e4c3c2
2026-04-14 20:28:28 | INFO     | generation.augmenter | Augmenting | ann=14 | prompt=rain_environment | req=c360b1f3
2026-04-14 20:28:28 | INFO     | curation.curator | Curated → GOLD | aa8065dd-frame_000139__ann9__foggy_exterior__818badc7.jpg
2026-04-14 20:28:28 | INFO     | generation.augmenter | Augmenting | ann=15 | prompt=rain_environment | req=3f7e0ca3
2026-04-14 20:28:28 | INFO     | generation.augmenter | Augmenting | ann=12 | prompt=night_scene | req=d1d1bd96
2026-04-14 20:28:28 | INFO     | generation.augmenter | Augmenting | ann=14 | prompt=night_scene | req=28e3d56f
2026-04-14 20:28:28 | INFO     | generation.augmenter | Augmenting | ann=13 | prompt=night_scene | req=92d40f4b
2026-04-14 20:28:28 | INFO     | generation.augmenter | Augmenting | ann=15 | prompt=night_scene | req=2f1fdd2e
2026-04-14 20:28:28 | INFO     | generation.augmenter | Augmenting | ann=12 | prompt=snow_environment | req=0a8ea4bc
2026-04-14 20:28:28 | INFO     | generation.augmenter | Augmenting | ann=14 | prompt=snow_environment | req=0edf74d6
2026-04-14 20:28:28 | INFO     | generation.augmenter | Augmenting | ann=13 | prompt=snow_environment | req=49ec5d91
2026-04-14 20:28:28 | INFO     | generation.augmenter | Augmenting | ann=15 | prompt=snow_environment | req=53b47dd8
2026-04-14 20:28:28 | INFO     | generation.augmenter | Augmenting | ann=12 | prompt=indoor_wall_texture | req=a0f49d8c
2026-04-14 20:28:28 | INFO     | generation.augmenter | Augmenting | ann=14 | prompt=indoor_wall_texture | req=ea8b218f
2026-04-14 20:28:28 | INFO     | generation.augmenter | Augmenting | ann=13 | prompt=indoor_wall_texture | req=ae6653ed
2026-04-14 20:28:28 | INFO     | generation.augmenter | Augmenting | ann=15 | prompt=indoor_wall_texture | req=b24b88b3
2026-04-14 20:28:28 | INFO     | generation.augmenter | Augmenting | ann=12 | prompt=foggy_exterior | req=d4bd3c3c
2026-04-14 20:28:28 | INFO     | generation.augmenter | Augmenting | ann=14 | prompt=foggy_exterior | req=62dc0e97
2026-04-14 20:28:28 | INFO     | generation.augmenter | Augmenting | ann=13 | prompt=foggy_exterior | req=888d190d
2026-04-14 20:28:28 | INFO     | generation.augmenter | Augmenting | ann=15 | prompt=foggy_exterior | req=28ececf0
2026-04-14 20:28:28 | INFO     | curation.curator | Curated → GOLD | edca6cf8-frame_000148__ann12__rain_environment__ccd4c6a6.jpg
2026-04-14 20:28:28 | INFO     | curation.curator | Curated → GOLD | edca6cf8-frame_000148__ann12__night_scene__d1d1bd96.jpg
2026-04-14 20:28:28 | INFO     | curation.curator | Curated → DISCARDED | edca6cf8-frame_000148__ann13__rain_environment__e6e4c3c2.jpg
2026-04-14 20:28:28 | INFO     | curation.curator | Curated → GOLD | 611f0c91-frame_000152__ann14__rain_environment__c360b1f3.jpg
2026-04-14 20:28:28 | INFO     | curation.curator | Curated → DISCARDED | 611f0c91-frame_000152__ann15__rain_environment__3f7e0ca3.jpg
2026-04-14 20:28:28 | INFO     | curation.curator | Curated → GOLD | edca6cf8-frame_000148__ann13__night_scene__92d40f4b.jpg
2026-04-14 20:28:28 | INFO     | curation.curator | Curated → DISCARDED | edca6cf8-frame_000148__ann12__snow_environment__0a8ea4bc.jpg
2026-04-14 20:28:28 | INFO     | curation.curator | Curated → GOLD | 611f0c91-frame_000152__ann14__night_scene__28e3d56f.jpg
2026-04-14 20:28:28 | INFO     | curation.curator | Curated → GOLD | edca6cf8-frame_000148__ann12__indoor_wall_texture__a0f49d8c.jpg
2026-04-14 20:28:28 | INFO     | curation.curator | Curated → GOLD | 611f0c91-frame_000152__ann15__night_scene__2f1fdd2e.jpg
2026-04-14 20:28:28 | INFO     | curation.curator | Curated → DISCARDED | edca6cf8-frame_000148__ann13__snow_environment__49ec5d91.jpg
2026-04-14 20:28:28 | INFO     | curation.curator | Curated → GOLD | edca6cf8-frame_000148__ann12__foggy_exterior__d4bd3c3c.jpg
2026-04-14 20:28:28 | INFO     | curation.curator | Curated → GOLD | edca6cf8-frame_000148__ann13__indoor_wall_texture__ae6653ed.jpg
2026-04-14 20:28:28 | INFO     | curation.curator | Curated → GOLD | 611f0c91-frame_000152__ann14__snow_environment__0edf74d6.jpg
2026-04-14 20:28:28 | INFO     | curation.curator | Curated → DISCARDED | 611f0c91-frame_000152__ann15__snow_environment__53b47dd8.jpg
2026-04-14 20:28:28 | INFO     | curation.curator | Curated → DISCARDED | edca6cf8-frame_000148__ann13__foggy_exterior__888d190d.jpg
2026-04-14 20:28:28 | INFO     | curation.curator | Curated → GOLD | 611f0c91-frame_000152__ann14__indoor_wall_texture__ea8b218f.jpg
2026-04-14 20:28:28 | INFO     | curation.curator | Curated → GOLD | 611f0c91-frame_000152__ann15__indoor_wall_texture__b24b88b3.jpg
2026-04-14 20:28:28 | INFO     | curation.curator | Curated → GOLD | 611f0c91-frame_000152__ann14__foggy_exterior__62dc0e97.jpg
2026-04-14 20:28:28 | INFO     | curation.curator | Curated → DISCARDED | 611f0c91-frame_000152__ann15__foggy_exterior__28ececf0.jpg
2026-04-14 20:28:28 | INFO     | generation.augmenter | Augmenting | ann=16 | prompt=rain_environment | req=1a3d491f
2026-04-14 20:28:28 | INFO     | generation.augmenter | Augmenting | ann=17 | prompt=rain_environment | req=067749c9
2026-04-14 20:28:28 | INFO     | generation.augmenter | Augmenting | ann=18 | prompt=rain_environment | req=716922ec
2026-04-14 20:28:28 | INFO     | generation.augmenter | Augmenting | ann=19 | prompt=rain_environment | req=c110d2a7
2026-04-14 20:28:28 | INFO     | generation.augmenter | Augmenting | ann=16 | prompt=night_scene | req=32299cca
2026-04-14 20:28:28 | INFO     | generation.augmenter | Augmenting | ann=17 | prompt=night_scene | req=1c6f5a4b
2026-04-14 20:28:28 | INFO     | generation.augmenter | Augmenting | ann=18 | prompt=night_scene | req=43562b7a
2026-04-14 20:28:28 | INFO     | generation.augmenter | Augmenting | ann=19 | prompt=night_scene | req=c8ff578c
2026-04-14 20:28:28 | INFO     | generation.augmenter | Augmenting | ann=16 | prompt=snow_environment | req=8d4fe7bf
2026-04-14 20:28:28 | INFO     | generation.augmenter | Augmenting | ann=17 | prompt=snow_environment | req=acf35c01
2026-04-14 20:28:28 | INFO     | generation.augmenter | Augmenting | ann=18 | prompt=snow_environment | req=6ce90cee
2026-04-14 20:28:28 | INFO     | generation.augmenter | Augmenting | ann=19 | prompt=snow_environment | req=e2f02a16
2026-04-14 20:28:28 | INFO     | generation.augmenter | Augmenting | ann=16 | prompt=indoor_wall_texture | req=27480bc5
2026-04-14 20:28:28 | INFO     | generation.augmenter | Augmenting | ann=17 | prompt=indoor_wall_texture | req=1d89b01f
2026-04-14 20:28:28 | INFO     | generation.augmenter | Augmenting | ann=18 | prompt=indoor_wall_texture | req=c26373d0
2026-04-14 20:28:28 | INFO     | generation.augmenter | Augmenting | ann=19 | prompt=indoor_wall_texture | req=03009fac
2026-04-14 20:28:28 | INFO     | generation.augmenter | Augmenting | ann=16 | prompt=foggy_exterior | req=8a3cdebc
2026-04-14 20:28:28 | INFO     | generation.augmenter | Augmenting | ann=17 | prompt=foggy_exterior | req=d43c8db2
2026-04-14 20:28:28 | INFO     | generation.augmenter | Augmenting | ann=18 | prompt=foggy_exterior | req=55379e84
2026-04-14 20:28:28 | INFO     | generation.augmenter | Augmenting | ann=19 | prompt=foggy_exterior | req=7260c0e2
2026-04-14 20:28:28 | INFO     | curation.curator | Curated → DISCARDED | 611f0c91-frame_000152__ann16__rain_environment__1a3d491f.jpg
2026-04-14 20:28:28 | INFO     | curation.curator | Curated → GOLD | 611f0c91-frame_000152__ann16__night_scene__32299cca.jpg
2026-04-14 20:28:28 | INFO     | curation.curator | Curated → GOLD | 46cdfa89-frame_000153__ann17__rain_environment__067749c9.jpg
2026-04-14 20:28:28 | INFO     | curation.curator | Curated → DISCARDED | 46cdfa89-frame_000153__ann18__rain_environment__716922ec.jpg
2026-04-14 20:28:28 | INFO     | curation.curator | Curated → DISCARDED | 611f0c91-frame_000152__ann16__snow_environment__8d4fe7bf.jpg
2026-04-14 20:28:28 | INFO     | curation.curator | Curated → DISCARDED | 46cdfa89-frame_000153__ann19__rain_environment__c110d2a7.jpg
2026-04-14 20:28:28 | INFO     | curation.curator | Curated → GOLD | 46cdfa89-frame_000153__ann18__night_scene__43562b7a.jpg
2026-04-14 20:28:28 | INFO     | curation.curator | Curated → GOLD | 611f0c91-frame_000152__ann16__indoor_wall_texture__27480bc5.jpg
2026-04-14 20:28:28 | INFO     | curation.curator | Curated → GOLD | 46cdfa89-frame_000153__ann17__night_scene__1c6f5a4b.jpg
2026-04-14 20:28:28 | INFO     | curation.curator | Curated → GOLD | 46cdfa89-frame_000153__ann19__night_scene__c8ff578c.jpg
2026-04-14 20:28:28 | INFO     | curation.curator | Curated → DISCARDED | 611f0c91-frame_000152__ann16__foggy_exterior__8a3cdebc.jpg
2026-04-14 20:28:28 | INFO     | generation.augmenter | Augmenting | ann=20 | prompt=rain_environment | req=d5e0d1a7
2026-04-14 20:28:28 | INFO     | curation.curator | Curated → DISCARDED | 46cdfa89-frame_000153__ann18__snow_environment__6ce90cee.jpg
2026-04-14 20:28:28 | INFO     | curation.curator | Curated → DISCARDED | 46cdfa89-frame_000153__ann19__snow_environment__e2f02a16.jpg
2026-04-14 20:28:28 | INFO     | curation.curator | Curated → GOLD | 46cdfa89-frame_000153__ann17__snow_environment__acf35c01.jpg
2026-04-14 20:28:28 | INFO     | curation.curator | Curated → GOLD | 46cdfa89-frame_000153__ann18__indoor_wall_texture__c26373d0.jpg
2026-04-14 20:28:28 | INFO     | generation.augmenter | Augmenting | ann=20 | prompt=night_scene | req=6d5b8d2b
2026-04-14 20:28:28 | INFO     | curation.curator | Curated → GOLD | 46cdfa89-frame_000153__ann19__indoor_wall_texture__03009fac.jpg
2026-04-14 20:28:28 | INFO     | curation.curator | Curated → DISCARDED | 46cdfa89-frame_000153__ann18__foggy_exterior__55379e84.jpg
2026-04-14 20:28:28 | INFO     | generation.augmenter | Augmenting | ann=21 | prompt=rain_environment | req=e452ea0b
2026-04-14 20:28:28 | INFO     | curation.curator | Curated → DISCARDED | 46cdfa89-frame_000153__ann19__foggy_exterior__7260c0e2.jpg
2026-04-14 20:28:28 | INFO     | curation.curator | Curated → GOLD | 46cdfa89-frame_000153__ann17__indoor_wall_texture__1d89b01f.jpg
2026-04-14 20:28:28 | INFO     | generation.augmenter | Augmenting | ann=22 | prompt=rain_environment | req=740fdab2
2026-04-14 20:28:28 | INFO     | generation.augmenter | Augmenting | ann=20 | prompt=snow_environment | req=f692bf1b
2026-04-14 20:28:28 | INFO     | generation.augmenter | Augmenting | ann=21 | prompt=night_scene | req=7223937a
2026-04-14 20:28:28 | INFO     | curation.curator | Curated → GOLD | 46cdfa89-frame_000153__ann17__foggy_exterior__d43c8db2.jpg
2026-04-14 20:28:28 | INFO     | generation.augmenter | Augmenting | ann=23 | prompt=rain_environment | req=9fdd1928
2026-04-14 20:28:28 | INFO     | generation.augmenter | Augmenting | ann=22 | prompt=night_scene | req=d5ea39b1
2026-04-14 20:28:28 | INFO     | generation.augmenter | Augmenting | ann=20 | prompt=indoor_wall_texture | req=a89a5c28
2026-04-14 20:28:28 | INFO     | generation.augmenter | Augmenting | ann=21 | prompt=snow_environment | req=61b60ecb
2026-04-14 20:28:28 | INFO     | generation.augmenter | Augmenting | ann=23 | prompt=night_scene | req=60c9bc84
2026-04-14 20:28:28 | INFO     | generation.augmenter | Augmenting | ann=22 | prompt=snow_environment | req=8f78f8d8
2026-04-14 20:28:28 | INFO     | generation.augmenter | Augmenting | ann=20 | prompt=foggy_exterior | req=afae394c
2026-04-14 20:28:28 | INFO     | generation.augmenter | Augmenting | ann=21 | prompt=indoor_wall_texture | req=37adad38
2026-04-14 20:28:28 | INFO     | generation.augmenter | Augmenting | ann=23 | prompt=snow_environment | req=32f7661f
2026-04-14 20:28:28 | INFO     | generation.augmenter | Augmenting | ann=22 | prompt=indoor_wall_texture | req=948e783a
2026-04-14 20:28:28 | INFO     | generation.augmenter | Augmenting | ann=21 | prompt=foggy_exterior | req=52e333f5
2026-04-14 20:28:28 | INFO     | curation.curator | Curated → GOLD | 35ebbe8d-frame_000163__ann20__rain_environment__d5e0d1a7.jpg
2026-04-14 20:28:28 | INFO     | generation.augmenter | Augmenting | ann=23 | prompt=indoor_wall_texture | req=6d8b4afa
2026-04-14 20:28:29 | INFO     | generation.augmenter | Augmenting | ann=22 | prompt=foggy_exterior | req=4efec434
2026-04-14 20:28:29 | INFO     | curation.curator | Curated → GOLD | 35ebbe8d-frame_000163__ann20__night_scene__6d5b8d2b.jpg
2026-04-14 20:28:29 | INFO     | generation.augmenter | Augmenting | ann=23 | prompt=foggy_exterior | req=0d200add
2026-04-14 20:28:29 | INFO     | curation.curator | Curated → GOLD | 35ebbe8d-frame_000163__ann20__snow_environment__f692bf1b.jpg
2026-04-14 20:28:29 | INFO     | curation.curator | Curated → DISCARDED | 35ebbe8d-frame_000163__ann21__rain_environment__e452ea0b.jpg
2026-04-14 20:28:29 | INFO     | curation.curator | Curated → DISCARDED | 35ebbe8d-frame_000163__ann22__rain_environment__740fdab2.jpg
2026-04-14 20:28:29 | INFO     | curation.curator | Curated → GOLD | 35ebbe8d-frame_000163__ann21__night_scene__7223937a.jpg
2026-04-14 20:28:29 | INFO     | curation.curator | Curated → GOLD | 35ebbe8d-frame_000163__ann20__indoor_wall_texture__a89a5c28.jpg
2026-04-14 20:28:29 | INFO     | curation.curator | Curated → GOLD | 35ebbe8d-frame_000163__ann22__night_scene__d5ea39b1.jpg
2026-04-14 20:28:29 | INFO     | curation.curator | Curated → DISCARDED | 35ebbe8d-frame_000163__ann21__snow_environment__61b60ecb.jpg
2026-04-14 20:28:29 | INFO     | curation.curator | Curated → GOLD | 60cb287d-frame_000165__ann23__rain_environment__9fdd1928.jpg
2026-04-14 20:28:29 | INFO     | curation.curator | Curated → GOLD | 35ebbe8d-frame_000163__ann20__foggy_exterior__afae394c.jpg
2026-04-14 20:28:29 | INFO     | curation.curator | Curated → GOLD | 35ebbe8d-frame_000163__ann21__indoor_wall_texture__37adad38.jpg
2026-04-14 20:28:29 | INFO     | curation.curator | Curated → DISCARDED | 35ebbe8d-frame_000163__ann22__snow_environment__8f78f8d8.jpg
2026-04-14 20:28:29 | INFO     | curation.curator | Curated → GOLD | 60cb287d-frame_000165__ann23__night_scene__60c9bc84.jpg
2026-04-14 20:28:29 | INFO     | curation.curator | Curated → DISCARDED | 35ebbe8d-frame_000163__ann21__foggy_exterior__52e333f5.jpg
2026-04-14 20:28:29 | INFO     | curation.curator | Curated → DISCARDED | 35ebbe8d-frame_000163__ann22__indoor_wall_texture__948e783a.jpg
2026-04-14 20:28:29 | INFO     | curation.curator | Curated → DISCARDED | 35ebbe8d-frame_000163__ann22__foggy_exterior__4efec434.jpg
2026-04-14 20:28:29 | INFO     | curation.curator | Curated → GOLD | 60cb287d-frame_000165__ann23__snow_environment__32f7661f.jpg
2026-04-14 20:28:29 | INFO     | curation.curator | Curated → GOLD | 60cb287d-frame_000165__ann23__indoor_wall_texture__6d8b4afa.jpg
2026-04-14 20:28:29 | INFO     | curation.curator | Curated → GOLD | 60cb287d-frame_000165__ann23__foggy_exterior__0d200add.jpg
2026-04-14 20:28:29 | INFO     | generation.augmenter | Augmenting | ann=26 | prompt=rain_environment | req=fd4e02b0
2026-04-14 20:28:29 | INFO     | generation.augmenter | Augmenting | ann=24 | prompt=rain_environment | req=91c80f07
2026-04-14 20:28:29 | INFO     | generation.augmenter | Augmenting | ann=25 | prompt=rain_environment | req=ab919a04
2026-04-14 20:28:29 | INFO     | generation.augmenter | Augmenting | ann=27 | prompt=rain_environment | req=be1c5df1
2026-04-14 20:28:29 | INFO     | generation.augmenter | Augmenting | ann=26 | prompt=night_scene | req=6318daa6
2026-04-14 20:28:29 | INFO     | generation.augmenter | Augmenting | ann=27 | prompt=night_scene | req=dba80953
2026-04-14 20:28:29 | INFO     | generation.augmenter | Augmenting | ann=24 | prompt=night_scene | req=739d66cb
2026-04-14 20:28:29 | INFO     | generation.augmenter | Augmenting | ann=25 | prompt=night_scene | req=0e8f5126
2026-04-14 20:28:29 | INFO     | generation.augmenter | Augmenting | ann=26 | prompt=snow_environment | req=fab6cc37
2026-04-14 20:28:29 | INFO     | generation.augmenter | Augmenting | ann=27 | prompt=snow_environment | req=ff9b6aaa
2026-04-14 20:28:29 | INFO     | generation.augmenter | Augmenting | ann=24 | prompt=snow_environment | req=9d5c0171
2026-04-14 20:28:29 | INFO     | generation.augmenter | Augmenting | ann=25 | prompt=snow_environment | req=b9c8c166
2026-04-14 20:28:29 | INFO     | generation.augmenter | Augmenting | ann=26 | prompt=indoor_wall_texture | req=23d64a31
2026-04-14 20:28:29 | INFO     | generation.augmenter | Augmenting | ann=27 | prompt=indoor_wall_texture | req=47d79af9
2026-04-14 20:28:29 | INFO     | generation.augmenter | Augmenting | ann=24 | prompt=indoor_wall_texture | req=1a225705
2026-04-14 20:28:29 | INFO     | generation.augmenter | Augmenting | ann=25 | prompt=indoor_wall_texture | req=e2eaf840
2026-04-14 20:28:29 | INFO     | generation.augmenter | Augmenting | ann=26 | prompt=foggy_exterior | req=a493d2f5
2026-04-14 20:28:29 | INFO     | generation.augmenter | Augmenting | ann=27 | prompt=foggy_exterior | req=613e57c8
2026-04-14 20:28:29 | INFO     | generation.augmenter | Augmenting | ann=24 | prompt=foggy_exterior | req=a2dfc0dc
2026-04-14 20:28:29 | INFO     | generation.augmenter | Augmenting | ann=25 | prompt=foggy_exterior | req=d817c6a4
2026-04-14 20:28:29 | INFO     | curation.curator | Curated → GOLD | 986e8a84-frame_000170__ann26__rain_environment__fd4e02b0.jpg
2026-04-14 20:28:29 | INFO     | curation.curator | Curated → DISCARDED | 986e8a84-frame_000170__ann27__rain_environment__be1c5df1.jpg
2026-04-14 20:28:29 | INFO     | curation.curator | Curated → GOLD | 986e8a84-frame_000170__ann27__night_scene__dba80953.jpg
2026-04-14 20:28:29 | INFO     | curation.curator | Curated → DISCARDED | 60cb287d-frame_000165__ann24__rain_environment__91c80f07.jpg
2026-04-14 20:28:29 | INFO     | curation.curator | Curated → GOLD | 986e8a84-frame_000170__ann26__night_scene__6318daa6.jpg
2026-04-14 20:28:29 | INFO     | curation.curator | Curated → DISCARDED | 986e8a84-frame_000170__ann27__snow_environment__ff9b6aaa.jpg
2026-04-14 20:28:29 | INFO     | curation.curator | Curated → DISCARDED | 60cb287d-frame_000165__ann25__rain_environment__ab919a04.jpg
2026-04-14 20:28:29 | INFO     | curation.curator | Curated → GOLD | 986e8a84-frame_000170__ann27__indoor_wall_texture__47d79af9.jpg
2026-04-14 20:28:29 | INFO     | curation.curator | Curated → DISCARDED | 60cb287d-frame_000165__ann24__night_scene__739d66cb.jpg
2026-04-14 20:28:29 | INFO     | curation.curator | Curated → DISCARDED | 986e8a84-frame_000170__ann27__foggy_exterior__613e57c8.jpg
2026-04-14 20:28:29 | INFO     | curation.curator | Curated → GOLD | 986e8a84-frame_000170__ann26__snow_environment__fab6cc37.jpg
2026-04-14 20:28:29 | INFO     | generation.augmenter | Augmenting | ann=28 | prompt=rain_environment | req=379489a7
2026-04-14 20:28:29 | INFO     | curation.curator | Curated → GOLD | 60cb287d-frame_000165__ann25__night_scene__0e8f5126.jpg
2026-04-14 20:28:29 | INFO     | curation.curator | Curated → DISCARDED | 60cb287d-frame_000165__ann24__snow_environment__9d5c0171.jpg
2026-04-14 20:28:29 | INFO     | generation.augmenter | Augmenting | ann=28 | prompt=night_scene | req=dd82c5b3
2026-04-14 20:28:29 | INFO     | curation.curator | Curated → DISCARDED | 60cb287d-frame_000165__ann25__snow_environment__b9c8c166.jpg
2026-04-14 20:28:29 | INFO     | curation.curator | Curated → DISCARDED | 60cb287d-frame_000165__ann24__indoor_wall_texture__1a225705.jpg
2026-04-14 20:28:29 | INFO     | curation.curator | Curated → GOLD | 986e8a84-frame_000170__ann26__indoor_wall_texture__23d64a31.jpg
2026-04-14 20:28:29 | INFO     | generation.augmenter | Augmenting | ann=28 | prompt=snow_environment | req=3a5453ae
2026-04-14 20:28:29 | INFO     | curation.curator | Curated → GOLD | 60cb287d-frame_000165__ann25__indoor_wall_texture__e2eaf840.jpg
2026-04-14 20:28:29 | INFO     | curation.curator | Curated → DISCARDED | 60cb287d-frame_000165__ann24__foggy_exterior__a2dfc0dc.jpg
2026-04-14 20:28:29 | INFO     | generation.augmenter | Augmenting | ann=29 | prompt=rain_environment | req=825e3700
2026-04-14 20:28:29 | INFO     | generation.augmenter | Augmenting | ann=28 | prompt=indoor_wall_texture | req=52437c4b
2026-04-14 20:28:29 | INFO     | curation.curator | Curated → DISCARDED | 60cb287d-frame_000165__ann25__foggy_exterior__d817c6a4.jpg
2026-04-14 20:28:29 | INFO     | generation.augmenter | Augmenting | ann=30 | prompt=rain_environment | req=2ee5af0c
2026-04-14 20:28:29 | INFO     | generation.augmenter | Augmenting | ann=29 | prompt=night_scene | req=d629908b
2026-04-14 20:28:29 | INFO     | curation.curator | Curated → GOLD | 986e8a84-frame_000170__ann26__foggy_exterior__a493d2f5.jpg
2026-04-14 20:28:29 | INFO     | generation.augmenter | Augmenting | ann=31 | prompt=rain_environment | req=786841de
2026-04-14 20:28:29 | INFO     | generation.augmenter | Augmenting | ann=28 | prompt=foggy_exterior | req=b84cd51d
2026-04-14 20:28:29 | INFO     | generation.augmenter | Augmenting | ann=30 | prompt=night_scene | req=951888f8
2026-04-14 20:28:29 | INFO     | generation.augmenter | Augmenting | ann=29 | prompt=snow_environment | req=b513b0a8
2026-04-14 20:28:29 | INFO     | curation.curator | Curated → DISCARDED | 986e8a84-frame_000170__ann28__rain_environment__379489a7.jpg
2026-04-14 20:28:29 | INFO     | generation.augmenter | Augmenting | ann=31 | prompt=night_scene | req=d76ba98c
2026-04-14 20:28:29 | INFO     | curation.curator | Curated → GOLD | 986e8a84-frame_000170__ann28__night_scene__dd82c5b3.jpg
2026-04-14 20:28:29 | INFO     | generation.augmenter | Augmenting | ann=30 | prompt=snow_environment | req=261ff59b
2026-04-14 20:28:29 | INFO     | curation.curator | Curated → DISCARDED | 986e8a84-frame_000170__ann28__snow_environment__3a5453ae.jpg
2026-04-14 20:28:29 | INFO     | generation.augmenter | Augmenting | ann=29 | prompt=indoor_wall_texture | req=16261c61
2026-04-14 20:28:29 | INFO     | generation.augmenter | Augmenting | ann=31 | prompt=snow_environment | req=8e0d43e4
2026-04-14 20:28:29 | INFO     | curation.curator | Curated → GOLD | 986e8a84-frame_000170__ann28__indoor_wall_texture__52437c4b.jpg
2026-04-14 20:28:29 | INFO     | generation.augmenter | Augmenting | ann=30 | prompt=indoor_wall_texture | req=ed451341
2026-04-14 20:28:29 | INFO     | curation.curator | Curated → DISCARDED | 986e8a84-frame_000170__ann28__foggy_exterior__b84cd51d.jpg
2026-04-14 20:28:29 | INFO     | generation.augmenter | Augmenting | ann=29 | prompt=foggy_exterior | req=2bce5f7b
2026-04-14 20:28:29 | INFO     | generation.augmenter | Augmenting | ann=31 | prompt=indoor_wall_texture | req=dd11e45c
2026-04-14 20:28:29 | INFO     | generation.augmenter | Augmenting | ann=30 | prompt=foggy_exterior | req=f6730b99
2026-04-14 20:28:29 | INFO     | generation.augmenter | Augmenting | ann=31 | prompt=foggy_exterior | req=7552c173
2026-04-14 20:28:29 | INFO     | curation.curator | Curated → GOLD | 976c5bcb-frame_000185__ann29__rain_environment__825e3700.jpg
2026-04-14 20:28:29 | INFO     | curation.curator | Curated → GOLD | 976c5bcb-frame_000185__ann29__night_scene__d629908b.jpg
2026-04-14 20:28:29 | INFO     | curation.curator | Curated → DISCARDED | 976c5bcb-frame_000185__ann30__rain_environment__2ee5af0c.jpg
2026-04-14 20:28:29 | INFO     | curation.curator | Curated → DISCARDED | 976c5bcb-frame_000185__ann31__rain_environment__786841de.jpg
2026-04-14 20:28:29 | INFO     | curation.curator | Curated → GOLD | 976c5bcb-frame_000185__ann30__night_scene__951888f8.jpg
2026-04-14 20:28:29 | INFO     | curation.curator | Curated → GOLD | 976c5bcb-frame_000185__ann31__night_scene__d76ba98c.jpg
2026-04-14 20:28:29 | INFO     | curation.curator | Curated → GOLD | 976c5bcb-frame_000185__ann29__snow_environment__b513b0a8.jpg
2026-04-14 20:28:29 | INFO     | curation.curator | Curated → DISCARDED | 976c5bcb-frame_000185__ann31__snow_environment__8e0d43e4.jpg
2026-04-14 20:28:29 | INFO     | curation.curator | Curated → DISCARDED | 976c5bcb-frame_000185__ann30__snow_environment__261ff59b.jpg
2026-04-14 20:28:29 | INFO     | curation.curator | Curated → GOLD | 976c5bcb-frame_000185__ann29__indoor_wall_texture__16261c61.jpg
2026-04-14 20:28:29 | INFO     | curation.curator | Curated → GOLD | 976c5bcb-frame_000185__ann31__indoor_wall_texture__dd11e45c.jpg
2026-04-14 20:28:29 | INFO     | curation.curator | Curated → GOLD | 976c5bcb-frame_000185__ann30__indoor_wall_texture__ed451341.jpg
2026-04-14 20:28:29 | INFO     | curation.curator | Curated → DISCARDED | 976c5bcb-frame_000185__ann31__foggy_exterior__7552c173.jpg
2026-04-14 20:28:29 | INFO     | curation.curator | Curated → DISCARDED | 976c5bcb-frame_000185__ann30__foggy_exterior__f6730b99.jpg
2026-04-14 20:28:29 | INFO     | curation.curator | Curated → GOLD | 976c5bcb-frame_000185__ann29__foggy_exterior__2bce5f7b.jpg
2026-04-14 20:28:30 | INFO     | generation.augmenter | Augmenting | ann=32 | prompt=rain_environment | req=ab5b7c11
2026-04-14 20:28:30 | INFO     | generation.augmenter | Augmenting | ann=33 | prompt=rain_environment | req=8721b0d4
2026-04-14 20:28:30 | INFO     | generation.augmenter | Augmenting | ann=34 | prompt=rain_environment | req=fbf9672a
2026-04-14 20:28:30 | INFO     | generation.augmenter | Augmenting | ann=35 | prompt=rain_environment | req=d272bddc
2026-04-14 20:28:30 | INFO     | generation.augmenter | Augmenting | ann=33 | prompt=night_scene | req=9cff081c
2026-04-14 20:28:30 | INFO     | generation.augmenter | Augmenting | ann=35 | prompt=night_scene | req=4fe79afb
2026-04-14 20:28:30 | INFO     | generation.augmenter | Augmenting | ann=32 | prompt=night_scene | req=aad66999
2026-04-14 20:28:30 | INFO     | generation.augmenter | Augmenting | ann=34 | prompt=night_scene | req=03cd0338
2026-04-14 20:28:30 | INFO     | generation.augmenter | Augmenting | ann=33 | prompt=snow_environment | req=b626a0df
2026-04-14 20:28:30 | INFO     | generation.augmenter | Augmenting | ann=35 | prompt=snow_environment | req=490f32b0
2026-04-14 20:28:30 | INFO     | generation.augmenter | Augmenting | ann=32 | prompt=snow_environment | req=1e522f30
2026-04-14 20:28:30 | INFO     | generation.augmenter | Augmenting | ann=34 | prompt=snow_environment | req=3b04973d
2026-04-14 20:28:30 | INFO     | generation.augmenter | Augmenting | ann=33 | prompt=indoor_wall_texture | req=b4557812
2026-04-14 20:28:30 | INFO     | generation.augmenter | Augmenting | ann=32 | prompt=indoor_wall_texture | req=adf9090e
2026-04-14 20:28:30 | INFO     | generation.augmenter | Augmenting | ann=35 | prompt=indoor_wall_texture | req=05d04fea
2026-04-14 20:28:30 | INFO     | generation.augmenter | Augmenting | ann=34 | prompt=indoor_wall_texture | req=b7feb42c
2026-04-14 20:28:30 | INFO     | generation.augmenter | Augmenting | ann=33 | prompt=foggy_exterior | req=4ad6c881
2026-04-14 20:28:30 | INFO     | generation.augmenter | Augmenting | ann=32 | prompt=foggy_exterior | req=16759840
2026-04-14 20:28:30 | INFO     | generation.augmenter | Augmenting | ann=35 | prompt=foggy_exterior | req=7496a71c
2026-04-14 20:28:30 | INFO     | generation.augmenter | Augmenting | ann=34 | prompt=foggy_exterior | req=1c32d3ab
2026-04-14 20:28:30 | INFO     | curation.curator | Curated → GOLD | 87ebc59e-frame_000209__ann33__rain_environment__8721b0d4.jpg
2026-04-14 20:28:30 | INFO     | curation.curator | Curated → GOLD | 87ebc59e-frame_000209__ann33__night_scene__9cff081c.jpg
2026-04-14 20:28:30 | INFO     | curation.curator | Curated → GOLD | 2088607c-frame_000212__ann35__rain_environment__d272bddc.jpg
2026-04-14 20:28:30 | INFO     | curation.curator | Curated → GOLD | 87ebc59e-frame_000209__ann32__rain_environment__ab5b7c11.jpg
2026-04-14 20:28:30 | INFO     | curation.curator | Curated → GOLD | 87ebc59e-frame_000209__ann34__rain_environment__fbf9672a.jpg
2026-04-14 20:28:30 | INFO     | curation.curator | Curated → DISCARDED | 87ebc59e-frame_000209__ann33__snow_environment__b626a0df.jpg
2026-04-14 20:28:30 | INFO     | curation.curator | Curated → GOLD | 2088607c-frame_000212__ann35__night_scene__4fe79afb.jpg
2026-04-14 20:28:30 | INFO     | curation.curator | Curated → GOLD | 87ebc59e-frame_000209__ann34__night_scene__03cd0338.jpg
2026-04-14 20:28:30 | INFO     | curation.curator | Curated → GOLD | 87ebc59e-frame_000209__ann33__indoor_wall_texture__b4557812.jpg
2026-04-14 20:28:30 | INFO     | curation.curator | Curated → GOLD | 87ebc59e-frame_000209__ann32__night_scene__aad66999.jpg
2026-04-14 20:28:30 | INFO     | curation.curator | Curated → DISCARDED | 87ebc59e-frame_000209__ann34__snow_environment__3b04973d.jpg
2026-04-14 20:28:30 | INFO     | curation.curator | Curated → GOLD | 2088607c-frame_000212__ann35__snow_environment__490f32b0.jpg
2026-04-14 20:28:30 | INFO     | curation.curator | Curated → GOLD | 87ebc59e-frame_000209__ann33__foggy_exterior__4ad6c881.jpg
2026-04-14 20:28:30 | INFO     | generation.augmenter | Augmenting | ann=36 | prompt=rain_environment | req=e28e6e25
2026-04-14 20:28:30 | INFO     | curation.curator | Curated → GOLD | 87ebc59e-frame_000209__ann32__snow_environment__1e522f30.jpg
2026-04-14 20:28:30 | INFO     | curation.curator | Curated → GOLD | 87ebc59e-frame_000209__ann34__indoor_wall_texture__b7feb42c.jpg
2026-04-14 20:28:30 | INFO     | curation.curator | Curated → GOLD | 2088607c-frame_000212__ann35__indoor_wall_texture__05d04fea.jpg
2026-04-14 20:28:30 | INFO     | curation.curator | Curated → GOLD | 87ebc59e-frame_000209__ann34__foggy_exterior__1c32d3ab.jpg
2026-04-14 20:28:30 | INFO     | generation.augmenter | Augmenting | ann=37 | prompt=rain_environment | req=3df15d0e
2026-04-14 20:28:30 | INFO     | generation.augmenter | Augmenting | ann=36 | prompt=night_scene | req=aa7b3e4b
2026-04-14 20:28:30 | INFO     | curation.curator | Curated → GOLD | 87ebc59e-frame_000209__ann32__indoor_wall_texture__adf9090e.jpg
2026-04-14 20:28:30 | INFO     | curation.curator | Curated → GOLD | 2088607c-frame_000212__ann35__foggy_exterior__7496a71c.jpg
2026-04-14 20:28:30 | INFO     | generation.augmenter | Augmenting | ann=38 | prompt=rain_environment | req=fa1ef990
2026-04-14 20:28:30 | INFO     | curation.curator | Curated → GOLD | 87ebc59e-frame_000209__ann32__foggy_exterior__16759840.jpg
2026-04-14 20:28:30 | INFO     | generation.augmenter | Augmenting | ann=39 | prompt=rain_environment | req=a61ace54
2026-04-14 20:28:30 | INFO     | generation.augmenter | Augmenting | ann=37 | prompt=night_scene | req=b3181a17
2026-04-14 20:28:30 | INFO     | generation.augmenter | Augmenting | ann=36 | prompt=snow_environment | req=808bf981
2026-04-14 20:28:30 | INFO     | generation.augmenter | Augmenting | ann=38 | prompt=night_scene | req=3300b49b
2026-04-14 20:28:30 | INFO     | generation.augmenter | Augmenting | ann=39 | prompt=night_scene | req=193de268
2026-04-14 20:28:30 | INFO     | generation.augmenter | Augmenting | ann=37 | prompt=snow_environment | req=c4c8f415
2026-04-14 20:28:30 | INFO     | generation.augmenter | Augmenting | ann=36 | prompt=indoor_wall_texture | req=0e6c0c63
2026-04-14 20:28:30 | INFO     | generation.augmenter | Augmenting | ann=38 | prompt=snow_environment | req=72390b60
2026-04-14 20:28:30 | INFO     | generation.augmenter | Augmenting | ann=39 | prompt=snow_environment | req=af9250f1
2026-04-14 20:28:30 | INFO     | generation.augmenter | Augmenting | ann=37 | prompt=indoor_wall_texture | req=0c00b2d1
2026-04-14 20:28:30 | INFO     | generation.augmenter | Augmenting | ann=36 | prompt=foggy_exterior | req=a52397fd
2026-04-14 20:28:30 | INFO     | generation.augmenter | Augmenting | ann=38 | prompt=indoor_wall_texture | req=6bb30c39
2026-04-14 20:28:30 | INFO     | generation.augmenter | Augmenting | ann=39 | prompt=indoor_wall_texture | req=e1cf41c7
2026-04-14 20:28:30 | INFO     | generation.augmenter | Augmenting | ann=37 | prompt=foggy_exterior | req=7a643163
2026-04-14 20:28:30 | INFO     | curation.curator | Curated → GOLD | 2088607c-frame_000212__ann36__rain_environment__e28e6e25.jpg
2026-04-14 20:28:30 | INFO     | generation.augmenter | Augmenting | ann=38 | prompt=foggy_exterior | req=b1be4664
2026-04-14 20:28:30 | INFO     | generation.augmenter | Augmenting | ann=39 | prompt=foggy_exterior | req=f9c1e5a2
2026-04-14 20:28:30 | INFO     | curation.curator | Curated → GOLD | 2088607c-frame_000212__ann36__night_scene__aa7b3e4b.jpg
2026-04-14 20:28:30 | INFO     | curation.curator | Curated → GOLD | 2088607c-frame_000212__ann36__snow_environment__808bf981.jpg
2026-04-14 20:28:30 | INFO     | curation.curator | Curated → DISCARDED | 2088607c-frame_000212__ann37__rain_environment__3df15d0e.jpg
2026-04-14 20:28:30 | INFO     | curation.curator | Curated → GOLD | 2088607c-frame_000212__ann36__indoor_wall_texture__0e6c0c63.jpg
2026-04-14 20:28:30 | INFO     | curation.curator | Curated → GOLD | 2088607c-frame_000212__ann37__night_scene__b3181a17.jpg
2026-04-14 20:28:30 | INFO     | curation.curator | Curated → GOLD | 186961d7-frame_000217__ann39__rain_environment__a61ace54.jpg
2026-04-14 20:28:30 | INFO     | curation.curator | Curated → GOLD | 2088607c-frame_000212__ann36__foggy_exterior__a52397fd.jpg
2026-04-14 20:28:30 | INFO     | curation.curator | Curated → GOLD | 186961d7-frame_000217__ann38__rain_environment__fa1ef990.jpg
2026-04-14 20:28:30 | INFO     | curation.curator | Curated → DISCARDED | 2088607c-frame_000212__ann37__snow_environment__c4c8f415.jpg
2026-04-14 20:28:30 | INFO     | curation.curator | Curated → GOLD | 186961d7-frame_000217__ann39__night_scene__193de268.jpg
2026-04-14 20:28:30 | INFO     | curation.curator | Curated → GOLD | 186961d7-frame_000217__ann38__night_scene__3300b49b.jpg
2026-04-14 20:28:30 | INFO     | curation.curator | Curated → GOLD | 2088607c-frame_000212__ann37__indoor_wall_texture__0c00b2d1.jpg
2026-04-14 20:28:30 | INFO     | curation.curator | Curated → GOLD | 186961d7-frame_000217__ann39__snow_environment__af9250f1.jpg
2026-04-14 20:28:30 | INFO     | curation.curator | Curated → GOLD | 186961d7-frame_000217__ann38__snow_environment__72390b60.jpg
2026-04-14 20:28:30 | INFO     | curation.curator | Curated → DISCARDED | 2088607c-frame_000212__ann37__foggy_exterior__7a643163.jpg
2026-04-14 20:28:30 | INFO     | curation.curator | Curated → GOLD | 186961d7-frame_000217__ann39__indoor_wall_texture__e1cf41c7.jpg
2026-04-14 20:28:30 | INFO     | curation.curator | Curated → GOLD | 186961d7-frame_000217__ann38__indoor_wall_texture__6bb30c39.jpg
2026-04-14 20:28:30 | INFO     | curation.curator | Curated → GOLD | 186961d7-frame_000217__ann39__foggy_exterior__f9c1e5a2.jpg
2026-04-14 20:28:30 | INFO     | curation.curator | Curated → GOLD | 186961d7-frame_000217__ann38__foggy_exterior__b1be4664.jpg
2026-04-14 20:28:30 | INFO     | generation.augmenter | Augmenting | ann=40 | prompt=rain_environment | req=73287eca
2026-04-14 20:28:30 | INFO     | generation.augmenter | Augmenting | ann=41 | prompt=rain_environment | req=d3329ceb
2026-04-14 20:28:30 | INFO     | generation.augmenter | Augmenting | ann=42 | prompt=rain_environment | req=9d7f700b
2026-04-14 20:28:30 | INFO     | generation.augmenter | Augmenting | ann=43 | prompt=rain_environment | req=9f951acf
2026-04-14 20:28:30 | INFO     | generation.augmenter | Augmenting | ann=41 | prompt=night_scene | req=be072178
2026-04-14 20:28:30 | INFO     | generation.augmenter | Augmenting | ann=42 | prompt=night_scene | req=b47e8796
2026-04-14 20:28:30 | INFO     | generation.augmenter | Augmenting | ann=43 | prompt=night_scene | req=580511b2
2026-04-14 20:28:30 | INFO     | generation.augmenter | Augmenting | ann=40 | prompt=night_scene | req=c6aa7a3d
2026-04-14 20:28:30 | INFO     | generation.augmenter | Augmenting | ann=41 | prompt=snow_environment | req=c9f64896
2026-04-14 20:28:30 | INFO     | generation.augmenter | Augmenting | ann=42 | prompt=snow_environment | req=16409799
2026-04-14 20:28:31 | INFO     | generation.augmenter | Augmenting | ann=43 | prompt=snow_environment | req=913a198e
2026-04-14 20:28:31 | INFO     | generation.augmenter | Augmenting | ann=40 | prompt=snow_environment | req=fd66ae63
2026-04-14 20:28:31 | INFO     | generation.augmenter | Augmenting | ann=41 | prompt=indoor_wall_texture | req=df4b0547
2026-04-14 20:28:31 | INFO     | generation.augmenter | Augmenting | ann=42 | prompt=indoor_wall_texture | req=3a963d0c
2026-04-14 20:28:31 | INFO     | generation.augmenter | Augmenting | ann=43 | prompt=indoor_wall_texture | req=77f13728
2026-04-14 20:28:31 | INFO     | generation.augmenter | Augmenting | ann=40 | prompt=indoor_wall_texture | req=3ea176bd
2026-04-14 20:28:31 | INFO     | generation.augmenter | Augmenting | ann=41 | prompt=foggy_exterior | req=c16c98f3
2026-04-14 20:28:31 | INFO     | generation.augmenter | Augmenting | ann=42 | prompt=foggy_exterior | req=5803c60c
2026-04-14 20:28:31 | INFO     | generation.augmenter | Augmenting | ann=43 | prompt=foggy_exterior | req=69d5a01c
2026-04-14 20:28:31 | INFO     | generation.augmenter | Augmenting | ann=40 | prompt=foggy_exterior | req=dc0aaaec
2026-04-14 20:28:31 | INFO     | curation.curator | Curated → GOLD | b3f6b011-frame_000238__ann41__rain_environment__d3329ceb.jpg
2026-04-14 20:28:31 | INFO     | curation.curator | Curated → GOLD | b3f6b011-frame_000238__ann42__rain_environment__9d7f700b.jpg
2026-04-14 20:28:31 | INFO     | curation.curator | Curated → GOLD | b3f6b011-frame_000238__ann41__night_scene__be072178.jpg
2026-04-14 20:28:31 | INFO     | curation.curator | Curated → GOLD | b3f6b011-frame_000238__ann43__rain_environment__9f951acf.jpg
2026-04-14 20:28:31 | INFO     | curation.curator | Curated → GOLD | b3f6b011-frame_000238__ann42__night_scene__b47e8796.jpg
2026-04-14 20:28:31 | INFO     | curation.curator | Curated → DISCARDED | b3f6b011-frame_000238__ann42__snow_environment__16409799.jpg
2026-04-14 20:28:31 | INFO     | curation.curator | Curated → GOLD | b3f6b011-frame_000238__ann43__night_scene__580511b2.jpg
2026-04-14 20:28:31 | INFO     | curation.curator | Curated → GOLD | b3f6b011-frame_000238__ann41__snow_environment__c9f64896.jpg
2026-04-14 20:28:31 | INFO     | curation.curator | Curated → GOLD | 186961d7-frame_000217__ann40__rain_environment__73287eca.jpg
2026-04-14 20:28:31 | INFO     | curation.curator | Curated → GOLD | b3f6b011-frame_000238__ann42__indoor_wall_texture__3a963d0c.jpg
2026-04-14 20:28:31 | INFO     | curation.curator | Curated → GOLD | 186961d7-frame_000217__ann40__night_scene__c6aa7a3d.jpg
2026-04-14 20:28:31 | INFO     | curation.curator | Curated → DISCARDED | b3f6b011-frame_000238__ann43__snow_environment__913a198e.jpg
2026-04-14 20:28:31 | INFO     | curation.curator | Curated → GOLD | b3f6b011-frame_000238__ann41__indoor_wall_texture__df4b0547.jpg
2026-04-14 20:28:31 | INFO     | curation.curator | Curated → GOLD | b3f6b011-frame_000238__ann42__foggy_exterior__5803c60c.jpg
2026-04-14 20:28:31 | INFO     | curation.curator | Curated → GOLD | b3f6b011-frame_000238__ann43__indoor_wall_texture__77f13728.jpg
2026-04-14 20:28:31 | INFO     | generation.augmenter | Augmenting | ann=44 | prompt=rain_environment | req=4fae45de
2026-04-14 20:28:31 | INFO     | curation.curator | Curated → DISCARDED | 186961d7-frame_000217__ann40__snow_environment__fd66ae63.jpg
2026-04-14 20:28:31 | INFO     | curation.curator | Curated → GOLD | b3f6b011-frame_000238__ann41__foggy_exterior__c16c98f3.jpg
2026-04-14 20:28:31 | INFO     | generation.augmenter | Augmenting | ann=45 | prompt=rain_environment | req=abef7acc
2026-04-14 20:28:31 | INFO     | curation.curator | Curated → DISCARDED | b3f6b011-frame_000238__ann43__foggy_exterior__69d5a01c.jpg
2026-04-14 20:28:31 | INFO     | curation.curator | Curated → GOLD | 186961d7-frame_000217__ann40__indoor_wall_texture__3ea176bd.jpg
2026-04-14 20:28:31 | INFO     | generation.augmenter | Augmenting | ann=46 | prompt=rain_environment | req=5eff4514
2026-04-14 20:28:31 | INFO     | curation.curator | Curated → GOLD | 186961d7-frame_000217__ann40__foggy_exterior__dc0aaaec.jpg
2026-04-14 20:28:31 | INFO     | generation.augmenter | Augmenting | ann=47 | prompt=rain_environment | req=acbd846e
2026-04-14 20:28:31 | INFO     | generation.augmenter | Augmenting | ann=44 | prompt=night_scene | req=209c5b09
2026-04-14 20:28:31 | INFO     | generation.augmenter | Augmenting | ann=45 | prompt=night_scene | req=7af5a49e
2026-04-14 20:28:31 | INFO     | generation.augmenter | Augmenting | ann=46 | prompt=night_scene | req=f32e204a
2026-04-14 20:28:31 | INFO     | generation.augmenter | Augmenting | ann=47 | prompt=night_scene | req=f0195211
2026-04-14 20:28:31 | INFO     | generation.augmenter | Augmenting | ann=44 | prompt=snow_environment | req=fc3a2b0c
2026-04-14 20:28:31 | INFO     | generation.augmenter | Augmenting | ann=45 | prompt=snow_environment | req=22debf59
2026-04-14 20:28:31 | INFO     | generation.augmenter | Augmenting | ann=46 | prompt=snow_environment | req=eb88a83f
2026-04-14 20:28:31 | INFO     | generation.augmenter | Augmenting | ann=47 | prompt=snow_environment | req=429c2ea3
2026-04-14 20:28:31 | INFO     | generation.augmenter | Augmenting | ann=44 | prompt=indoor_wall_texture | req=14a069cf
2026-04-14 20:28:31 | INFO     | generation.augmenter | Augmenting | ann=45 | prompt=indoor_wall_texture | req=1547f85f
2026-04-14 20:28:31 | INFO     | generation.augmenter | Augmenting | ann=46 | prompt=indoor_wall_texture | req=6a1cd190
2026-04-14 20:28:31 | INFO     | generation.augmenter | Augmenting | ann=47 | prompt=indoor_wall_texture | req=a1a49186
2026-04-14 20:28:31 | INFO     | generation.augmenter | Augmenting | ann=44 | prompt=foggy_exterior | req=1057d33c
2026-04-14 20:28:31 | INFO     | generation.augmenter | Augmenting | ann=45 | prompt=foggy_exterior | req=90a8c904
2026-04-14 20:28:31 | INFO     | generation.augmenter | Augmenting | ann=46 | prompt=foggy_exterior | req=41ca3f45
2026-04-14 20:28:31 | INFO     | generation.augmenter | Augmenting | ann=47 | prompt=foggy_exterior | req=3231c1e9
2026-04-14 20:28:31 | INFO     | curation.curator | Curated → GOLD | 752fdec9-frame_000252__ann45__rain_environment__abef7acc.jpg
2026-04-14 20:28:31 | INFO     | curation.curator | Curated → GOLD | 752fdec9-frame_000252__ann44__rain_environment__4fae45de.jpg
2026-04-14 20:28:31 | INFO     | curation.curator | Curated → DISCARDED | 752fdec9-frame_000252__ann46__rain_environment__5eff4514.jpg
2026-04-14 20:28:31 | INFO     | curation.curator | Curated → GOLD | 752fdec9-frame_000252__ann45__night_scene__7af5a49e.jpg
2026-04-14 20:28:31 | INFO     | curation.curator | Curated → GOLD | 752fdec9-frame_000252__ann44__night_scene__209c5b09.jpg
2026-04-14 20:28:31 | INFO     | curation.curator | Curated → GOLD | ee068513-frame_000253__ann47__rain_environment__acbd846e.jpg
2026-04-14 20:28:31 | INFO     | curation.curator | Curated → GOLD | 752fdec9-frame_000252__ann46__night_scene__f32e204a.jpg
2026-04-14 20:28:31 | INFO     | curation.curator | Curated → GOLD | 752fdec9-frame_000252__ann45__snow_environment__22debf59.jpg
2026-04-14 20:28:31 | INFO     | curation.curator | Curated → DISCARDED | 752fdec9-frame_000252__ann46__snow_environment__eb88a83f.jpg
2026-04-14 20:28:31 | INFO     | curation.curator | Curated → GOLD | ee068513-frame_000253__ann47__night_scene__f0195211.jpg
2026-04-14 20:28:31 | INFO     | curation.curator | Curated → GOLD | 752fdec9-frame_000252__ann44__snow_environment__fc3a2b0c.jpg
2026-04-14 20:28:31 | INFO     | curation.curator | Curated → GOLD | 752fdec9-frame_000252__ann45__indoor_wall_texture__1547f85f.jpg
2026-04-14 20:28:31 | INFO     | curation.curator | Curated → GOLD | 752fdec9-frame_000252__ann46__indoor_wall_texture__6a1cd190.jpg
2026-04-14 20:28:31 | INFO     | curation.curator | Curated → GOLD | 752fdec9-frame_000252__ann44__indoor_wall_texture__14a069cf.jpg
2026-04-14 20:28:31 | INFO     | curation.curator | Curated → GOLD | 752fdec9-frame_000252__ann45__foggy_exterior__90a8c904.jpg
2026-04-14 20:28:31 | INFO     | curation.curator | Curated → GOLD | ee068513-frame_000253__ann47__snow_environment__429c2ea3.jpg
2026-04-14 20:28:31 | INFO     | curation.curator | Curated → DISCARDED | 752fdec9-frame_000252__ann46__foggy_exterior__41ca3f45.jpg
2026-04-14 20:28:31 | INFO     | curation.curator | Curated → GOLD | 752fdec9-frame_000252__ann44__foggy_exterior__1057d33c.jpg
2026-04-14 20:28:31 | INFO     | curation.curator | Curated → GOLD | ee068513-frame_000253__ann47__indoor_wall_texture__a1a49186.jpg
2026-04-14 20:28:31 | INFO     | curation.curator | Curated → GOLD | ee068513-frame_000253__ann47__foggy_exterior__3231c1e9.jpg
2026-04-14 20:28:31 | INFO     | generation.augmenter | Augmenting | ann=48 | prompt=rain_environment | req=9639ad4d
2026-04-14 20:28:31 | INFO     | generation.augmenter | Augmenting | ann=49 | prompt=rain_environment | req=032929af
2026-04-14 20:28:31 | INFO     | generation.augmenter | Augmenting | ann=50 | prompt=rain_environment | req=42c77239
2026-04-14 20:28:31 | INFO     | generation.augmenter | Augmenting | ann=51 | prompt=rain_environment | req=22dfb448
2026-04-14 20:28:31 | INFO     | generation.augmenter | Augmenting | ann=49 | prompt=night_scene | req=eeb13f4e
2026-04-14 20:28:31 | INFO     | generation.augmenter | Augmenting | ann=50 | prompt=night_scene | req=38eddabd
2026-04-14 20:28:31 | INFO     | generation.augmenter | Augmenting | ann=48 | prompt=night_scene | req=d72ccc63
2026-04-14 20:28:31 | INFO     | generation.augmenter | Augmenting | ann=51 | prompt=night_scene | req=b06af2a0
2026-04-14 20:28:31 | INFO     | generation.augmenter | Augmenting | ann=49 | prompt=snow_environment | req=5f79adef
2026-04-14 20:28:31 | INFO     | generation.augmenter | Augmenting | ann=50 | prompt=snow_environment | req=29d50863
2026-04-14 20:28:31 | INFO     | generation.augmenter | Augmenting | ann=48 | prompt=snow_environment | req=edc106e6
2026-04-14 20:28:31 | INFO     | generation.augmenter | Augmenting | ann=51 | prompt=snow_environment | req=8ad4a4e9
2026-04-14 20:28:31 | INFO     | generation.augmenter | Augmenting | ann=49 | prompt=indoor_wall_texture | req=a26aaaca
2026-04-14 20:28:31 | INFO     | generation.augmenter | Augmenting | ann=50 | prompt=indoor_wall_texture | req=29304298
2026-04-14 20:28:31 | INFO     | generation.augmenter | Augmenting | ann=48 | prompt=indoor_wall_texture | req=d4970bd5
2026-04-14 20:28:31 | INFO     | generation.augmenter | Augmenting | ann=51 | prompt=indoor_wall_texture | req=610f7317
2026-04-14 20:28:31 | INFO     | generation.augmenter | Augmenting | ann=49 | prompt=foggy_exterior | req=e0580a4d
2026-04-14 20:28:31 | INFO     | generation.augmenter | Augmenting | ann=50 | prompt=foggy_exterior | req=a20a3386
2026-04-14 20:28:31 | INFO     | generation.augmenter | Augmenting | ann=48 | prompt=foggy_exterior | req=f8d9b309
2026-04-14 20:28:31 | INFO     | generation.augmenter | Augmenting | ann=51 | prompt=foggy_exterior | req=89f0b3ef
2026-04-14 20:28:31 | INFO     | curation.curator | Curated → GOLD | ee068513-frame_000253__ann49__rain_environment__032929af.jpg
2026-04-14 20:28:31 | INFO     | curation.curator | Curated → DISCARDED | 5da9f566-frame_000263__ann50__rain_environment__42c77239.jpg
2026-04-14 20:28:31 | INFO     | curation.curator | Curated → GOLD | ee068513-frame_000253__ann48__rain_environment__9639ad4d.jpg
2026-04-14 20:28:31 | INFO     | curation.curator | Curated → GOLD | ee068513-frame_000253__ann49__night_scene__eeb13f4e.jpg
2026-04-14 20:28:31 | INFO     | curation.curator | Curated → GOLD | 5da9f566-frame_000263__ann51__rain_environment__22dfb448.jpg
2026-04-14 20:28:31 | INFO     | curation.curator | Curated → GOLD | 5da9f566-frame_000263__ann50__night_scene__38eddabd.jpg
2026-04-14 20:28:31 | INFO     | curation.curator | Curated → GOLD | ee068513-frame_000253__ann48__night_scene__d72ccc63.jpg
2026-04-14 20:28:31 | INFO     | curation.curator | Curated → DISCARDED | ee068513-frame_000253__ann49__snow_environment__5f79adef.jpg
2026-04-14 20:28:31 | INFO     | curation.curator | Curated → GOLD | 5da9f566-frame_000263__ann51__night_scene__b06af2a0.jpg
2026-04-14 20:28:31 | INFO     | curation.curator | Curated → DISCARDED | 5da9f566-frame_000263__ann50__snow_environment__29d50863.jpg
2026-04-14 20:28:31 | INFO     | curation.curator | Curated → GOLD | ee068513-frame_000253__ann49__indoor_wall_texture__a26aaaca.jpg
2026-04-14 20:28:31 | INFO     | curation.curator | Curated → DISCARDED | ee068513-frame_000253__ann48__snow_environment__edc106e6.jpg
2026-04-14 20:28:32 | INFO     | curation.curator | Curated → DISCARDED | 5da9f566-frame_000263__ann51__snow_environment__8ad4a4e9.jpg
2026-04-14 20:28:32 | INFO     | curation.curator | Curated → GOLD | 5da9f566-frame_000263__ann50__indoor_wall_texture__29304298.jpg
2026-04-14 20:28:32 | INFO     | curation.curator | Curated → GOLD | ee068513-frame_000253__ann49__foggy_exterior__e0580a4d.jpg
2026-04-14 20:28:32 | INFO     | generation.augmenter | Augmenting | ann=52 | prompt=rain_environment | req=0fa31461
2026-04-14 20:28:32 | INFO     | curation.curator | Curated → GOLD | ee068513-frame_000253__ann48__indoor_wall_texture__d4970bd5.jpg
2026-04-14 20:28:32 | INFO     | curation.curator | Curated → DISCARDED | 5da9f566-frame_000263__ann50__foggy_exterior__a20a3386.jpg
2026-04-14 20:28:32 | INFO     | curation.curator | Curated → GOLD | 5da9f566-frame_000263__ann51__indoor_wall_texture__610f7317.jpg
2026-04-14 20:28:32 | INFO     | generation.augmenter | Augmenting | ann=53 | prompt=rain_environment | req=f1ee18fb
2026-04-14 20:28:32 | INFO     | curation.curator | Curated → GOLD | ee068513-frame_000253__ann48__foggy_exterior__f8d9b309.jpg
2026-04-14 20:28:32 | INFO     | generation.augmenter | Augmenting | ann=54 | prompt=rain_environment | req=f7f21c80
2026-04-14 20:28:32 | INFO     | generation.augmenter | Augmenting | ann=52 | prompt=night_scene | req=14bb7b37
2026-04-14 20:28:32 | INFO     | curation.curator | Curated → GOLD | 5da9f566-frame_000263__ann51__foggy_exterior__89f0b3ef.jpg
2026-04-14 20:28:32 | INFO     | generation.augmenter | Augmenting | ann=55 | prompt=rain_environment | req=b94f512c
2026-04-14 20:28:32 | INFO     | generation.augmenter | Augmenting | ann=53 | prompt=night_scene | req=7b4fa919
2026-04-14 20:28:32 | INFO     | generation.augmenter | Augmenting | ann=54 | prompt=night_scene | req=3be74106
2026-04-14 20:28:32 | INFO     | generation.augmenter | Augmenting | ann=52 | prompt=snow_environment | req=49b4113f
2026-04-14 20:28:32 | INFO     | generation.augmenter | Augmenting | ann=55 | prompt=night_scene | req=bd15d4db
2026-04-14 20:28:32 | INFO     | generation.augmenter | Augmenting | ann=53 | prompt=snow_environment | req=f913b222
2026-04-14 20:28:32 | INFO     | generation.augmenter | Augmenting | ann=54 | prompt=snow_environment | req=e2b54606
2026-04-14 20:28:32 | INFO     | generation.augmenter | Augmenting | ann=52 | prompt=indoor_wall_texture | req=5da6e975
2026-04-14 20:28:32 | INFO     | generation.augmenter | Augmenting | ann=55 | prompt=snow_environment | req=7c47758e
2026-04-14 20:28:32 | INFO     | generation.augmenter | Augmenting | ann=53 | prompt=indoor_wall_texture | req=f9597fe2
2026-04-14 20:28:32 | INFO     | generation.augmenter | Augmenting | ann=54 | prompt=indoor_wall_texture | req=4d8d7ecb
2026-04-14 20:28:32 | INFO     | generation.augmenter | Augmenting | ann=52 | prompt=foggy_exterior | req=a5669fa8
2026-04-14 20:28:32 | INFO     | generation.augmenter | Augmenting | ann=55 | prompt=indoor_wall_texture | req=65fe9bc5
2026-04-14 20:28:32 | INFO     | generation.augmenter | Augmenting | ann=53 | prompt=foggy_exterior | req=7d74054b
2026-04-14 20:28:32 | INFO     | generation.augmenter | Augmenting | ann=54 | prompt=foggy_exterior | req=16b83b4e
2026-04-14 20:28:32 | INFO     | generation.augmenter | Augmenting | ann=55 | prompt=foggy_exterior | req=80d8f4de
2026-04-14 20:28:32 | INFO     | curation.curator | Curated → GOLD | 5da9f566-frame_000263__ann52__rain_environment__0fa31461.jpg
2026-04-14 20:28:32 | INFO     | curation.curator | Curated → GOLD | 5da9f566-frame_000263__ann52__night_scene__14bb7b37.jpg
2026-04-14 20:28:32 | INFO     | curation.curator | Curated → GOLD | cacd9375-frame_000287__ann53__rain_environment__f1ee18fb.jpg
2026-04-14 20:28:32 | INFO     | curation.curator | Curated → DISCARDED | cacd9375-frame_000287__ann54__rain_environment__f7f21c80.jpg
2026-04-14 20:28:32 | INFO     | curation.curator | Curated → GOLD | 5da9f566-frame_000263__ann52__snow_environment__49b4113f.jpg
2026-04-14 20:28:32 | INFO     | curation.curator | Curated → DISCARDED | cacd9375-frame_000287__ann55__rain_environment__b94f512c.jpg
2026-04-14 20:28:32 | INFO     | curation.curator | Curated → GOLD | cacd9375-frame_000287__ann54__night_scene__3be74106.jpg
2026-04-14 20:28:32 | INFO     | curation.curator | Curated → GOLD | cacd9375-frame_000287__ann53__night_scene__7b4fa919.jpg
2026-04-14 20:28:32 | INFO     | curation.curator | Curated → GOLD | cacd9375-frame_000287__ann55__night_scene__bd15d4db.jpg
2026-04-14 20:28:32 | INFO     | curation.curator | Curated → GOLD | 5da9f566-frame_000263__ann52__indoor_wall_texture__5da6e975.jpg
2026-04-14 20:28:32 | INFO     | curation.curator | Curated → DISCARDED | cacd9375-frame_000287__ann54__snow_environment__e2b54606.jpg
2026-04-14 20:28:32 | INFO     | curation.curator | Curated → GOLD | 5da9f566-frame_000263__ann52__foggy_exterior__a5669fa8.jpg
2026-04-14 20:28:32 | INFO     | curation.curator | Curated → GOLD | cacd9375-frame_000287__ann53__snow_environment__f913b222.jpg
2026-04-14 20:28:32 | INFO     | curation.curator | Curated → DISCARDED | cacd9375-frame_000287__ann55__snow_environment__7c47758e.jpg
2026-04-14 20:28:32 | INFO     | curation.curator | Curated → DISCARDED | cacd9375-frame_000287__ann54__indoor_wall_texture__4d8d7ecb.jpg
2026-04-14 20:28:32 | INFO     | curation.curator | Curated → DISCARDED | cacd9375-frame_000287__ann55__indoor_wall_texture__65fe9bc5.jpg
2026-04-14 20:28:32 | INFO     | curation.curator | Curated → GOLD | cacd9375-frame_000287__ann53__indoor_wall_texture__f9597fe2.jpg
2026-04-14 20:28:32 | INFO     | curation.curator | Curated → DISCARDED | cacd9375-frame_000287__ann54__foggy_exterior__16b83b4e.jpg
2026-04-14 20:28:32 | INFO     | curation.curator | Curated → DISCARDED | cacd9375-frame_000287__ann55__foggy_exterior__80d8f4de.jpg
2026-04-14 20:28:32 | INFO     | curation.curator | Curated → GOLD | cacd9375-frame_000287__ann53__foggy_exterior__7d74054b.jpg
2026-04-14 20:28:32 | INFO     | generation.augmenter | Augmenting | ann=56 | prompt=rain_environment | req=6b33b813
2026-04-14 20:28:32 | INFO     | generation.augmenter | Augmenting | ann=57 | prompt=rain_environment | req=e75e9c0e
2026-04-14 20:28:32 | INFO     | generation.augmenter | Augmenting | ann=58 | prompt=rain_environment | req=935390e8
2026-04-14 20:28:32 | INFO     | generation.augmenter | Augmenting | ann=59 | prompt=rain_environment | req=d561ac27
2026-04-14 20:28:32 | INFO     | generation.augmenter | Augmenting | ann=59 | prompt=night_scene | req=b252118d
2026-04-14 20:28:32 | INFO     | generation.augmenter | Augmenting | ann=56 | prompt=night_scene | req=01eb48db
2026-04-14 20:28:32 | INFO     | generation.augmenter | Augmenting | ann=58 | prompt=night_scene | req=3b823fb0
2026-04-14 20:28:32 | INFO     | generation.augmenter | Augmenting | ann=57 | prompt=night_scene | req=d43c398d
2026-04-14 20:28:32 | INFO     | generation.augmenter | Augmenting | ann=59 | prompt=snow_environment | req=feb55c4d
2026-04-14 20:28:32 | INFO     | generation.augmenter | Augmenting | ann=56 | prompt=snow_environment | req=7bd60639
2026-04-14 20:28:32 | INFO     | generation.augmenter | Augmenting | ann=58 | prompt=snow_environment | req=a9630cac
2026-04-14 20:28:32 | INFO     | generation.augmenter | Augmenting | ann=57 | prompt=snow_environment | req=eeb195e5
2026-04-14 20:28:32 | INFO     | generation.augmenter | Augmenting | ann=59 | prompt=indoor_wall_texture | req=c06a1f5d
2026-04-14 20:28:32 | INFO     | generation.augmenter | Augmenting | ann=56 | prompt=indoor_wall_texture | req=89bd16ca
2026-04-14 20:28:32 | INFO     | generation.augmenter | Augmenting | ann=58 | prompt=indoor_wall_texture | req=5a461ffa
2026-04-14 20:28:32 | INFO     | generation.augmenter | Augmenting | ann=57 | prompt=indoor_wall_texture | req=7caf5d3c
2026-04-14 20:28:32 | INFO     | generation.augmenter | Augmenting | ann=59 | prompt=foggy_exterior | req=e4d956e3
2026-04-14 20:28:32 | INFO     | generation.augmenter | Augmenting | ann=56 | prompt=foggy_exterior | req=112dc44b
2026-04-14 20:28:32 | INFO     | generation.augmenter | Augmenting | ann=58 | prompt=foggy_exterior | req=b90a3397
2026-04-14 20:28:32 | INFO     | generation.augmenter | Augmenting | ann=57 | prompt=foggy_exterior | req=d614a2fe
2026-04-14 20:28:32 | INFO     | curation.curator | Curated → GOLD | 1b24abaa-frame_000382__ann59__rain_environment__d561ac27.jpg
2026-04-14 20:28:32 | INFO     | curation.curator | Curated → DISCARDED | d7798cd8-frame_000381__ann58__rain_environment__935390e8.jpg
2026-04-14 20:28:32 | INFO     | curation.curator | Curated → GOLD | d7798cd8-frame_000381__ann56__rain_environment__6b33b813.jpg
2026-04-14 20:28:32 | INFO     | curation.curator | Curated → DISCARDED | d7798cd8-frame_000381__ann57__rain_environment__e75e9c0e.jpg
2026-04-14 20:28:32 | INFO     | curation.curator | Curated → GOLD | 1b24abaa-frame_000382__ann59__night_scene__b252118d.jpg
2026-04-14 20:28:32 | INFO     | curation.curator | Curated → DISCARDED | d7798cd8-frame_000381__ann58__night_scene__3b823fb0.jpg
2026-04-14 20:28:32 | INFO     | curation.curator | Curated → GOLD | d7798cd8-frame_000381__ann57__night_scene__d43c398d.jpg
2026-04-14 20:28:32 | INFO     | curation.curator | Curated → DISCARDED | d7798cd8-frame_000381__ann58__snow_environment__a9630cac.jpg
2026-04-14 20:28:32 | INFO     | curation.curator | Curated → GOLD | d7798cd8-frame_000381__ann56__night_scene__01eb48db.jpg
2026-04-14 20:28:32 | INFO     | curation.curator | Curated → DISCARDED | d7798cd8-frame_000381__ann57__snow_environment__eeb195e5.jpg
2026-04-14 20:28:32 | INFO     | curation.curator | Curated → GOLD | 1b24abaa-frame_000382__ann59__snow_environment__feb55c4d.jpg
2026-04-14 20:28:32 | INFO     | curation.curator | Curated → DISCARDED | d7798cd8-frame_000381__ann58__indoor_wall_texture__5a461ffa.jpg
2026-04-14 20:28:32 | INFO     | curation.curator | Curated → DISCARDED | d7798cd8-frame_000381__ann58__foggy_exterior__b90a3397.jpg
2026-04-14 20:28:32 | INFO     | curation.curator | Curated → GOLD | d7798cd8-frame_000381__ann57__indoor_wall_texture__7caf5d3c.jpg
2026-04-14 20:28:32 | INFO     | generation.augmenter | Augmenting | ann=60 | prompt=rain_environment | req=823eea32
2026-04-14 20:28:32 | INFO     | curation.curator | Curated → DISCARDED | d7798cd8-frame_000381__ann57__foggy_exterior__d614a2fe.jpg
2026-04-14 20:28:32 | INFO     | generation.augmenter | Augmenting | ann=61 | prompt=rain_environment | req=6c602805
2026-04-14 20:28:32 | INFO     | curation.curator | Curated → GOLD | d7798cd8-frame_000381__ann56__snow_environment__7bd60639.jpg
2026-04-14 20:28:32 | INFO     | curation.curator | Curated → GOLD | 1b24abaa-frame_000382__ann59__indoor_wall_texture__c06a1f5d.jpg
2026-04-14 20:28:32 | INFO     | generation.augmenter | Augmenting | ann=60 | prompt=night_scene | req=cff0acb6
2026-04-14 20:28:32 | INFO     | generation.augmenter | Augmenting | ann=61 | prompt=night_scene | req=ba1d294a
2026-04-14 20:28:32 | INFO     | curation.curator | Curated → GOLD | 1b24abaa-frame_000382__ann59__foggy_exterior__e4d956e3.jpg
2026-04-14 20:28:32 | INFO     | generation.augmenter | Augmenting | ann=62 | prompt=rain_environment | req=26e8630d
2026-04-14 20:28:32 | INFO     | curation.curator | Curated → GOLD | d7798cd8-frame_000381__ann56__indoor_wall_texture__89bd16ca.jpg
2026-04-14 20:28:32 | INFO     | generation.augmenter | Augmenting | ann=60 | prompt=snow_environment | req=0dd420eb
2026-04-14 20:28:32 | INFO     | generation.augmenter | Augmenting | ann=61 | prompt=snow_environment | req=89628834
2026-04-14 20:28:32 | INFO     | generation.augmenter | Augmenting | ann=62 | prompt=night_scene | req=5d053ce5
2026-04-14 20:28:32 | INFO     | generation.augmenter | Augmenting | ann=60 | prompt=indoor_wall_texture | req=ff938759
2026-04-14 20:28:32 | INFO     | curation.curator | Curated → GOLD | d7798cd8-frame_000381__ann56__foggy_exterior__112dc44b.jpg
2026-04-14 20:28:32 | INFO     | generation.augmenter | Augmenting | ann=63 | prompt=rain_environment | req=6721d6ec
2026-04-14 20:28:32 | INFO     | generation.augmenter | Augmenting | ann=61 | prompt=indoor_wall_texture | req=a0ed9f4a
2026-04-14 20:28:32 | INFO     | generation.augmenter | Augmenting | ann=62 | prompt=snow_environment | req=cd6f7879
2026-04-14 20:28:32 | INFO     | generation.augmenter | Augmenting | ann=60 | prompt=foggy_exterior | req=6eb36a24
2026-04-14 20:28:32 | INFO     | generation.augmenter | Augmenting | ann=63 | prompt=night_scene | req=d3450edf
2026-04-14 20:28:32 | INFO     | generation.augmenter | Augmenting | ann=61 | prompt=foggy_exterior | req=b66697eb
2026-04-14 20:28:32 | INFO     | generation.augmenter | Augmenting | ann=62 | prompt=indoor_wall_texture | req=6ed4025f
2026-04-14 20:28:33 | INFO     | generation.augmenter | Augmenting | ann=63 | prompt=snow_environment | req=9568201b
2026-04-14 20:28:33 | INFO     | curation.curator | Curated → DISCARDED | 1b24abaa-frame_000382__ann60__rain_environment__823eea32.jpg
2026-04-14 20:28:33 | INFO     | generation.augmenter | Augmenting | ann=62 | prompt=foggy_exterior | req=3e4c6455
2026-04-14 20:28:33 | INFO     | curation.curator | Curated → GOLD | 1b24abaa-frame_000382__ann60__night_scene__cff0acb6.jpg
2026-04-14 20:28:33 | INFO     | curation.curator | Curated → DISCARDED | 1b24abaa-frame_000382__ann61__rain_environment__6c602805.jpg
2026-04-14 20:28:33 | INFO     | generation.augmenter | Augmenting | ann=63 | prompt=indoor_wall_texture | req=54a509f1
2026-04-14 20:28:33 | INFO     | curation.curator | Curated → DISCARDED | 1b24abaa-frame_000382__ann60__snow_environment__0dd420eb.jpg
2026-04-14 20:28:33 | INFO     | curation.curator | Curated → DISCARDED | 1b24abaa-frame_000382__ann61__night_scene__ba1d294a.jpg
2026-04-14 20:28:33 | INFO     | generation.augmenter | Augmenting | ann=63 | prompt=foggy_exterior | req=91ad026f
2026-04-14 20:28:33 | INFO     | curation.curator | Curated → DISCARDED | 1b24abaa-frame_000382__ann60__indoor_wall_texture__ff938759.jpg
2026-04-14 20:28:33 | INFO     | curation.curator | Curated → GOLD | e4e2aefc-frame_000408__ann62__rain_environment__26e8630d.jpg
2026-04-14 20:28:33 | INFO     | curation.curator | Curated → DISCARDED | 1b24abaa-frame_000382__ann61__snow_environment__89628834.jpg
2026-04-14 20:28:33 | INFO     | curation.curator | Curated → DISCARDED | 1b24abaa-frame_000382__ann60__foggy_exterior__6eb36a24.jpg
2026-04-14 20:28:33 | INFO     | curation.curator | Curated → DISCARDED | 1b24abaa-frame_000382__ann61__indoor_wall_texture__a0ed9f4a.jpg
2026-04-14 20:28:33 | INFO     | curation.curator | Curated → GOLD | e4e2aefc-frame_000408__ann62__night_scene__5d053ce5.jpg
2026-04-14 20:28:33 | INFO     | curation.curator | Curated → GOLD | e4e2aefc-frame_000408__ann63__rain_environment__6721d6ec.jpg
2026-04-14 20:28:33 | INFO     | curation.curator | Curated → DISCARDED | 1b24abaa-frame_000382__ann61__foggy_exterior__b66697eb.jpg
2026-04-14 20:28:33 | INFO     | curation.curator | Curated → GOLD | e4e2aefc-frame_000408__ann63__night_scene__d3450edf.jpg
2026-04-14 20:28:33 | INFO     | curation.curator | Curated → DISCARDED | e4e2aefc-frame_000408__ann63__snow_environment__9568201b.jpg
2026-04-14 20:28:33 | INFO     | curation.curator | Curated → GOLD | e4e2aefc-frame_000408__ann62__snow_environment__cd6f7879.jpg
2026-04-14 20:28:33 | INFO     | curation.curator | Curated → GOLD | e4e2aefc-frame_000408__ann63__indoor_wall_texture__54a509f1.jpg
2026-04-14 20:28:33 | INFO     | curation.curator | Curated → GOLD | e4e2aefc-frame_000408__ann63__foggy_exterior__91ad026f.jpg
2026-04-14 20:28:33 | INFO     | curation.curator | Curated → GOLD | e4e2aefc-frame_000408__ann62__indoor_wall_texture__6ed4025f.jpg
2026-04-14 20:28:33 | INFO     | curation.curator | Curated → GOLD | e4e2aefc-frame_000408__ann62__foggy_exterior__3e4c6455.jpg
2026-04-14 20:28:33 | INFO     | generation.augmenter | Augmenting | ann=64 | prompt=rain_environment | req=979b9885
2026-04-14 20:28:33 | INFO     | generation.augmenter | Augmenting | ann=65 | prompt=rain_environment | req=94f7ed21
2026-04-14 20:28:33 | INFO     | generation.augmenter | Augmenting | ann=66 | prompt=rain_environment | req=4c9aabc3
2026-04-14 20:28:33 | INFO     | generation.augmenter | Augmenting | ann=67 | prompt=rain_environment | req=094a429c
2026-04-14 20:28:33 | INFO     | generation.augmenter | Augmenting | ann=65 | prompt=night_scene | req=ff985a5d
2026-04-14 20:28:33 | INFO     | generation.augmenter | Augmenting | ann=64 | prompt=night_scene | req=39a99c99
2026-04-14 20:28:33 | INFO     | generation.augmenter | Augmenting | ann=66 | prompt=night_scene | req=13b9a400
2026-04-14 20:28:33 | INFO     | generation.augmenter | Augmenting | ann=67 | prompt=night_scene | req=4f7d1657
2026-04-14 20:28:33 | INFO     | generation.augmenter | Augmenting | ann=65 | prompt=snow_environment | req=4a2a297f
2026-04-14 20:28:33 | INFO     | generation.augmenter | Augmenting | ann=64 | prompt=snow_environment | req=8aaf7d45
2026-04-14 20:28:33 | INFO     | generation.augmenter | Augmenting | ann=66 | prompt=snow_environment | req=bc55030d
2026-04-14 20:28:33 | INFO     | generation.augmenter | Augmenting | ann=67 | prompt=snow_environment | req=0a5b1c9f
2026-04-14 20:28:33 | INFO     | generation.augmenter | Augmenting | ann=65 | prompt=indoor_wall_texture | req=6f38e863
2026-04-14 20:28:33 | INFO     | generation.augmenter | Augmenting | ann=64 | prompt=indoor_wall_texture | req=17ce4e38
2026-04-14 20:28:33 | INFO     | generation.augmenter | Augmenting | ann=66 | prompt=indoor_wall_texture | req=52cfaac5
2026-04-14 20:28:33 | INFO     | generation.augmenter | Augmenting | ann=67 | prompt=indoor_wall_texture | req=aa1ce5d5
2026-04-14 20:28:33 | INFO     | generation.augmenter | Augmenting | ann=65 | prompt=foggy_exterior | req=954c0dff
2026-04-14 20:28:33 | INFO     | generation.augmenter | Augmenting | ann=64 | prompt=foggy_exterior | req=1d12ff0b
2026-04-14 20:28:33 | INFO     | generation.augmenter | Augmenting | ann=66 | prompt=foggy_exterior | req=f923e95e
2026-04-14 20:28:33 | INFO     | generation.augmenter | Augmenting | ann=67 | prompt=foggy_exterior | req=bfbbc381
2026-04-14 20:28:33 | INFO     | curation.curator | Curated → GOLD | e4e2aefc-frame_000408__ann64__rain_environment__979b9885.jpg
2026-04-14 20:28:33 | INFO     | curation.curator | Curated → GOLD | e4e2aefc-frame_000408__ann64__night_scene__39a99c99.jpg
2026-04-14 20:28:33 | INFO     | curation.curator | Curated → DISCARDED | b91c9c2e-frame_000410__ann66__rain_environment__4c9aabc3.jpg
2026-04-14 20:28:33 | INFO     | curation.curator | Curated → DISCARDED | b91c9c2e-frame_000410__ann67__rain_environment__094a429c.jpg
2026-04-14 20:28:33 | INFO     | curation.curator | Curated → GOLD | b91c9c2e-frame_000410__ann65__rain_environment__94f7ed21.jpg
2026-04-14 20:28:33 | INFO     | curation.curator | Curated → DISCARDED | e4e2aefc-frame_000408__ann64__snow_environment__8aaf7d45.jpg
2026-04-14 20:28:33 | INFO     | curation.curator | Curated → GOLD | b91c9c2e-frame_000410__ann66__night_scene__13b9a400.jpg
2026-04-14 20:28:33 | INFO     | curation.curator | Curated → DISCARDED | b91c9c2e-frame_000410__ann66__snow_environment__bc55030d.jpg
2026-04-14 20:28:33 | INFO     | curation.curator | Curated → DISCARDED | b91c9c2e-frame_000410__ann67__night_scene__4f7d1657.jpg
2026-04-14 20:28:33 | INFO     | curation.curator | Curated → GOLD | e4e2aefc-frame_000408__ann64__indoor_wall_texture__17ce4e38.jpg
2026-04-14 20:28:33 | INFO     | curation.curator | Curated → DISCARDED | b91c9c2e-frame_000410__ann67__snow_environment__0a5b1c9f.jpg
2026-04-14 20:28:33 | INFO     | curation.curator | Curated → GOLD | b91c9c2e-frame_000410__ann66__indoor_wall_texture__52cfaac5.jpg
2026-04-14 20:28:33 | INFO     | curation.curator | Curated → DISCARDED | b91c9c2e-frame_000410__ann66__foggy_exterior__f923e95e.jpg
2026-04-14 20:28:33 | INFO     | curation.curator | Curated → GOLD | b91c9c2e-frame_000410__ann67__indoor_wall_texture__aa1ce5d5.jpg
2026-04-14 20:28:33 | INFO     | generation.augmenter | Augmenting | ann=68 | prompt=rain_environment | req=9c548d1f
2026-04-14 20:28:33 | INFO     | curation.curator | Curated → GOLD | e4e2aefc-frame_000408__ann64__foggy_exterior__1d12ff0b.jpg
2026-04-14 20:28:33 | INFO     | curation.curator | Curated → GOLD | b91c9c2e-frame_000410__ann65__night_scene__ff985a5d.jpg
2026-04-14 20:28:33 | INFO     | generation.augmenter | Augmenting | ann=69 | prompt=rain_environment | req=66b1ca9a
2026-04-14 20:28:33 | INFO     | curation.curator | Curated → DISCARDED | b91c9c2e-frame_000410__ann67__foggy_exterior__bfbbc381.jpg
2026-04-14 20:28:33 | INFO     | generation.augmenter | Augmenting | ann=70 | prompt=rain_environment | req=712b6174
2026-04-14 20:28:33 | INFO     | generation.augmenter | Augmenting | ann=68 | prompt=night_scene | req=1ddc649f
2026-04-14 20:28:33 | INFO     | generation.augmenter | Augmenting | ann=69 | prompt=night_scene | req=352ef464
2026-04-14 20:28:33 | INFO     | curation.curator | Curated → GOLD | b91c9c2e-frame_000410__ann65__snow_environment__4a2a297f.jpg
2026-04-14 20:28:33 | INFO     | generation.augmenter | Augmenting | ann=70 | prompt=night_scene | req=ab88a94e
2026-04-14 20:28:33 | INFO     | generation.augmenter | Augmenting | ann=68 | prompt=snow_environment | req=f557f3f2
2026-04-14 20:28:33 | INFO     | generation.augmenter | Augmenting | ann=69 | prompt=snow_environment | req=e647af2d
2026-04-14 20:28:33 | INFO     | curation.curator | Curated → GOLD | b91c9c2e-frame_000410__ann65__indoor_wall_texture__6f38e863.jpg
2026-04-14 20:28:33 | INFO     | generation.augmenter | Augmenting | ann=70 | prompt=snow_environment | req=83ca4941
2026-04-14 20:28:33 | INFO     | generation.augmenter | Augmenting | ann=68 | prompt=indoor_wall_texture | req=be34d804
2026-04-14 20:28:33 | INFO     | generation.augmenter | Augmenting | ann=69 | prompt=indoor_wall_texture | req=8a1eaaf2
2026-04-14 20:28:33 | INFO     | curation.curator | Curated → GOLD | b91c9c2e-frame_000410__ann65__foggy_exterior__954c0dff.jpg
2026-04-14 20:28:33 | INFO     | generation.augmenter | Augmenting | ann=70 | prompt=indoor_wall_texture | req=844b8b58
2026-04-14 20:28:33 | INFO     | generation.augmenter | Augmenting | ann=71 | prompt=rain_environment | req=6bbe74bb
2026-04-14 20:28:33 | INFO     | generation.augmenter | Augmenting | ann=68 | prompt=foggy_exterior | req=5428ca95
2026-04-14 20:28:33 | INFO     | generation.augmenter | Augmenting | ann=69 | prompt=foggy_exterior | req=65c61aec
2026-04-14 20:28:33 | INFO     | generation.augmenter | Augmenting | ann=70 | prompt=foggy_exterior | req=b9b1b2a4
2026-04-14 20:28:33 | INFO     | generation.augmenter | Augmenting | ann=71 | prompt=night_scene | req=7eb236cd
2026-04-14 20:28:34 | INFO     | curation.curator | Curated → DISCARDED | c2a3f710-frame_000443__ann69__rain_environment__66b1ca9a.jpg
2026-04-14 20:28:34 | INFO     | curation.curator | Curated → GOLD | c2a3f710-frame_000443__ann68__rain_environment__9c548d1f.jpg
2026-04-14 20:28:34 | INFO     | generation.augmenter | Augmenting | ann=71 | prompt=snow_environment | req=91873945
2026-04-14 20:28:34 | INFO     | curation.curator | Curated → DISCARDED | c2a3f710-frame_000443__ann70__rain_environment__712b6174.jpg
2026-04-14 20:28:34 | INFO     | curation.curator | Curated → DISCARDED | c2a3f710-frame_000443__ann69__night_scene__352ef464.jpg
2026-04-14 20:28:34 | INFO     | curation.curator | Curated → DISCARDED | c2a3f710-frame_000443__ann70__night_scene__ab88a94e.jpg
2026-04-14 20:28:34 | INFO     | curation.curator | Curated → GOLD | c2a3f710-frame_000443__ann68__night_scene__1ddc649f.jpg
2026-04-14 20:28:34 | INFO     | curation.curator | Curated → DISCARDED | c2a3f710-frame_000443__ann69__snow_environment__e647af2d.jpg
2026-04-14 20:28:34 | INFO     | generation.augmenter | Augmenting | ann=71 | prompt=indoor_wall_texture | req=ea823bef
2026-04-14 20:28:34 | INFO     | curation.curator | Curated → DISCARDED | c2a3f710-frame_000443__ann70__snow_environment__83ca4941.jpg
2026-04-14 20:28:34 | INFO     | curation.curator | Curated → DISCARDED | c2a3f710-frame_000443__ann69__indoor_wall_texture__8a1eaaf2.jpg
2026-04-14 20:28:34 | INFO     | curation.curator | Curated → GOLD | c2a3f710-frame_000443__ann68__snow_environment__f557f3f2.jpg
2026-04-14 20:28:34 | INFO     | curation.curator | Curated → GOLD | c2a3f710-frame_000443__ann70__indoor_wall_texture__844b8b58.jpg
2026-04-14 20:28:34 | INFO     | curation.curator | Curated → DISCARDED | c2a3f710-frame_000443__ann69__foggy_exterior__65c61aec.jpg
2026-04-14 20:28:34 | INFO     | generation.augmenter | Augmenting | ann=71 | prompt=foggy_exterior | req=9326e192
2026-04-14 20:28:34 | INFO     | curation.curator | Curated → DISCARDED | c2a3f710-frame_000443__ann70__foggy_exterior__b9b1b2a4.jpg
2026-04-14 20:28:34 | INFO     | curation.curator | Curated → GOLD | c2a3f710-frame_000443__ann68__indoor_wall_texture__be34d804.jpg
2026-04-14 20:28:34 | INFO     | curation.curator | Curated → GOLD | c2a3f710-frame_000443__ann68__foggy_exterior__5428ca95.jpg
2026-04-14 20:28:34 | INFO     | curation.curator | Curated → GOLD | 0df57f3d-frame_000447__ann71__rain_environment__6bbe74bb.jpg
2026-04-14 20:28:34 | INFO     | curation.curator | Curated → GOLD | 0df57f3d-frame_000447__ann71__night_scene__7eb236cd.jpg
2026-04-14 20:28:34 | INFO     | curation.curator | Curated → GOLD | 0df57f3d-frame_000447__ann71__snow_environment__91873945.jpg
2026-04-14 20:28:34 | INFO     | curation.curator | Curated → GOLD | 0df57f3d-frame_000447__ann71__indoor_wall_texture__ea823bef.jpg
2026-04-14 20:28:34 | INFO     | curation.curator | Curated → GOLD | 0df57f3d-frame_000447__ann71__foggy_exterior__9326e192.jpg
2026-04-14 20:28:34 | INFO     | generation.augmenter | Augmenting | ann=72 | prompt=rain_environment | req=49764124
2026-04-14 20:28:34 | INFO     | generation.augmenter | Augmenting | ann=73 | prompt=rain_environment | req=3f52ef96
2026-04-14 20:28:34 | INFO     | generation.augmenter | Augmenting | ann=74 | prompt=rain_environment | req=f58bff7a
2026-04-14 20:28:34 | INFO     | generation.augmenter | Augmenting | ann=75 | prompt=rain_environment | req=2edccc8d
2026-04-14 20:28:34 | INFO     | generation.augmenter | Augmenting | ann=74 | prompt=night_scene | req=90c74659
2026-04-14 20:28:34 | INFO     | generation.augmenter | Augmenting | ann=72 | prompt=night_scene | req=ca972282
2026-04-14 20:28:34 | INFO     | generation.augmenter | Augmenting | ann=73 | prompt=night_scene | req=c03a09f3
2026-04-14 20:28:34 | INFO     | generation.augmenter | Augmenting | ann=75 | prompt=night_scene | req=a1bdf5ef
2026-04-14 20:28:34 | INFO     | generation.augmenter | Augmenting | ann=74 | prompt=snow_environment | req=e26c50ef
2026-04-14 20:28:34 | INFO     | generation.augmenter | Augmenting | ann=72 | prompt=snow_environment | req=3e660cf7
2026-04-14 20:28:34 | INFO     | generation.augmenter | Augmenting | ann=73 | prompt=snow_environment | req=3b66b035
2026-04-14 20:28:34 | INFO     | generation.augmenter | Augmenting | ann=75 | prompt=snow_environment | req=66a7f76b
2026-04-14 20:28:34 | INFO     | generation.augmenter | Augmenting | ann=74 | prompt=indoor_wall_texture | req=4d6a5ceb
2026-04-14 20:28:34 | INFO     | generation.augmenter | Augmenting | ann=72 | prompt=indoor_wall_texture | req=537e566b
2026-04-14 20:28:35 | INFO     | generation.augmenter | Augmenting | ann=73 | prompt=indoor_wall_texture | req=a82203a9
2026-04-14 20:28:35 | INFO     | generation.augmenter | Augmenting | ann=75 | prompt=indoor_wall_texture | req=8006e426
2026-04-14 20:28:35 | INFO     | generation.augmenter | Augmenting | ann=74 | prompt=foggy_exterior | req=abc5c65d
2026-04-14 20:28:35 | INFO     | generation.augmenter | Augmenting | ann=72 | prompt=foggy_exterior | req=a197842d
2026-04-14 20:28:35 | INFO     | generation.augmenter | Augmenting | ann=73 | prompt=foggy_exterior | req=027e8160
2026-04-14 20:28:35 | INFO     | generation.augmenter | Augmenting | ann=75 | prompt=foggy_exterior | req=a0c1c5a0
2026-04-14 20:28:35 | INFO     | curation.curator | Curated → GOLD | 985e24d8-frame_000450__ann74__rain_environment__f58bff7a.jpg
2026-04-14 20:28:35 | INFO     | curation.curator | Curated → DISCARDED | 0df57f3d-frame_000447__ann72__rain_environment__49764124.jpg
2026-04-14 20:28:35 | INFO     | curation.curator | Curated → DISCARDED | 0df57f3d-frame_000447__ann73__rain_environment__3f52ef96.jpg
2026-04-14 20:28:35 | INFO     | curation.curator | Curated → DISCARDED | 0df57f3d-frame_000447__ann72__night_scene__ca972282.jpg
2026-04-14 20:28:35 | INFO     | curation.curator | Curated → DISCARDED | 0df57f3d-frame_000447__ann73__night_scene__c03a09f3.jpg
2026-04-14 20:28:35 | INFO     | curation.curator | Curated → DISCARDED | 0df57f3d-frame_000447__ann72__snow_environment__3e660cf7.jpg
2026-04-14 20:28:35 | INFO     | curation.curator | Curated → DISCARDED | 985e24d8-frame_000450__ann75__rain_environment__2edccc8d.jpg
2026-04-14 20:28:35 | INFO     | curation.curator | Curated → GOLD | 985e24d8-frame_000450__ann74__night_scene__90c74659.jpg
2026-04-14 20:28:35 | INFO     | curation.curator | Curated → DISCARDED | 0df57f3d-frame_000447__ann73__snow_environment__3b66b035.jpg
2026-04-14 20:28:35 | INFO     | curation.curator | Curated → DISCARDED | 985e24d8-frame_000450__ann75__night_scene__a1bdf5ef.jpg
2026-04-14 20:28:35 | INFO     | curation.curator | Curated → DISCARDED | 0df57f3d-frame_000447__ann72__indoor_wall_texture__537e566b.jpg
2026-04-14 20:28:35 | INFO     | curation.curator | Curated → DISCARDED | 0df57f3d-frame_000447__ann73__indoor_wall_texture__a82203a9.jpg
2026-04-14 20:28:35 | INFO     | curation.curator | Curated → DISCARDED | 985e24d8-frame_000450__ann75__snow_environment__66a7f76b.jpg
2026-04-14 20:28:35 | INFO     | curation.curator | Curated → DISCARDED | 0df57f3d-frame_000447__ann72__foggy_exterior__a197842d.jpg
2026-04-14 20:28:35 | INFO     | generation.augmenter | Augmenting | ann=76 | prompt=rain_environment | req=c91acfcf
2026-04-14 20:28:35 | INFO     | curation.curator | Curated → DISCARDED | 0df57f3d-frame_000447__ann73__foggy_exterior__027e8160.jpg
2026-04-14 20:28:35 | INFO     | generation.augmenter | Augmenting | ann=77 | prompt=rain_environment | req=759a716e
2026-04-14 20:28:35 | INFO     | curation.curator | Curated → GOLD | 985e24d8-frame_000450__ann74__snow_environment__e26c50ef.jpg
2026-04-14 20:28:35 | INFO     | curation.curator | Curated → DISCARDED | 985e24d8-frame_000450__ann75__indoor_wall_texture__8006e426.jpg
2026-04-14 20:28:35 | INFO     | curation.curator | Curated → DISCARDED | 985e24d8-frame_000450__ann75__foggy_exterior__a0c1c5a0.jpg
2026-04-14 20:28:35 | INFO     | generation.augmenter | Augmenting | ann=78 | prompt=rain_environment | req=dfcb18e3
2026-04-14 20:28:35 | INFO     | generation.augmenter | Augmenting | ann=76 | prompt=night_scene | req=12e1ef36
2026-04-14 20:28:35 | INFO     | curation.curator | Curated → GOLD | 985e24d8-frame_000450__ann74__indoor_wall_texture__4d6a5ceb.jpg
2026-04-14 20:28:35 | INFO     | generation.augmenter | Augmenting | ann=77 | prompt=night_scene | req=b9812967
2026-04-14 20:28:35 | INFO     | generation.augmenter | Augmenting | ann=78 | prompt=night_scene | req=8d8732fa
2026-04-14 20:28:35 | INFO     | curation.curator | Curated → GOLD | 985e24d8-frame_000450__ann74__foggy_exterior__abc5c65d.jpg
2026-04-14 20:28:35 | INFO     | generation.augmenter | Augmenting | ann=79 | prompt=rain_environment | req=9d89b8ed
2026-04-14 20:28:35 | INFO     | generation.augmenter | Augmenting | ann=76 | prompt=snow_environment | req=e7e78139
2026-04-14 20:28:35 | INFO     | generation.augmenter | Augmenting | ann=77 | prompt=snow_environment | req=ca2b0faa
2026-04-14 20:28:35 | INFO     | generation.augmenter | Augmenting | ann=78 | prompt=snow_environment | req=b5144da3
2026-04-14 20:28:35 | INFO     | generation.augmenter | Augmenting | ann=79 | prompt=night_scene | req=0c63d360
2026-04-14 20:28:35 | INFO     | generation.augmenter | Augmenting | ann=76 | prompt=indoor_wall_texture | req=9bdd49e0
2026-04-14 20:28:35 | INFO     | generation.augmenter | Augmenting | ann=77 | prompt=indoor_wall_texture | req=ce4e7830
2026-04-14 20:28:35 | INFO     | generation.augmenter | Augmenting | ann=78 | prompt=indoor_wall_texture | req=c061f70c
2026-04-14 20:28:35 | INFO     | generation.augmenter | Augmenting | ann=79 | prompt=snow_environment | req=a312f7f7
2026-04-14 20:28:35 | INFO     | generation.augmenter | Augmenting | ann=76 | prompt=foggy_exterior | req=e0f128d6
2026-04-14 20:28:35 | INFO     | generation.augmenter | Augmenting | ann=77 | prompt=foggy_exterior | req=2429aeab
2026-04-14 20:28:35 | INFO     | generation.augmenter | Augmenting | ann=78 | prompt=foggy_exterior | req=f617c98b
2026-04-14 20:28:36 | INFO     | generation.augmenter | Augmenting | ann=79 | prompt=indoor_wall_texture | req=f1e67cb3
2026-04-14 20:28:36 | INFO     | curation.curator | Curated → DISCARDED | 985e24d8-frame_000450__ann76__rain_environment__c91acfcf.jpg
2026-04-14 20:28:36 | INFO     | curation.curator | Curated → DISCARDED | 985e24d8-frame_000450__ann76__night_scene__12e1ef36.jpg
2026-04-14 20:28:36 | INFO     | generation.augmenter | Augmenting | ann=79 | prompt=foggy_exterior | req=42e8f70d
2026-04-14 20:28:36 | INFO     | curation.curator | Curated → GOLD | 26e274d9-frame_000451__ann78__rain_environment__dfcb18e3.jpg
2026-04-14 20:28:36 | INFO     | curation.curator | Curated → GOLD | 26e274d9-frame_000451__ann77__rain_environment__759a716e.jpg
2026-04-14 20:28:36 | INFO     | curation.curator | Curated → DISCARDED | 985e24d8-frame_000450__ann76__snow_environment__e7e78139.jpg
2026-04-14 20:28:36 | INFO     | curation.curator | Curated → GOLD | 26e274d9-frame_000451__ann78__night_scene__8d8732fa.jpg
2026-04-14 20:28:36 | INFO     | curation.curator | Curated → GOLD | 26e274d9-frame_000451__ann77__night_scene__b9812967.jpg
2026-04-14 20:28:36 | INFO     | curation.curator | Curated → GOLD | 985e24d8-frame_000450__ann76__indoor_wall_texture__9bdd49e0.jpg
2026-04-14 20:28:36 | INFO     | curation.curator | Curated → DISCARDED | 26e274d9-frame_000451__ann78__snow_environment__b5144da3.jpg
2026-04-14 20:28:36 | INFO     | curation.curator | Curated → DISCARDED | 985e24d8-frame_000450__ann76__foggy_exterior__e0f128d6.jpg
2026-04-14 20:28:36 | INFO     | curation.curator | Curated → DISCARDED | 26e274d9-frame_000451__ann79__rain_environment__9d89b8ed.jpg
2026-04-14 20:28:36 | INFO     | curation.curator | Curated → GOLD | 26e274d9-frame_000451__ann78__indoor_wall_texture__c061f70c.jpg
2026-04-14 20:28:36 | INFO     | curation.curator | Curated → GOLD | 26e274d9-frame_000451__ann77__snow_environment__ca2b0faa.jpg
2026-04-14 20:28:36 | INFO     | curation.curator | Curated → GOLD | 26e274d9-frame_000451__ann78__foggy_exterior__f617c98b.jpg
2026-04-14 20:28:36 | INFO     | curation.curator | Curated → DISCARDED | 26e274d9-frame_000451__ann79__night_scene__0c63d360.jpg
2026-04-14 20:28:36 | INFO     | curation.curator | Curated → DISCARDED | 26e274d9-frame_000451__ann79__snow_environment__a312f7f7.jpg
2026-04-14 20:28:36 | INFO     | curation.curator | Curated → GOLD | 26e274d9-frame_000451__ann77__indoor_wall_texture__ce4e7830.jpg
2026-04-14 20:28:36 | INFO     | curation.curator | Curated → GOLD | 26e274d9-frame_000451__ann79__indoor_wall_texture__f1e67cb3.jpg
2026-04-14 20:28:36 | INFO     | curation.curator | Curated → DISCARDED | 26e274d9-frame_000451__ann79__foggy_exterior__42e8f70d.jpg
2026-04-14 20:28:36 | INFO     | curation.curator | Curated → GOLD | 26e274d9-frame_000451__ann77__foggy_exterior__2429aeab.jpg
2026-04-14 20:28:36 | INFO     | generation.augmenter | Augmenting | ann=80 | prompt=rain_environment | req=704c2424
2026-04-14 20:28:36 | INFO     | generation.augmenter | Augmenting | ann=81 | prompt=rain_environment | req=260c72f6
2026-04-14 20:28:36 | INFO     | generation.augmenter | Augmenting | ann=82 | prompt=rain_environment | req=73f29322
2026-04-14 20:28:36 | INFO     | generation.augmenter | Augmenting | ann=83 | prompt=rain_environment | req=b601a7e9
2026-04-14 20:28:37 | INFO     | generation.augmenter | Augmenting | ann=80 | prompt=night_scene | req=f98b0fd4
2026-04-14 20:28:37 | INFO     | generation.augmenter | Augmenting | ann=83 | prompt=night_scene | req=2a685aa2
2026-04-14 20:28:37 | INFO     | generation.augmenter | Augmenting | ann=81 | prompt=night_scene | req=bbc615d4
2026-04-14 20:28:37 | INFO     | generation.augmenter | Augmenting | ann=82 | prompt=night_scene | req=504a0a12
2026-04-14 20:28:37 | INFO     | generation.augmenter | Augmenting | ann=80 | prompt=snow_environment | req=530da730
2026-04-14 20:28:37 | INFO     | generation.augmenter | Augmenting | ann=83 | prompt=snow_environment | req=16b03859
2026-04-14 20:28:37 | INFO     | generation.augmenter | Augmenting | ann=81 | prompt=snow_environment | req=10f37cd7
2026-04-14 20:28:37 | INFO     | generation.augmenter | Augmenting | ann=82 | prompt=snow_environment | req=f21cfcf0
2026-04-14 20:28:37 | INFO     | generation.augmenter | Augmenting | ann=80 | prompt=indoor_wall_texture | req=d50983f3
2026-04-14 20:28:37 | INFO     | generation.augmenter | Augmenting | ann=83 | prompt=indoor_wall_texture | req=b028de17
2026-04-14 20:28:37 | INFO     | generation.augmenter | Augmenting | ann=81 | prompt=indoor_wall_texture | req=68900d0c
2026-04-14 20:28:37 | INFO     | generation.augmenter | Augmenting | ann=82 | prompt=indoor_wall_texture | req=1a6c3687
2026-04-14 20:28:37 | INFO     | generation.augmenter | Augmenting | ann=80 | prompt=foggy_exterior | req=d93c7658
2026-04-14 20:28:37 | INFO     | generation.augmenter | Augmenting | ann=83 | prompt=foggy_exterior | req=9edcd751
2026-04-14 20:28:37 | INFO     | generation.augmenter | Augmenting | ann=81 | prompt=foggy_exterior | req=ef19cb15
2026-04-14 20:28:37 | INFO     | generation.augmenter | Augmenting | ann=82 | prompt=foggy_exterior | req=54844996
2026-04-14 20:28:37 | INFO     | curation.curator | Curated → GOLD | 53c96e33-frame_000456__ann80__rain_environment__704c2424.jpg
2026-04-14 20:28:37 | INFO     | curation.curator | Curated → GOLD | 18dc80aa-frame_000457__ann83__rain_environment__b601a7e9.jpg
2026-04-14 20:28:37 | INFO     | curation.curator | Curated → GOLD | 53c96e33-frame_000456__ann81__rain_environment__260c72f6.jpg
2026-04-14 20:28:37 | INFO     | curation.curator | Curated → DISCARDED | 53c96e33-frame_000456__ann82__rain_environment__73f29322.jpg
2026-04-14 20:28:37 | INFO     | curation.curator | Curated → GOLD | 53c96e33-frame_000456__ann80__night_scene__f98b0fd4.jpg
2026-04-14 20:28:37 | INFO     | curation.curator | Curated → GOLD | 53c96e33-frame_000456__ann81__night_scene__bbc615d4.jpg
2026-04-14 20:28:37 | INFO     | curation.curator | Curated → GOLD | 18dc80aa-frame_000457__ann83__night_scene__2a685aa2.jpg
2026-04-14 20:28:37 | INFO     | curation.curator | Curated → GOLD | 53c96e33-frame_000456__ann82__night_scene__504a0a12.jpg
2026-04-14 20:28:37 | INFO     | curation.curator | Curated → DISCARDED | 53c96e33-frame_000456__ann81__snow_environment__10f37cd7.jpg
2026-04-14 20:28:37 | INFO     | curation.curator | Curated → DISCARDED | 53c96e33-frame_000456__ann82__snow_environment__f21cfcf0.jpg
2026-04-14 20:28:37 | INFO     | curation.curator | Curated → GOLD | 53c96e33-frame_000456__ann80__snow_environment__530da730.jpg
2026-04-14 20:28:37 | INFO     | curation.curator | Curated → GOLD | 53c96e33-frame_000456__ann81__indoor_wall_texture__68900d0c.jpg
2026-04-14 20:28:37 | INFO     | curation.curator | Curated → GOLD | 18dc80aa-frame_000457__ann83__snow_environment__16b03859.jpg
2026-04-14 20:28:37 | INFO     | curation.curator | Curated → GOLD | 53c96e33-frame_000456__ann82__indoor_wall_texture__1a6c3687.jpg
2026-04-14 20:28:37 | INFO     | curation.curator | Curated → GOLD | 53c96e33-frame_000456__ann81__foggy_exterior__ef19cb15.jpg
2026-04-14 20:28:37 | INFO     | curation.curator | Curated → DISCARDED | 53c96e33-frame_000456__ann82__foggy_exterior__54844996.jpg
2026-04-14 20:28:37 | INFO     | generation.augmenter | Augmenting | ann=84 | prompt=rain_environment | req=9dad1531
2026-04-14 20:28:37 | INFO     | generation.augmenter | Augmenting | ann=85 | prompt=rain_environment | req=a41c4d70
2026-04-14 20:28:37 | INFO     | curation.curator | Curated → GOLD | 53c96e33-frame_000456__ann80__indoor_wall_texture__d50983f3.jpg
2026-04-14 20:28:37 | INFO     | curation.curator | Curated → GOLD | 18dc80aa-frame_000457__ann83__indoor_wall_texture__b028de17.jpg
2026-04-14 20:28:37 | INFO     | generation.augmenter | Augmenting | ann=84 | prompt=night_scene | req=54854cc5
2026-04-14 20:28:37 | INFO     | generation.augmenter | Augmenting | ann=85 | prompt=night_scene | req=64a1f70b
2026-04-14 20:28:37 | INFO     | curation.curator | Curated → GOLD | 53c96e33-frame_000456__ann80__foggy_exterior__d93c7658.jpg
2026-04-14 20:28:37 | INFO     | generation.augmenter | Augmenting | ann=86 | prompt=rain_environment | req=bb55a963
2026-04-14 20:28:37 | INFO     | curation.curator | Curated → GOLD | 18dc80aa-frame_000457__ann83__foggy_exterior__9edcd751.jpg
2026-04-14 20:28:37 | INFO     | generation.augmenter | Augmenting | ann=87 | prompt=rain_environment | req=1a345243
2026-04-14 20:28:37 | INFO     | generation.augmenter | Augmenting | ann=84 | prompt=snow_environment | req=c15df8ae
2026-04-14 20:28:37 | INFO     | generation.augmenter | Augmenting | ann=85 | prompt=snow_environment | req=b4a85c16
2026-04-14 20:28:37 | INFO     | generation.augmenter | Augmenting | ann=86 | prompt=night_scene | req=1098b798
2026-04-14 20:28:38 | INFO     | generation.augmenter | Augmenting | ann=87 | prompt=night_scene | req=9ef5d1d2
2026-04-14 20:28:38 | INFO     | generation.augmenter | Augmenting | ann=84 | prompt=indoor_wall_texture | req=b1552018
2026-04-14 20:28:38 | INFO     | generation.augmenter | Augmenting | ann=85 | prompt=indoor_wall_texture | req=4f1051cb
2026-04-14 20:28:38 | INFO     | generation.augmenter | Augmenting | ann=86 | prompt=snow_environment | req=7d66f139
2026-04-14 20:28:38 | INFO     | generation.augmenter | Augmenting | ann=87 | prompt=snow_environment | req=57f366d5
2026-04-14 20:28:38 | INFO     | generation.augmenter | Augmenting | ann=84 | prompt=foggy_exterior | req=699cc8b1
2026-04-14 20:28:38 | INFO     | generation.augmenter | Augmenting | ann=85 | prompt=foggy_exterior | req=02bf3f9d
2026-04-14 20:28:38 | INFO     | generation.augmenter | Augmenting | ann=86 | prompt=indoor_wall_texture | req=e97b96af
2026-04-14 20:28:38 | INFO     | generation.augmenter | Augmenting | ann=87 | prompt=indoor_wall_texture | req=40fd9cc0
2026-04-14 20:28:38 | INFO     | curation.curator | Curated → DISCARDED | 18dc80aa-frame_000457__ann84__rain_environment__9dad1531.jpg
2026-04-14 20:28:38 | INFO     | generation.augmenter | Augmenting | ann=86 | prompt=foggy_exterior | req=cb78395a
2026-04-14 20:28:38 | INFO     | curation.curator | Curated → DISCARDED | 18dc80aa-frame_000457__ann85__rain_environment__a41c4d70.jpg
2026-04-14 20:28:38 | INFO     | generation.augmenter | Augmenting | ann=87 | prompt=foggy_exterior | req=7fe1e3fd
2026-04-14 20:28:38 | INFO     | curation.curator | Curated → GOLD | 18dc80aa-frame_000457__ann84__night_scene__54854cc5.jpg
2026-04-14 20:28:38 | INFO     | curation.curator | Curated → DISCARDED | 18dc80aa-frame_000457__ann85__night_scene__64a1f70b.jpg
2026-04-14 20:28:38 | INFO     | curation.curator | Curated → DISCARDED | 18dc80aa-frame_000457__ann84__snow_environment__c15df8ae.jpg
2026-04-14 20:28:38 | INFO     | curation.curator | Curated → DISCARDED | 18dc80aa-frame_000457__ann85__snow_environment__b4a85c16.jpg
2026-04-14 20:28:38 | INFO     | curation.curator | Curated → DISCARDED | 18dc80aa-frame_000457__ann85__indoor_wall_texture__4f1051cb.jpg
2026-04-14 20:28:38 | INFO     | curation.curator | Curated → GOLD | 18dc80aa-frame_000457__ann84__indoor_wall_texture__b1552018.jpg
2026-04-14 20:28:38 | INFO     | curation.curator | Curated → GOLD | cfb50262-frame_000459__ann86__rain_environment__bb55a963.jpg
2026-04-14 20:28:38 | INFO     | curation.curator | Curated → DISCARDED | cfb50262-frame_000459__ann87__rain_environment__1a345243.jpg
2026-04-14 20:28:38 | INFO     | curation.curator | Curated → DISCARDED | 18dc80aa-frame_000457__ann85__foggy_exterior__02bf3f9d.jpg
2026-04-14 20:28:38 | INFO     | curation.curator | Curated → DISCARDED | 18dc80aa-frame_000457__ann84__foggy_exterior__699cc8b1.jpg
2026-04-14 20:28:38 | INFO     | curation.curator | Curated → DISCARDED | cfb50262-frame_000459__ann87__night_scene__9ef5d1d2.jpg
2026-04-14 20:28:38 | INFO     | curation.curator | Curated → GOLD | cfb50262-frame_000459__ann86__night_scene__1098b798.jpg
2026-04-14 20:28:38 | INFO     | curation.curator | Curated → DISCARDED | cfb50262-frame_000459__ann87__snow_environment__57f366d5.jpg
2026-04-14 20:28:38 | INFO     | curation.curator | Curated → GOLD | cfb50262-frame_000459__ann87__indoor_wall_texture__40fd9cc0.jpg
2026-04-14 20:28:38 | INFO     | curation.curator | Curated → GOLD | cfb50262-frame_000459__ann86__snow_environment__7d66f139.jpg
2026-04-14 20:28:38 | INFO     | curation.curator | Curated → DISCARDED | cfb50262-frame_000459__ann87__foggy_exterior__7fe1e3fd.jpg
2026-04-14 20:28:38 | INFO     | curation.curator | Curated → GOLD | cfb50262-frame_000459__ann86__indoor_wall_texture__e97b96af.jpg
2026-04-14 20:28:38 | INFO     | curation.curator | Curated → GOLD | cfb50262-frame_000459__ann86__foggy_exterior__cb78395a.jpg
2026-04-14 20:28:38 | INFO     | generation.augmenter | Augmenting | ann=88 | prompt=rain_environment | req=2049e4c0
2026-04-14 20:28:38 | INFO     | generation.augmenter | Augmenting | ann=89 | prompt=rain_environment | req=303debf3
2026-04-14 20:28:38 | INFO     | generation.augmenter | Augmenting | ann=90 | prompt=rain_environment | req=9a115ebd
2026-04-14 20:28:38 | INFO     | generation.augmenter | Augmenting | ann=91 | prompt=rain_environment | req=362f51a7
2026-04-14 20:28:38 | INFO     | generation.augmenter | Augmenting | ann=89 | prompt=night_scene | req=c246d3f6
2026-04-14 20:28:39 | INFO     | generation.augmenter | Augmenting | ann=88 | prompt=night_scene | req=9f14e38b
2026-04-14 20:28:39 | INFO     | generation.augmenter | Augmenting | ann=90 | prompt=night_scene | req=f0a74a47
2026-04-14 20:28:39 | INFO     | generation.augmenter | Augmenting | ann=91 | prompt=night_scene | req=9963a50b
2026-04-14 20:28:39 | INFO     | generation.augmenter | Augmenting | ann=89 | prompt=snow_environment | req=19f288d5
2026-04-14 20:28:39 | INFO     | generation.augmenter | Augmenting | ann=88 | prompt=snow_environment | req=84f456c3
2026-04-14 20:28:39 | INFO     | generation.augmenter | Augmenting | ann=90 | prompt=snow_environment | req=179b40eb
2026-04-14 20:28:39 | INFO     | generation.augmenter | Augmenting | ann=91 | prompt=snow_environment | req=1c695bd3
2026-04-14 20:28:39 | INFO     | generation.augmenter | Augmenting | ann=89 | prompt=indoor_wall_texture | req=845da244
2026-04-14 20:28:39 | INFO     | generation.augmenter | Augmenting | ann=88 | prompt=indoor_wall_texture | req=afc0ce64
2026-04-14 20:28:39 | INFO     | generation.augmenter | Augmenting | ann=90 | prompt=indoor_wall_texture | req=325215a1
2026-04-14 20:28:39 | INFO     | generation.augmenter | Augmenting | ann=91 | prompt=indoor_wall_texture | req=2e39b573
2026-04-14 20:28:39 | INFO     | generation.augmenter | Augmenting | ann=89 | prompt=foggy_exterior | req=b8584e6c
2026-04-14 20:28:39 | INFO     | generation.augmenter | Augmenting | ann=88 | prompt=foggy_exterior | req=2c6506cb
2026-04-14 20:28:39 | INFO     | generation.augmenter | Augmenting | ann=90 | prompt=foggy_exterior | req=b79bc119
2026-04-14 20:28:39 | INFO     | generation.augmenter | Augmenting | ann=91 | prompt=foggy_exterior | req=c11d2ad4
2026-04-14 20:28:39 | INFO     | curation.curator | Curated → DISCARDED | cfb50262-frame_000459__ann88__rain_environment__2049e4c0.jpg
2026-04-14 20:28:39 | INFO     | curation.curator | Curated → GOLD | 0513bc2c-frame_000460__ann89__rain_environment__303debf3.jpg
2026-04-14 20:28:39 | INFO     | curation.curator | Curated → DISCARDED | cfb50262-frame_000459__ann88__night_scene__9f14e38b.jpg
2026-04-14 20:28:39 | INFO     | curation.curator | Curated → DISCARDED | 0513bc2c-frame_000460__ann90__rain_environment__9a115ebd.jpg
2026-04-14 20:28:39 | INFO     | curation.curator | Curated → DISCARDED | cfb50262-frame_000459__ann88__snow_environment__84f456c3.jpg
2026-04-14 20:28:39 | INFO     | curation.curator | Curated → DISCARDED | 0513bc2c-frame_000460__ann91__rain_environment__362f51a7.jpg
2026-04-14 20:28:39 | INFO     | curation.curator | Curated → GOLD | 0513bc2c-frame_000460__ann89__night_scene__c246d3f6.jpg
2026-04-14 20:28:39 | INFO     | curation.curator | Curated → GOLD | 0513bc2c-frame_000460__ann90__night_scene__f0a74a47.jpg
2026-04-14 20:28:39 | INFO     | curation.curator | Curated → DISCARDED | 0513bc2c-frame_000460__ann91__night_scene__9963a50b.jpg
2026-04-14 20:28:39 | INFO     | curation.curator | Curated → GOLD | cfb50262-frame_000459__ann88__indoor_wall_texture__afc0ce64.jpg
2026-04-14 20:28:39 | INFO     | curation.curator | Curated → DISCARDED | 0513bc2c-frame_000460__ann90__snow_environment__179b40eb.jpg
2026-04-14 20:28:39 | INFO     | curation.curator | Curated → DISCARDED | 0513bc2c-frame_000460__ann91__snow_environment__1c695bd3.jpg
2026-04-14 20:28:39 | INFO     | curation.curator | Curated → DISCARDED | cfb50262-frame_000459__ann88__foggy_exterior__2c6506cb.jpg
2026-04-14 20:28:39 | INFO     | generation.augmenter | Augmenting | ann=92 | prompt=rain_environment | req=0592f174
2026-04-14 20:28:39 | INFO     | curation.curator | Curated → GOLD | 0513bc2c-frame_000460__ann91__indoor_wall_texture__2e39b573.jpg
2026-04-14 20:28:39 | INFO     | curation.curator | Curated → GOLD | 0513bc2c-frame_000460__ann89__snow_environment__19f288d5.jpg
2026-04-14 20:28:39 | INFO     | curation.curator | Curated → GOLD | 0513bc2c-frame_000460__ann90__indoor_wall_texture__325215a1.jpg
2026-04-14 20:28:39 | INFO     | curation.curator | Curated → DISCARDED | 0513bc2c-frame_000460__ann91__foggy_exterior__c11d2ad4.jpg
2026-04-14 20:28:39 | INFO     | generation.augmenter | Augmenting | ann=93 | prompt=rain_environment | req=6692effb
2026-04-14 20:28:39 | INFO     | curation.curator | Curated → DISCARDED | 0513bc2c-frame_000460__ann90__foggy_exterior__b79bc119.jpg
2026-04-14 20:28:39 | INFO     | generation.augmenter | Augmenting | ann=92 | prompt=night_scene | req=ff8d8ef2
2026-04-14 20:28:39 | INFO     | generation.augmenter | Augmenting | ann=94 | prompt=rain_environment | req=56d71983
2026-04-14 20:28:39 | INFO     | curation.curator | Curated → GOLD | 0513bc2c-frame_000460__ann89__indoor_wall_texture__845da244.jpg
2026-04-14 20:28:39 | INFO     | generation.augmenter | Augmenting | ann=93 | prompt=night_scene | req=eaab57ed
2026-04-14 20:28:39 | INFO     | curation.curator | Curated → GOLD | 0513bc2c-frame_000460__ann89__foggy_exterior__b8584e6c.jpg
2026-04-14 20:28:39 | INFO     | generation.augmenter | Augmenting | ann=95 | prompt=rain_environment | req=e5b6b989
2026-04-14 20:28:39 | INFO     | generation.augmenter | Augmenting | ann=92 | prompt=snow_environment | req=f929eb33
2026-04-14 20:28:39 | INFO     | generation.augmenter | Augmenting | ann=94 | prompt=night_scene | req=8f5bc63c
2026-04-14 20:28:39 | INFO     | generation.augmenter | Augmenting | ann=93 | prompt=snow_environment | req=dced8839
2026-04-14 20:28:39 | INFO     | generation.augmenter | Augmenting | ann=95 | prompt=night_scene | req=734e7ed9
2026-04-14 20:28:39 | INFO     | generation.augmenter | Augmenting | ann=92 | prompt=indoor_wall_texture | req=512d7b6e
2026-04-14 20:28:40 | INFO     | generation.augmenter | Augmenting | ann=94 | prompt=snow_environment | req=4909e3c3
2026-04-14 20:28:40 | INFO     | generation.augmenter | Augmenting | ann=93 | prompt=indoor_wall_texture | req=774fbcdc
2026-04-14 20:28:40 | INFO     | generation.augmenter | Augmenting | ann=95 | prompt=snow_environment | req=9c235323
2026-04-14 20:28:40 | INFO     | generation.augmenter | Augmenting | ann=92 | prompt=foggy_exterior | req=2ef15cca
2026-04-14 20:28:40 | INFO     | generation.augmenter | Augmenting | ann=94 | prompt=indoor_wall_texture | req=eccafa08
2026-04-14 20:28:40 | INFO     | generation.augmenter | Augmenting | ann=93 | prompt=foggy_exterior | req=254a014d
2026-04-14 20:28:40 | INFO     | generation.augmenter | Augmenting | ann=95 | prompt=indoor_wall_texture | req=a4b8ab9d
2026-04-14 20:28:40 | INFO     | generation.augmenter | Augmenting | ann=94 | prompt=foggy_exterior | req=fa752e29
2026-04-14 20:28:40 | INFO     | curation.curator | Curated → GOLD | 0b077b2d-frame_000465__ann92__rain_environment__0592f174.jpg
2026-04-14 20:28:40 | INFO     | generation.augmenter | Augmenting | ann=95 | prompt=foggy_exterior | req=4d0a7429
2026-04-14 20:28:40 | INFO     | curation.curator | Curated → DISCARDED | 0b077b2d-frame_000465__ann93__rain_environment__6692effb.jpg
2026-04-14 20:28:40 | INFO     | curation.curator | Curated → DISCARDED | 0b077b2d-frame_000465__ann93__night_scene__eaab57ed.jpg
2026-04-14 20:28:40 | INFO     | curation.curator | Curated → GOLD | 0b077b2d-frame_000465__ann92__night_scene__ff8d8ef2.jpg
2026-04-14 20:28:40 | INFO     | curation.curator | Curated → DISCARDED | 0b077b2d-frame_000465__ann94__rain_environment__56d71983.jpg
2026-04-14 20:28:40 | INFO     | curation.curator | Curated → DISCARDED | 0b077b2d-frame_000465__ann93__snow_environment__dced8839.jpg
2026-04-14 20:28:40 | INFO     | curation.curator | Curated → GOLD | 0b077b2d-frame_000465__ann94__night_scene__8f5bc63c.jpg
2026-04-14 20:28:40 | INFO     | curation.curator | Curated → DISCARDED | 0b077b2d-frame_000465__ann93__indoor_wall_texture__774fbcdc.jpg
2026-04-14 20:28:40 | INFO     | curation.curator | Curated → GOLD | 0b077b2d-frame_000465__ann92__snow_environment__f929eb33.jpg
2026-04-14 20:28:40 | INFO     | curation.curator | Curated → GOLD | 511756e5-frame_000467__ann95__rain_environment__e5b6b989.jpg
2026-04-14 20:28:40 | INFO     | curation.curator | Curated → DISCARDED | 0b077b2d-frame_000465__ann94__snow_environment__4909e3c3.jpg
2026-04-14 20:28:40 | INFO     | curation.curator | Curated → DISCARDED | 0b077b2d-frame_000465__ann93__foggy_exterior__254a014d.jpg
2026-04-14 20:28:40 | INFO     | curation.curator | Curated → GOLD | 0b077b2d-frame_000465__ann94__indoor_wall_texture__eccafa08.jpg
2026-04-14 20:28:40 | INFO     | curation.curator | Curated → GOLD | 0b077b2d-frame_000465__ann92__indoor_wall_texture__512d7b6e.jpg
2026-04-14 20:28:40 | INFO     | curation.curator | Curated → GOLD | 511756e5-frame_000467__ann95__night_scene__734e7ed9.jpg
2026-04-14 20:28:40 | INFO     | curation.curator | Curated → DISCARDED | 0b077b2d-frame_000465__ann94__foggy_exterior__fa752e29.jpg
2026-04-14 20:28:40 | INFO     | curation.curator | Curated → GOLD | 0b077b2d-frame_000465__ann92__foggy_exterior__2ef15cca.jpg
2026-04-14 20:28:40 | INFO     | curation.curator | Curated → GOLD | 511756e5-frame_000467__ann95__snow_environment__9c235323.jpg
2026-04-14 20:28:40 | INFO     | curation.curator | Curated → GOLD | 511756e5-frame_000467__ann95__indoor_wall_texture__a4b8ab9d.jpg
2026-04-14 20:28:40 | INFO     | curation.curator | Curated → GOLD | 511756e5-frame_000467__ann95__foggy_exterior__4d0a7429.jpg
2026-04-14 20:28:41 | INFO     | generation.augmenter | Augmenting | ann=96 | prompt=rain_environment | req=187f1975
2026-04-14 20:28:41 | INFO     | generation.augmenter | Augmenting | ann=97 | prompt=rain_environment | req=edfd9ddb
2026-04-14 20:28:41 | INFO     | generation.augmenter | Augmenting | ann=98 | prompt=rain_environment | req=47e79a8d
2026-04-14 20:28:41 | INFO     | generation.augmenter | Augmenting | ann=99 | prompt=rain_environment | req=f785b9e2
2026-04-14 20:28:41 | INFO     | generation.augmenter | Augmenting | ann=98 | prompt=night_scene | req=fbd4c4f8
2026-04-14 20:28:41 | INFO     | generation.augmenter | Augmenting | ann=96 | prompt=night_scene | req=0e26efcd
2026-04-14 20:28:41 | INFO     | generation.augmenter | Augmenting | ann=97 | prompt=night_scene | req=683b807a
2026-04-14 20:28:41 | INFO     | generation.augmenter | Augmenting | ann=99 | prompt=night_scene | req=76a34d9c
2026-04-14 20:28:41 | INFO     | generation.augmenter | Augmenting | ann=98 | prompt=snow_environment | req=b7cc3658
2026-04-14 20:28:41 | INFO     | generation.augmenter | Augmenting | ann=96 | prompt=snow_environment | req=82a528d7
2026-04-14 20:28:41 | INFO     | generation.augmenter | Augmenting | ann=97 | prompt=snow_environment | req=dc29f591
2026-04-14 20:28:41 | INFO     | generation.augmenter | Augmenting | ann=99 | prompt=snow_environment | req=98a3abca
2026-04-14 20:28:41 | INFO     | generation.augmenter | Augmenting | ann=98 | prompt=indoor_wall_texture | req=98dc7fda
2026-04-14 20:28:41 | INFO     | generation.augmenter | Augmenting | ann=96 | prompt=indoor_wall_texture | req=e4cca01b
2026-04-14 20:28:41 | INFO     | generation.augmenter | Augmenting | ann=97 | prompt=indoor_wall_texture | req=49a43ab1
2026-04-14 20:28:41 | INFO     | generation.augmenter | Augmenting | ann=99 | prompt=indoor_wall_texture | req=928a6a2f
2026-04-14 20:28:41 | INFO     | generation.augmenter | Augmenting | ann=98 | prompt=foggy_exterior | req=128ae3e5
2026-04-14 20:28:41 | INFO     | generation.augmenter | Augmenting | ann=96 | prompt=foggy_exterior | req=bbeece73
2026-04-14 20:28:41 | INFO     | generation.augmenter | Augmenting | ann=97 | prompt=foggy_exterior | req=63fea605
2026-04-14 20:28:41 | INFO     | generation.augmenter | Augmenting | ann=99 | prompt=foggy_exterior | req=1f76eab9
2026-04-14 20:28:41 | INFO     | curation.curator | Curated → GOLD | 84fa032a-frame_000477__ann98__rain_environment__47e79a8d.jpg
2026-04-14 20:28:41 | INFO     | curation.curator | Curated → DISCARDED | 511756e5-frame_000467__ann96__rain_environment__187f1975.jpg
2026-04-14 20:28:41 | INFO     | curation.curator | Curated → DISCARDED | 84fa032a-frame_000477__ann99__rain_environment__f785b9e2.jpg
2026-04-14 20:28:41 | INFO     | curation.curator | Curated → DISCARDED | 511756e5-frame_000467__ann97__rain_environment__edfd9ddb.jpg
2026-04-14 20:28:41 | INFO     | curation.curator | Curated → DISCARDED | 511756e5-frame_000467__ann96__night_scene__0e26efcd.jpg
2026-04-14 20:28:41 | INFO     | curation.curator | Curated → GOLD | 84fa032a-frame_000477__ann98__night_scene__fbd4c4f8.jpg
2026-04-14 20:28:41 | INFO     | curation.curator | Curated → DISCARDED | 84fa032a-frame_000477__ann99__night_scene__76a34d9c.jpg
2026-04-14 20:28:41 | INFO     | curation.curator | Curated → DISCARDED | 511756e5-frame_000467__ann97__night_scene__683b807a.jpg
2026-04-14 20:28:41 | INFO     | curation.curator | Curated → DISCARDED | 511756e5-frame_000467__ann96__snow_environment__82a528d7.jpg
2026-04-14 20:28:41 | INFO     | curation.curator | Curated → DISCARDED | 84fa032a-frame_000477__ann99__snow_environment__98a3abca.jpg
2026-04-14 20:28:41 | INFO     | curation.curator | Curated → DISCARDED | 511756e5-frame_000467__ann97__snow_environment__dc29f591.jpg
2026-04-14 20:28:41 | INFO     | curation.curator | Curated → DISCARDED | 511756e5-frame_000467__ann96__indoor_wall_texture__e4cca01b.jpg
2026-04-14 20:28:41 | INFO     | curation.curator | Curated → GOLD | 84fa032a-frame_000477__ann98__snow_environment__b7cc3658.jpg
2026-04-14 20:28:41 | INFO     | curation.curator | Curated → DISCARDED | 84fa032a-frame_000477__ann99__indoor_wall_texture__928a6a2f.jpg
2026-04-14 20:28:41 | INFO     | curation.curator | Curated → DISCARDED | 511756e5-frame_000467__ann96__foggy_exterior__bbeece73.jpg
2026-04-14 20:28:41 | INFO     | curation.curator | Curated → GOLD | 511756e5-frame_000467__ann97__indoor_wall_texture__49a43ab1.jpg
2026-04-14 20:28:41 | INFO     | generation.augmenter | Augmenting | ann=100 | prompt=rain_environment | req=3cfbfcfc
2026-04-14 20:28:41 | INFO     | curation.curator | Curated → DISCARDED | 84fa032a-frame_000477__ann99__foggy_exterior__1f76eab9.jpg
2026-04-14 20:28:41 | INFO     | generation.augmenter | Augmenting | ann=101 | prompt=rain_environment | req=395b2415
2026-04-14 20:28:42 | INFO     | curation.curator | Curated → DISCARDED | 511756e5-frame_000467__ann97__foggy_exterior__63fea605.jpg
2026-04-14 20:28:42 | INFO     | generation.augmenter | Augmenting | ann=102 | prompt=rain_environment | req=b1562cc9
2026-04-14 20:28:42 | INFO     | curation.curator | Curated → GOLD | 84fa032a-frame_000477__ann98__indoor_wall_texture__98dc7fda.jpg
2026-04-14 20:28:42 | INFO     | generation.augmenter | Augmenting | ann=100 | prompt=night_scene | req=18a7fc04
2026-04-14 20:28:42 | INFO     | generation.augmenter | Augmenting | ann=101 | prompt=night_scene | req=f7050f30
2026-04-14 20:28:42 | INFO     | generation.augmenter | Augmenting | ann=102 | prompt=night_scene | req=0d1a1341
2026-04-14 20:28:42 | INFO     | curation.curator | Curated → GOLD | 84fa032a-frame_000477__ann98__foggy_exterior__128ae3e5.jpg
2026-04-14 20:28:42 | INFO     | generation.augmenter | Augmenting | ann=103 | prompt=rain_environment | req=ebd1c84b
2026-04-14 20:28:42 | INFO     | generation.augmenter | Augmenting | ann=100 | prompt=snow_environment | req=9dc7e48d
2026-04-14 20:28:42 | INFO     | generation.augmenter | Augmenting | ann=101 | prompt=snow_environment | req=5cbf4897
2026-04-14 20:28:42 | INFO     | generation.augmenter | Augmenting | ann=102 | prompt=snow_environment | req=716480ed
2026-04-14 20:28:42 | INFO     | generation.augmenter | Augmenting | ann=103 | prompt=night_scene | req=d8c41523
2026-04-14 20:28:42 | INFO     | generation.augmenter | Augmenting | ann=100 | prompt=indoor_wall_texture | req=8c100732
2026-04-14 20:28:42 | INFO     | generation.augmenter | Augmenting | ann=101 | prompt=indoor_wall_texture | req=b0344521
2026-04-14 20:28:42 | INFO     | generation.augmenter | Augmenting | ann=102 | prompt=indoor_wall_texture | req=992e5d3a
2026-04-14 20:28:42 | INFO     | generation.augmenter | Augmenting | ann=103 | prompt=snow_environment | req=e56dcef0
2026-04-14 20:28:42 | INFO     | generation.augmenter | Augmenting | ann=100 | prompt=foggy_exterior | req=a819a030
2026-04-14 20:28:42 | INFO     | generation.augmenter | Augmenting | ann=101 | prompt=foggy_exterior | req=36667bc5
2026-04-14 20:28:42 | INFO     | generation.augmenter | Augmenting | ann=102 | prompt=foggy_exterior | req=a1412a4a
2026-04-14 20:28:42 | INFO     | generation.augmenter | Augmenting | ann=103 | prompt=indoor_wall_texture | req=9fe41700
2026-04-14 20:28:42 | INFO     | curation.curator | Curated → DISCARDED | 84fa032a-frame_000477__ann100__rain_environment__3cfbfcfc.jpg
2026-04-14 20:28:42 | INFO     | curation.curator | Curated → DISCARDED | 84fa032a-frame_000477__ann100__night_scene__18a7fc04.jpg
2026-04-14 20:28:42 | INFO     | generation.augmenter | Augmenting | ann=103 | prompt=foggy_exterior | req=dc45ebf0
2026-04-14 20:28:42 | INFO     | curation.curator | Curated → DISCARDED | 84fa032a-frame_000477__ann100__snow_environment__9dc7e48d.jpg
2026-04-14 20:28:42 | INFO     | curation.curator | Curated → DISCARDED | d35ced50-frame_000484__ann102__rain_environment__b1562cc9.jpg
2026-04-14 20:28:42 | INFO     | curation.curator | Curated → DISCARDED | 84fa032a-frame_000477__ann100__indoor_wall_texture__8c100732.jpg
2026-04-14 20:28:42 | INFO     | curation.curator | Curated → GOLD | d35ced50-frame_000484__ann101__rain_environment__395b2415.jpg
2026-04-14 20:28:42 | INFO     | curation.curator | Curated → DISCARDED | 84fa032a-frame_000477__ann100__foggy_exterior__a819a030.jpg
2026-04-14 20:28:42 | INFO     | curation.curator | Curated → DISCARDED | d35ced50-frame_000484__ann102__night_scene__0d1a1341.jpg
2026-04-14 20:28:42 | INFO     | curation.curator | Curated → DISCARDED | d35ced50-frame_000484__ann102__snow_environment__716480ed.jpg
2026-04-14 20:28:42 | INFO     | curation.curator | Curated → DISCARDED | d35ced50-frame_000484__ann103__rain_environment__ebd1c84b.jpg
2026-04-14 20:28:42 | INFO     | curation.curator | Curated → GOLD | d35ced50-frame_000484__ann101__night_scene__f7050f30.jpg
2026-04-14 20:28:42 | INFO     | curation.curator | Curated → DISCARDED | d35ced50-frame_000484__ann102__indoor_wall_texture__992e5d3a.jpg
2026-04-14 20:28:42 | INFO     | curation.curator | Curated → DISCARDED | d35ced50-frame_000484__ann103__night_scene__d8c41523.jpg
2026-04-14 20:28:42 | INFO     | curation.curator | Curated → DISCARDED | d35ced50-frame_000484__ann102__foggy_exterior__a1412a4a.jpg
2026-04-14 20:28:42 | INFO     | curation.curator | Curated → DISCARDED | d35ced50-frame_000484__ann103__snow_environment__e56dcef0.jpg
2026-04-14 20:28:42 | INFO     | curation.curator | Curated → GOLD | d35ced50-frame_000484__ann101__snow_environment__5cbf4897.jpg
2026-04-14 20:28:42 | INFO     | curation.curator | Curated → DISCARDED | d35ced50-frame_000484__ann103__indoor_wall_texture__9fe41700.jpg
2026-04-14 20:28:42 | INFO     | curation.curator | Curated → DISCARDED | d35ced50-frame_000484__ann103__foggy_exterior__dc45ebf0.jpg
2026-04-14 20:28:42 | INFO     | curation.curator | Curated → GOLD | d35ced50-frame_000484__ann101__indoor_wall_texture__b0344521.jpg
2026-04-14 20:28:42 | INFO     | curation.curator | Curated → GOLD | d35ced50-frame_000484__ann101__foggy_exterior__36667bc5.jpg
2026-04-14 20:28:43 | INFO     | generation.augmenter | Augmenting | ann=104 | prompt=rain_environment | req=2749f2c3
2026-04-14 20:28:43 | INFO     | generation.augmenter | Augmenting | ann=105 | prompt=rain_environment | req=a7836e18
2026-04-14 20:28:43 | INFO     | generation.augmenter | Augmenting | ann=106 | prompt=rain_environment | req=150fbd94
2026-04-14 20:28:43 | INFO     | generation.augmenter | Augmenting | ann=107 | prompt=rain_environment | req=8c1458a8
2026-04-14 20:28:43 | INFO     | generation.augmenter | Augmenting | ann=104 | prompt=night_scene | req=8d40cea5
2026-04-14 20:28:43 | INFO     | generation.augmenter | Augmenting | ann=106 | prompt=night_scene | req=9c383cc2
2026-04-14 20:28:43 | INFO     | generation.augmenter | Augmenting | ann=107 | prompt=night_scene | req=4784e158
2026-04-14 20:28:43 | INFO     | generation.augmenter | Augmenting | ann=105 | prompt=night_scene | req=35722191
2026-04-14 20:28:43 | INFO     | generation.augmenter | Augmenting | ann=106 | prompt=snow_environment | req=5b45ab81
2026-04-14 20:28:43 | INFO     | generation.augmenter | Augmenting | ann=104 | prompt=snow_environment | req=6d37139c
2026-04-14 20:28:43 | INFO     | generation.augmenter | Augmenting | ann=107 | prompt=snow_environment | req=5fdbd605
2026-04-14 20:28:43 | INFO     | generation.augmenter | Augmenting | ann=105 | prompt=snow_environment | req=b7411afd
2026-04-14 20:28:43 | INFO     | generation.augmenter | Augmenting | ann=106 | prompt=indoor_wall_texture | req=74d0930e
2026-04-14 20:28:43 | INFO     | generation.augmenter | Augmenting | ann=104 | prompt=indoor_wall_texture | req=aa05a7ee
2026-04-14 20:28:43 | INFO     | generation.augmenter | Augmenting | ann=107 | prompt=indoor_wall_texture | req=d0579d96
2026-04-14 20:28:43 | INFO     | generation.augmenter | Augmenting | ann=105 | prompt=indoor_wall_texture | req=7c9df841
2026-04-14 20:28:43 | INFO     | generation.augmenter | Augmenting | ann=106 | prompt=foggy_exterior | req=4be28135
2026-04-14 20:28:43 | INFO     | generation.augmenter | Augmenting | ann=104 | prompt=foggy_exterior | req=6ec1839f
2026-04-14 20:28:43 | INFO     | generation.augmenter | Augmenting | ann=107 | prompt=foggy_exterior | req=6f58a1ab
2026-04-14 20:28:43 | INFO     | generation.augmenter | Augmenting | ann=105 | prompt=foggy_exterior | req=6bf1a04d
2026-04-14 20:28:43 | INFO     | curation.curator | Curated → DISCARDED | b1c22f20-frame_000489__ann104__rain_environment__2749f2c3.jpg
2026-04-14 20:28:43 | INFO     | curation.curator | Curated → GOLD | b1c22f20-frame_000489__ann106__rain_environment__150fbd94.jpg
2026-04-14 20:28:43 | INFO     | curation.curator | Curated → DISCARDED | b1c22f20-frame_000489__ann104__night_scene__8d40cea5.jpg
2026-04-14 20:28:43 | INFO     | curation.curator | Curated → DISCARDED | b1c22f20-frame_000489__ann105__rain_environment__a7836e18.jpg
2026-04-14 20:28:43 | INFO     | curation.curator | Curated → DISCARDED | b1c22f20-frame_000489__ann104__snow_environment__6d37139c.jpg
2026-04-14 20:28:43 | INFO     | curation.curator | Curated → DISCARDED | b1c22f20-frame_000489__ann105__night_scene__35722191.jpg
2026-04-14 20:28:43 | INFO     | curation.curator | Curated → GOLD | c610c069-frame_000500__ann107__rain_environment__8c1458a8.jpg
2026-04-14 20:28:43 | INFO     | curation.curator | Curated → GOLD | b1c22f20-frame_000489__ann106__night_scene__9c383cc2.jpg
2026-04-14 20:28:43 | INFO     | curation.curator | Curated → GOLD | b1c22f20-frame_000489__ann104__indoor_wall_texture__aa05a7ee.jpg
2026-04-14 20:28:43 | INFO     | curation.curator | Curated → DISCARDED | b1c22f20-frame_000489__ann105__snow_environment__b7411afd.jpg
2026-04-14 20:28:43 | INFO     | curation.curator | Curated → DISCARDED | b1c22f20-frame_000489__ann105__indoor_wall_texture__7c9df841.jpg
2026-04-14 20:28:43 | INFO     | curation.curator | Curated → DISCARDED | b1c22f20-frame_000489__ann104__foggy_exterior__6ec1839f.jpg
2026-04-14 20:28:43 | INFO     | generation.augmenter | Augmenting | ann=108 | prompt=rain_environment | req=c412d4ba
2026-04-14 20:28:43 | INFO     | curation.curator | Curated → DISCARDED | b1c22f20-frame_000489__ann105__foggy_exterior__6bf1a04d.jpg
2026-04-14 20:28:43 | INFO     | generation.augmenter | Augmenting | ann=109 | prompt=rain_environment | req=18da9943
2026-04-14 20:28:43 | INFO     | curation.curator | Curated → GOLD | c610c069-frame_000500__ann107__night_scene__4784e158.jpg
2026-04-14 20:28:43 | INFO     | curation.curator | Curated → GOLD | b1c22f20-frame_000489__ann106__snow_environment__5b45ab81.jpg
2026-04-14 20:28:43 | INFO     | generation.augmenter | Augmenting | ann=108 | prompt=night_scene | req=40fab979
2026-04-14 20:28:43 | INFO     | generation.augmenter | Augmenting | ann=109 | prompt=night_scene | req=9e082498
2026-04-14 20:28:44 | INFO     | generation.augmenter | Augmenting | ann=108 | prompt=snow_environment | req=7bc4ef1d
2026-04-14 20:28:44 | INFO     | curation.curator | Curated → GOLD | b1c22f20-frame_000489__ann106__indoor_wall_texture__74d0930e.jpg
2026-04-14 20:28:44 | INFO     | generation.augmenter | Augmenting | ann=109 | prompt=snow_environment | req=bd2a4352
2026-04-14 20:28:44 | INFO     | curation.curator | Curated → GOLD | c610c069-frame_000500__ann107__snow_environment__5fdbd605.jpg
2026-04-14 20:28:44 | INFO     | generation.augmenter | Augmenting | ann=108 | prompt=indoor_wall_texture | req=006a5408
2026-04-14 20:28:44 | INFO     | curation.curator | Curated → GOLD | b1c22f20-frame_000489__ann106__foggy_exterior__4be28135.jpg
2026-04-14 20:28:44 | INFO     | generation.augmenter | Augmenting | ann=110 | prompt=rain_environment | req=40383f77
2026-04-14 20:28:44 | INFO     | generation.augmenter | Augmenting | ann=109 | prompt=indoor_wall_texture | req=64a98e29
2026-04-14 20:28:44 | INFO     | generation.augmenter | Augmenting | ann=108 | prompt=foggy_exterior | req=9b5e4fc8
2026-04-14 20:28:44 | INFO     | curation.curator | Curated → GOLD | c610c069-frame_000500__ann107__indoor_wall_texture__d0579d96.jpg
2026-04-14 20:28:44 | INFO     | generation.augmenter | Augmenting | ann=110 | prompt=night_scene | req=5d00dc27
2026-04-14 20:28:44 | INFO     | generation.augmenter | Augmenting | ann=109 | prompt=foggy_exterior | req=58918da5
2026-04-14 20:28:44 | INFO     | curation.curator | Curated → GOLD | c610c069-frame_000500__ann107__foggy_exterior__6f58a1ab.jpg
2026-04-14 20:28:44 | INFO     | generation.augmenter | Augmenting | ann=111 | prompt=rain_environment | req=5a8519d5
2026-04-14 20:28:44 | INFO     | generation.augmenter | Augmenting | ann=110 | prompt=snow_environment | req=f6b6487c
2026-04-14 20:28:44 | INFO     | curation.curator | Curated → DISCARDED | c610c069-frame_000500__ann108__rain_environment__c412d4ba.jpg
2026-04-14 20:28:44 | INFO     | curation.curator | Curated → DISCARDED | c610c069-frame_000500__ann108__night_scene__40fab979.jpg
2026-04-14 20:28:44 | INFO     | curation.curator | Curated → DISCARDED | c610c069-frame_000500__ann109__rain_environment__18da9943.jpg
2026-04-14 20:28:44 | INFO     | generation.augmenter | Augmenting | ann=111 | prompt=night_scene | req=92989473
2026-04-14 20:28:44 | INFO     | curation.curator | Curated → DISCARDED | c610c069-frame_000500__ann108__snow_environment__7bc4ef1d.jpg
2026-04-14 20:28:44 | INFO     | curation.curator | Curated → DISCARDED | c610c069-frame_000500__ann109__night_scene__9e082498.jpg
2026-04-14 20:28:44 | INFO     | generation.augmenter | Augmenting | ann=110 | prompt=indoor_wall_texture | req=3d49973b
2026-04-14 20:28:44 | INFO     | curation.curator | Curated → DISCARDED | c610c069-frame_000500__ann109__snow_environment__bd2a4352.jpg
2026-04-14 20:28:44 | INFO     | curation.curator | Curated → DISCARDED | c610c069-frame_000500__ann108__indoor_wall_texture__006a5408.jpg
2026-04-14 20:28:44 | INFO     | generation.augmenter | Augmenting | ann=111 | prompt=snow_environment | req=17834719
2026-04-14 20:28:44 | INFO     | curation.curator | Curated → DISCARDED | c610c069-frame_000500__ann109__indoor_wall_texture__64a98e29.jpg
2026-04-14 20:28:44 | INFO     | generation.augmenter | Augmenting | ann=110 | prompt=foggy_exterior | req=16f9061a
2026-04-14 20:28:44 | INFO     | curation.curator | Curated → DISCARDED | c610c069-frame_000500__ann108__foggy_exterior__9b5e4fc8.jpg
2026-04-14 20:28:44 | INFO     | curation.curator | Curated → DISCARDED | c610c069-frame_000500__ann109__foggy_exterior__58918da5.jpg
2026-04-14 20:28:44 | INFO     | generation.augmenter | Augmenting | ann=111 | prompt=indoor_wall_texture | req=57d2ffcd
2026-04-14 20:28:44 | INFO     | generation.augmenter | Augmenting | ann=111 | prompt=foggy_exterior | req=d6399fe3
2026-04-14 20:28:44 | INFO     | curation.curator | Curated → GOLD | 7d564b2d-frame_000503__ann110__rain_environment__40383f77.jpg
2026-04-14 20:28:44 | INFO     | curation.curator | Curated → DISCARDED | 7d564b2d-frame_000503__ann111__rain_environment__5a8519d5.jpg
2026-04-14 20:28:44 | INFO     | curation.curator | Curated → DISCARDED | 7d564b2d-frame_000503__ann111__night_scene__92989473.jpg
2026-04-14 20:28:44 | INFO     | curation.curator | Curated → GOLD | 7d564b2d-frame_000503__ann110__night_scene__5d00dc27.jpg
2026-04-14 20:28:44 | INFO     | curation.curator | Curated → DISCARDED | 7d564b2d-frame_000503__ann111__snow_environment__17834719.jpg
2026-04-14 20:28:44 | INFO     | curation.curator | Curated → DISCARDED | 7d564b2d-frame_000503__ann111__indoor_wall_texture__57d2ffcd.jpg
2026-04-14 20:28:44 | INFO     | curation.curator | Curated → GOLD | 7d564b2d-frame_000503__ann110__snow_environment__f6b6487c.jpg
2026-04-14 20:28:44 | INFO     | curation.curator | Curated → DISCARDED | 7d564b2d-frame_000503__ann111__foggy_exterior__d6399fe3.jpg
2026-04-14 20:28:45 | INFO     | curation.curator | Curated → GOLD | 7d564b2d-frame_000503__ann110__indoor_wall_texture__3d49973b.jpg
2026-04-14 20:28:45 | INFO     | curation.curator | Curated → GOLD | 7d564b2d-frame_000503__ann110__foggy_exterior__16f9061a.jpg
2026-04-14 20:28:45 | INFO     | generation.augmenter | Augmenting | ann=112 | prompt=rain_environment | req=c9819195
2026-04-14 20:28:45 | INFO     | generation.augmenter | Augmenting | ann=113 | prompt=rain_environment | req=d8a3950d
2026-04-14 20:28:45 | INFO     | generation.augmenter | Augmenting | ann=114 | prompt=rain_environment | req=67a5f8e7
2026-04-14 20:28:45 | INFO     | generation.augmenter | Augmenting | ann=115 | prompt=rain_environment | req=d58fbcd6
2026-04-14 20:28:45 | INFO     | generation.augmenter | Augmenting | ann=115 | prompt=night_scene | req=f07c3753
2026-04-14 20:28:45 | INFO     | generation.augmenter | Augmenting | ann=113 | prompt=night_scene | req=4e9fa452
2026-04-14 20:28:45 | INFO     | generation.augmenter | Augmenting | ann=112 | prompt=night_scene | req=875241e8
2026-04-14 20:28:45 | INFO     | generation.augmenter | Augmenting | ann=114 | prompt=night_scene | req=f6ff6e51
2026-04-14 20:28:45 | INFO     | generation.augmenter | Augmenting | ann=115 | prompt=snow_environment | req=256b0d27
2026-04-14 20:28:45 | INFO     | generation.augmenter | Augmenting | ann=113 | prompt=snow_environment | req=9a312118
2026-04-14 20:28:45 | INFO     | generation.augmenter | Augmenting | ann=112 | prompt=snow_environment | req=76796b0f
2026-04-14 20:28:45 | INFO     | generation.augmenter | Augmenting | ann=114 | prompt=snow_environment | req=662c0d40
2026-04-14 20:28:45 | INFO     | generation.augmenter | Augmenting | ann=115 | prompt=indoor_wall_texture | req=d6972cd8
2026-04-14 20:28:45 | INFO     | generation.augmenter | Augmenting | ann=113 | prompt=indoor_wall_texture | req=7eb7c492
2026-04-14 20:28:45 | INFO     | generation.augmenter | Augmenting | ann=112 | prompt=indoor_wall_texture | req=2b88fc61
2026-04-14 20:28:45 | INFO     | generation.augmenter | Augmenting | ann=114 | prompt=indoor_wall_texture | req=53ca2890
2026-04-14 20:28:45 | INFO     | generation.augmenter | Augmenting | ann=115 | prompt=foggy_exterior | req=150d0af4
2026-04-14 20:28:45 | INFO     | generation.augmenter | Augmenting | ann=113 | prompt=foggy_exterior | req=b57ac074
2026-04-14 20:28:45 | INFO     | generation.augmenter | Augmenting | ann=112 | prompt=foggy_exterior | req=d599b02a
2026-04-14 20:28:45 | INFO     | generation.augmenter | Augmenting | ann=114 | prompt=foggy_exterior | req=642e7a24
2026-04-14 20:28:45 | INFO     | curation.curator | Curated → DISCARDED | c191cc58-frame_000505__ann113__rain_environment__d8a3950d.jpg
2026-04-14 20:28:45 | INFO     | curation.curator | Curated → GOLD | c191cc58-frame_000505__ann115__rain_environment__d58fbcd6.jpg
2026-04-14 20:28:45 | INFO     | curation.curator | Curated → DISCARDED | 7d564b2d-frame_000503__ann112__rain_environment__c9819195.jpg
2026-04-14 20:28:45 | INFO     | curation.curator | Curated → DISCARDED | c191cc58-frame_000505__ann113__night_scene__4e9fa452.jpg
2026-04-14 20:28:45 | INFO     | curation.curator | Curated → DISCARDED | c191cc58-frame_000505__ann114__rain_environment__67a5f8e7.jpg
2026-04-14 20:28:45 | INFO     | curation.curator | Curated → DISCARDED | 7d564b2d-frame_000503__ann112__night_scene__875241e8.jpg
2026-04-14 20:28:46 | INFO     | curation.curator | Curated → DISCARDED | c191cc58-frame_000505__ann114__night_scene__f6ff6e51.jpg
2026-04-14 20:28:46 | INFO     | curation.curator | Curated → DISCARDED | c191cc58-frame_000505__ann113__snow_environment__9a312118.jpg
2026-04-14 20:28:46 | INFO     | curation.curator | Curated → DISCARDED | 7d564b2d-frame_000503__ann112__snow_environment__76796b0f.jpg
2026-04-14 20:28:46 | INFO     | curation.curator | Curated → DISCARDED | c191cc58-frame_000505__ann114__snow_environment__662c0d40.jpg
2026-04-14 20:28:46 | INFO     | curation.curator | Curated → DISCARDED | c191cc58-frame_000505__ann113__indoor_wall_texture__7eb7c492.jpg
2026-04-14 20:28:46 | INFO     | curation.curator | Curated → DISCARDED | 7d564b2d-frame_000503__ann112__indoor_wall_texture__2b88fc61.jpg
2026-04-14 20:28:46 | INFO     | curation.curator | Curated → GOLD | c191cc58-frame_000505__ann115__night_scene__f07c3753.jpg
2026-04-14 20:28:46 | INFO     | curation.curator | Curated → DISCARDED | c191cc58-frame_000505__ann114__indoor_wall_texture__53ca2890.jpg
2026-04-14 20:28:46 | INFO     | curation.curator | Curated → DISCARDED | 7d564b2d-frame_000503__ann112__foggy_exterior__d599b02a.jpg
2026-04-14 20:28:46 | INFO     | curation.curator | Curated → DISCARDED | c191cc58-frame_000505__ann113__foggy_exterior__b57ac074.jpg
2026-04-14 20:28:46 | INFO     | generation.augmenter | Augmenting | ann=116 | prompt=rain_environment | req=3d952a79
2026-04-14 20:28:46 | INFO     | generation.augmenter | Augmenting | ann=117 | prompt=rain_environment | req=b92cf21d
2026-04-14 20:28:46 | INFO     | curation.curator | Curated → DISCARDED | c191cc58-frame_000505__ann114__foggy_exterior__642e7a24.jpg
2026-04-14 20:28:46 | INFO     | generation.augmenter | Augmenting | ann=118 | prompt=rain_environment | req=6940adf1
2026-04-14 20:28:46 | INFO     | generation.augmenter | Augmenting | ann=116 | prompt=night_scene | req=145db406
2026-04-14 20:28:46 | INFO     | curation.curator | Curated → GOLD | c191cc58-frame_000505__ann115__snow_environment__256b0d27.jpg
2026-04-14 20:28:46 | INFO     | generation.augmenter | Augmenting | ann=117 | prompt=night_scene | req=263087c7
2026-04-14 20:28:46 | INFO     | generation.augmenter | Augmenting | ann=118 | prompt=night_scene | req=7084130f
2026-04-14 20:28:46 | INFO     | generation.augmenter | Augmenting | ann=116 | prompt=snow_environment | req=dbfee2ca
2026-04-14 20:28:46 | INFO     | curation.curator | Curated → GOLD | c191cc58-frame_000505__ann115__indoor_wall_texture__d6972cd8.jpg
2026-04-14 20:28:46 | INFO     | generation.augmenter | Augmenting | ann=117 | prompt=snow_environment | req=edb1fcfa
2026-04-14 20:28:46 | INFO     | generation.augmenter | Augmenting | ann=118 | prompt=snow_environment | req=ffe435db
2026-04-14 20:28:46 | INFO     | generation.augmenter | Augmenting | ann=116 | prompt=indoor_wall_texture | req=f4e5b606
2026-04-14 20:28:46 | INFO     | curation.curator | Curated → GOLD | c191cc58-frame_000505__ann115__foggy_exterior__150d0af4.jpg
2026-04-14 20:28:46 | INFO     | generation.augmenter | Augmenting | ann=119 | prompt=rain_environment | req=3f5d009d
2026-04-14 20:28:46 | INFO     | generation.augmenter | Augmenting | ann=117 | prompt=indoor_wall_texture | req=cf6175b3
2026-04-14 20:28:46 | INFO     | generation.augmenter | Augmenting | ann=118 | prompt=indoor_wall_texture | req=a3727d30
2026-04-14 20:28:46 | INFO     | generation.augmenter | Augmenting | ann=116 | prompt=foggy_exterior | req=c9bb8caf
2026-04-14 20:28:46 | INFO     | generation.augmenter | Augmenting | ann=119 | prompt=night_scene | req=0a062564
2026-04-14 20:28:46 | INFO     | generation.augmenter | Augmenting | ann=117 | prompt=foggy_exterior | req=2e276886
2026-04-14 20:28:46 | INFO     | generation.augmenter | Augmenting | ann=118 | prompt=foggy_exterior | req=24315966
2026-04-14 20:28:46 | INFO     | generation.augmenter | Augmenting | ann=119 | prompt=snow_environment | req=042bd915
2026-04-14 20:28:46 | INFO     | curation.curator | Curated → GOLD | 7ecdd23d-frame_000509__ann116__rain_environment__3d952a79.jpg
2026-04-14 20:28:46 | INFO     | curation.curator | Curated → DISCARDED | 7ecdd23d-frame_000509__ann117__rain_environment__b92cf21d.jpg
2026-04-14 20:28:46 | INFO     | generation.augmenter | Augmenting | ann=119 | prompt=indoor_wall_texture | req=1950b2e1
2026-04-14 20:28:46 | INFO     | curation.curator | Curated → DISCARDED | 7ecdd23d-frame_000509__ann118__rain_environment__6940adf1.jpg
2026-04-14 20:28:46 | INFO     | curation.curator | Curated → GOLD | 7ecdd23d-frame_000509__ann117__night_scene__263087c7.jpg
2026-04-14 20:28:46 | INFO     | curation.curator | Curated → GOLD | 7ecdd23d-frame_000509__ann118__night_scene__7084130f.jpg
2026-04-14 20:28:46 | INFO     | curation.curator | Curated → DISCARDED | 7ecdd23d-frame_000509__ann117__snow_environment__edb1fcfa.jpg
2026-04-14 20:28:46 | INFO     | curation.curator | Curated → DISCARDED | 7ecdd23d-frame_000509__ann118__snow_environment__ffe435db.jpg
2026-04-14 20:28:46 | INFO     | generation.augmenter | Augmenting | ann=119 | prompt=foggy_exterior | req=7fa64ea9
2026-04-14 20:28:46 | INFO     | curation.curator | Curated → GOLD | 7ecdd23d-frame_000509__ann116__night_scene__145db406.jpg
2026-04-14 20:28:46 | INFO     | curation.curator | Curated → GOLD | 7ecdd23d-frame_000509__ann117__indoor_wall_texture__cf6175b3.jpg
2026-04-14 20:28:46 | INFO     | curation.curator | Curated → DISCARDED | 7ecdd23d-frame_000509__ann118__indoor_wall_texture__a3727d30.jpg
2026-04-14 20:28:46 | INFO     | curation.curator | Curated → DISCARDED | 7ecdd23d-frame_000509__ann117__foggy_exterior__2e276886.jpg
2026-04-14 20:28:46 | INFO     | curation.curator | Curated → DISCARDED | 7ecdd23d-frame_000509__ann118__foggy_exterior__24315966.jpg
2026-04-14 20:28:46 | INFO     | curation.curator | Curated → GOLD | 7ecdd23d-frame_000509__ann116__snow_environment__dbfee2ca.jpg
2026-04-14 20:28:47 | INFO     | curation.curator | Curated → GOLD | 17c8e046-frame_000515__ann119__rain_environment__3f5d009d.jpg
2026-04-14 20:28:47 | INFO     | curation.curator | Curated → GOLD | 7ecdd23d-frame_000509__ann116__indoor_wall_texture__f4e5b606.jpg
2026-04-14 20:28:47 | INFO     | curation.curator | Curated → GOLD | 17c8e046-frame_000515__ann119__night_scene__0a062564.jpg
2026-04-14 20:28:47 | INFO     | curation.curator | Curated → GOLD | 7ecdd23d-frame_000509__ann116__foggy_exterior__c9bb8caf.jpg
2026-04-14 20:28:47 | INFO     | curation.curator | Curated → GOLD | 17c8e046-frame_000515__ann119__snow_environment__042bd915.jpg
2026-04-14 20:28:47 | INFO     | curation.curator | Curated → GOLD | 17c8e046-frame_000515__ann119__indoor_wall_texture__1950b2e1.jpg
2026-04-14 20:28:47 | INFO     | curation.curator | Curated → GOLD | 17c8e046-frame_000515__ann119__foggy_exterior__7fa64ea9.jpg
2026-04-14 20:28:47 | INFO     | generation.augmenter | Augmenting | ann=120 | prompt=rain_environment | req=24a57a0b
2026-04-14 20:28:47 | INFO     | generation.augmenter | Augmenting | ann=121 | prompt=rain_environment | req=b588ea1e
2026-04-14 20:28:47 | INFO     | generation.augmenter | Augmenting | ann=122 | prompt=rain_environment | req=7c652178
2026-04-14 20:28:47 | INFO     | generation.augmenter | Augmenting | ann=123 | prompt=rain_environment | req=4158d377
2026-04-14 20:28:47 | INFO     | generation.augmenter | Augmenting | ann=120 | prompt=night_scene | req=83ac87b9
2026-04-14 20:28:47 | INFO     | generation.augmenter | Augmenting | ann=122 | prompt=night_scene | req=8687510a
2026-04-14 20:28:47 | INFO     | generation.augmenter | Augmenting | ann=121 | prompt=night_scene | req=e3030ba2
2026-04-14 20:28:47 | INFO     | generation.augmenter | Augmenting | ann=123 | prompt=night_scene | req=b38bfecf
2026-04-14 20:28:47 | INFO     | generation.augmenter | Augmenting | ann=120 | prompt=snow_environment | req=c8057b10
2026-04-14 20:28:47 | INFO     | generation.augmenter | Augmenting | ann=122 | prompt=snow_environment | req=0ba0570b
2026-04-14 20:28:47 | INFO     | generation.augmenter | Augmenting | ann=121 | prompt=snow_environment | req=1e6c1689
2026-04-14 20:28:48 | INFO     | generation.augmenter | Augmenting | ann=123 | prompt=snow_environment | req=459cef7a
2026-04-14 20:28:48 | INFO     | generation.augmenter | Augmenting | ann=120 | prompt=indoor_wall_texture | req=0a486f5a
2026-04-14 20:28:48 | INFO     | generation.augmenter | Augmenting | ann=122 | prompt=indoor_wall_texture | req=345e3fcd
2026-04-14 20:28:48 | INFO     | generation.augmenter | Augmenting | ann=121 | prompt=indoor_wall_texture | req=8d99a531
2026-04-14 20:28:48 | INFO     | generation.augmenter | Augmenting | ann=123 | prompt=indoor_wall_texture | req=46a421bc
2026-04-14 20:28:48 | INFO     | generation.augmenter | Augmenting | ann=120 | prompt=foggy_exterior | req=c6e8b7cc
2026-04-14 20:28:48 | INFO     | generation.augmenter | Augmenting | ann=122 | prompt=foggy_exterior | req=7474eed1
2026-04-14 20:28:48 | INFO     | generation.augmenter | Augmenting | ann=121 | prompt=foggy_exterior | req=26e60289
2026-04-14 20:28:48 | INFO     | generation.augmenter | Augmenting | ann=123 | prompt=foggy_exterior | req=56556259
2026-04-14 20:28:48 | INFO     | curation.curator | Curated → GOLD | 55d3c750-frame_000517__ann120__rain_environment__24a57a0b.jpg
2026-04-14 20:28:48 | INFO     | curation.curator | Curated → GOLD | 55d3c750-frame_000517__ann120__night_scene__83ac87b9.jpg
2026-04-14 20:28:48 | INFO     | curation.curator | Curated → GOLD | 18eb7bce-frame_000521__ann122__rain_environment__7c652178.jpg
2026-04-14 20:28:48 | INFO     | curation.curator | Curated → GOLD | 1b6cd690-frame_000518__ann121__rain_environment__b588ea1e.jpg
2026-04-14 20:28:48 | INFO     | curation.curator | Curated → GOLD | 55d3c750-frame_000517__ann120__snow_environment__c8057b10.jpg
2026-04-14 20:28:48 | INFO     | curation.curator | Curated → GOLD | 17005278-frame_000522__ann123__rain_environment__4158d377.jpg
2026-04-14 20:28:48 | INFO     | curation.curator | Curated → GOLD | 55d3c750-frame_000517__ann120__indoor_wall_texture__0a486f5a.jpg
2026-04-14 20:28:48 | INFO     | curation.curator | Curated → GOLD | 1b6cd690-frame_000518__ann121__night_scene__e3030ba2.jpg
2026-04-14 20:28:48 | INFO     | curation.curator | Curated → GOLD | 18eb7bce-frame_000521__ann122__night_scene__8687510a.jpg
2026-04-14 20:28:48 | INFO     | curation.curator | Curated → GOLD | 17005278-frame_000522__ann123__night_scene__b38bfecf.jpg
2026-04-14 20:28:48 | INFO     | curation.curator | Curated → GOLD | 55d3c750-frame_000517__ann120__foggy_exterior__c6e8b7cc.jpg
2026-04-14 20:28:48 | INFO     | generation.augmenter | Augmenting | ann=124 | prompt=rain_environment | req=b628b7e1
2026-04-14 20:28:48 | INFO     | curation.curator | Curated → GOLD | 1b6cd690-frame_000518__ann121__snow_environment__1e6c1689.jpg
2026-04-14 20:28:48 | INFO     | generation.augmenter | Augmenting | ann=124 | prompt=night_scene | req=0683ec4b
2026-04-14 20:28:48 | INFO     | curation.curator | Curated → GOLD | 18eb7bce-frame_000521__ann122__snow_environment__0ba0570b.jpg
2026-04-14 20:28:48 | INFO     | curation.curator | Curated → GOLD | 17005278-frame_000522__ann123__snow_environment__459cef7a.jpg
2026-04-14 20:28:48 | INFO     | curation.curator | Curated → GOLD | 1b6cd690-frame_000518__ann121__indoor_wall_texture__8d99a531.jpg
2026-04-14 20:28:48 | INFO     | generation.augmenter | Augmenting | ann=124 | prompt=snow_environment | req=cbd28b87
2026-04-14 20:28:49 | INFO     | curation.curator | Curated → GOLD | 18eb7bce-frame_000521__ann122__indoor_wall_texture__345e3fcd.jpg
2026-04-14 20:28:49 | INFO     | generation.augmenter | Augmenting | ann=124 | prompt=indoor_wall_texture | req=55e118b6
2026-04-14 20:28:49 | INFO     | curation.curator | Curated → GOLD | 17005278-frame_000522__ann123__indoor_wall_texture__46a421bc.jpg
2026-04-14 20:28:49 | INFO     | curation.curator | Curated → GOLD | 1b6cd690-frame_000518__ann121__foggy_exterior__26e60289.jpg
2026-04-14 20:28:49 | INFO     | generation.augmenter | Augmenting | ann=125 | prompt=rain_environment | req=576ad687
2026-04-14 20:28:49 | INFO     | generation.augmenter | Augmenting | ann=124 | prompt=foggy_exterior | req=82592627
2026-04-14 20:28:49 | INFO     | curation.curator | Curated → GOLD | 18eb7bce-frame_000521__ann122__foggy_exterior__7474eed1.jpg
2026-04-14 20:28:49 | INFO     | generation.augmenter | Augmenting | ann=126 | prompt=rain_environment | req=710fa686
2026-04-14 20:28:49 | INFO     | generation.augmenter | Augmenting | ann=125 | prompt=night_scene | req=8ac70c80
2026-04-14 20:28:49 | INFO     | curation.curator | Curated → GOLD | 17005278-frame_000522__ann123__foggy_exterior__56556259.jpg
2026-04-14 20:28:49 | INFO     | generation.augmenter | Augmenting | ann=127 | prompt=rain_environment | req=fb717ec5
2026-04-14 20:28:49 | INFO     | generation.augmenter | Augmenting | ann=126 | prompt=night_scene | req=9ace89e2
2026-04-14 20:28:49 | INFO     | generation.augmenter | Augmenting | ann=125 | prompt=snow_environment | req=ecfe342b
2026-04-14 20:28:49 | INFO     | curation.curator | Curated → GOLD | 93b874d3-frame_000523__ann124__rain_environment__b628b7e1.jpg
2026-04-14 20:28:49 | INFO     | generation.augmenter | Augmenting | ann=127 | prompt=night_scene | req=213d56d3
2026-04-14 20:28:49 | INFO     | generation.augmenter | Augmenting | ann=126 | prompt=snow_environment | req=46061c90
2026-04-14 20:28:49 | INFO     | generation.augmenter | Augmenting | ann=125 | prompt=indoor_wall_texture | req=cddbddb7
2026-04-14 20:28:49 | INFO     | curation.curator | Curated → GOLD | 93b874d3-frame_000523__ann124__night_scene__0683ec4b.jpg
2026-04-14 20:28:49 | INFO     | generation.augmenter | Augmenting | ann=127 | prompt=snow_environment | req=72388912
2026-04-14 20:28:49 | INFO     | generation.augmenter | Augmenting | ann=126 | prompt=indoor_wall_texture | req=04057f32
2026-04-14 20:28:49 | INFO     | curation.curator | Curated → GOLD | 93b874d3-frame_000523__ann124__snow_environment__cbd28b87.jpg
2026-04-14 20:28:49 | INFO     | generation.augmenter | Augmenting | ann=125 | prompt=foggy_exterior | req=32e1a144
2026-04-14 20:28:49 | INFO     | generation.augmenter | Augmenting | ann=127 | prompt=indoor_wall_texture | req=33ad08cb
2026-04-14 20:28:49 | INFO     | curation.curator | Curated → GOLD | 93b874d3-frame_000523__ann124__indoor_wall_texture__55e118b6.jpg
2026-04-14 20:28:49 | INFO     | generation.augmenter | Augmenting | ann=126 | prompt=foggy_exterior | req=119f68c0
2026-04-14 20:28:49 | INFO     | generation.augmenter | Augmenting | ann=127 | prompt=foggy_exterior | req=5a58ed56
2026-04-14 20:28:49 | INFO     | curation.curator | Curated → GOLD | 93b874d3-frame_000523__ann124__foggy_exterior__82592627.jpg
2026-04-14 20:28:49 | INFO     | curation.curator | Curated → GOLD | 5aa7cdc9-frame_000524__ann125__rain_environment__576ad687.jpg
2026-04-14 20:28:49 | INFO     | curation.curator | Curated → GOLD | 17b5957f-frame_000528__ann126__rain_environment__710fa686.jpg
2026-04-14 20:28:49 | INFO     | curation.curator | Curated → GOLD | e65bf379-frame_000533__ann127__rain_environment__fb717ec5.jpg
2026-04-14 20:28:49 | INFO     | curation.curator | Curated → GOLD | 5aa7cdc9-frame_000524__ann125__night_scene__8ac70c80.jpg
2026-04-14 20:28:49 | INFO     | curation.curator | Curated → GOLD | 17b5957f-frame_000528__ann126__night_scene__9ace89e2.jpg
2026-04-14 20:28:49 | INFO     | curation.curator | Curated → GOLD | e65bf379-frame_000533__ann127__night_scene__213d56d3.jpg
2026-04-14 20:28:49 | INFO     | curation.curator | Curated → GOLD | 5aa7cdc9-frame_000524__ann125__snow_environment__ecfe342b.jpg
2026-04-14 20:28:50 | INFO     | curation.curator | Curated → GOLD | 17b5957f-frame_000528__ann126__snow_environment__46061c90.jpg
2026-04-14 20:28:50 | INFO     | curation.curator | Curated → GOLD | e65bf379-frame_000533__ann127__snow_environment__72388912.jpg
2026-04-14 20:28:50 | INFO     | curation.curator | Curated → GOLD | 5aa7cdc9-frame_000524__ann125__indoor_wall_texture__cddbddb7.jpg
2026-04-14 20:28:50 | INFO     | curation.curator | Curated → GOLD | 5aa7cdc9-frame_000524__ann125__foggy_exterior__32e1a144.jpg
2026-04-14 20:28:50 | INFO     | curation.curator | Curated → GOLD | 17b5957f-frame_000528__ann126__indoor_wall_texture__04057f32.jpg
2026-04-14 20:28:50 | INFO     | curation.curator | Curated → GOLD | e65bf379-frame_000533__ann127__indoor_wall_texture__33ad08cb.jpg
2026-04-14 20:28:50 | INFO     | curation.curator | Curated → GOLD | e65bf379-frame_000533__ann127__foggy_exterior__5a58ed56.jpg
2026-04-14 20:28:50 | INFO     | curation.curator | Curated → GOLD | 17b5957f-frame_000528__ann126__foggy_exterior__119f68c0.jpg
2026-04-14 20:28:50 | INFO     | generation.augmenter | Augmenting | ann=128 | prompt=rain_environment | req=00f7ed10
2026-04-14 20:28:50 | INFO     | generation.augmenter | Augmenting | ann=129 | prompt=rain_environment | req=671e6885
2026-04-14 20:28:50 | INFO     | generation.augmenter | Augmenting | ann=130 | prompt=rain_environment | req=e0a613db
2026-04-14 20:28:50 | INFO     | generation.augmenter | Augmenting | ann=128 | prompt=night_scene | req=af1ecf5a
2026-04-14 20:28:50 | INFO     | generation.augmenter | Augmenting | ann=129 | prompt=night_scene | req=da9b2bc5
2026-04-14 20:28:50 | INFO     | generation.augmenter | Augmenting | ann=130 | prompt=night_scene | req=824cbdd4
2026-04-14 20:28:50 | INFO     | generation.augmenter | Augmenting | ann=128 | prompt=snow_environment | req=4d59f813
2026-04-14 20:28:50 | INFO     | generation.augmenter | Augmenting | ann=129 | prompt=snow_environment | req=1e0cf35d
2026-04-14 20:28:50 | INFO     | generation.augmenter | Augmenting | ann=130 | prompt=snow_environment | req=cdc434f7
2026-04-14 20:28:50 | INFO     | generation.augmenter | Augmenting | ann=128 | prompt=indoor_wall_texture | req=47dd8199
2026-04-14 20:28:50 | INFO     | generation.augmenter | Augmenting | ann=129 | prompt=indoor_wall_texture | req=fcf2099a
2026-04-14 20:28:50 | INFO     | generation.augmenter | Augmenting | ann=130 | prompt=indoor_wall_texture | req=074ecfc5
2026-04-14 20:28:50 | INFO     | generation.augmenter | Augmenting | ann=128 | prompt=foggy_exterior | req=2caab24d
2026-04-14 20:28:50 | INFO     | generation.augmenter | Augmenting | ann=129 | prompt=foggy_exterior | req=d38301cd
2026-04-14 20:28:50 | INFO     | generation.augmenter | Augmenting | ann=130 | prompt=foggy_exterior | req=952a1bc9
2026-04-14 20:28:51 | INFO     | curation.curator | Curated → GOLD | 361351e9-frame_000571__ann128__rain_environment__00f7ed10.jpg
2026-04-14 20:28:51 | INFO     | curation.curator | Curated → GOLD | 2c749e25-frame_000600__ann129__rain_environment__671e6885.jpg
2026-04-14 20:28:51 | INFO     | curation.curator | Curated → GOLD | 2dac6b5e-frame_000601__ann130__rain_environment__e0a613db.jpg
2026-04-14 20:28:51 | INFO     | curation.curator | Curated → GOLD | 361351e9-frame_000571__ann128__night_scene__af1ecf5a.jpg
2026-04-14 20:28:51 | INFO     | curation.curator | Curated → GOLD | 2c749e25-frame_000600__ann129__night_scene__da9b2bc5.jpg
2026-04-14 20:28:51 | INFO     | curation.curator | Curated → GOLD | 2dac6b5e-frame_000601__ann130__night_scene__824cbdd4.jpg
2026-04-14 20:28:51 | INFO     | curation.curator | Curated → GOLD | 361351e9-frame_000571__ann128__snow_environment__4d59f813.jpg
2026-04-14 20:28:51 | INFO     | curation.curator | Curated → GOLD | 2c749e25-frame_000600__ann129__snow_environment__1e0cf35d.jpg
2026-04-14 20:28:51 | INFO     | curation.curator | Curated → GOLD | 2dac6b5e-frame_000601__ann130__snow_environment__cdc434f7.jpg
2026-04-14 20:28:51 | INFO     | curation.curator | Curated → GOLD | 361351e9-frame_000571__ann128__indoor_wall_texture__47dd8199.jpg
2026-04-14 20:28:51 | INFO     | curation.curator | Curated → GOLD | 2c749e25-frame_000600__ann129__indoor_wall_texture__fcf2099a.jpg
2026-04-14 20:28:51 | INFO     | curation.curator | Curated → GOLD | 2dac6b5e-frame_000601__ann130__indoor_wall_texture__074ecfc5.jpg
2026-04-14 20:28:51 | INFO     | curation.curator | Curated → GOLD | 2c749e25-frame_000600__ann129__foggy_exterior__d38301cd.jpg
2026-04-14 20:28:51 | INFO     | curation.curator | Curated → GOLD | 361351e9-frame_000571__ann128__foggy_exterior__2caab24d.jpg
2026-04-14 20:28:51 | INFO     | curation.curator | Curated → GOLD | 2dac6b5e-frame_000601__ann130__foggy_exterior__952a1bc9.jpg
2026-04-14 20:28:51 | INFO     | generation.batch_processor | Pipeline complete in 25.1s. {'accepted': 406, 'rejected': 249, 'total': 655, 'acceptance_rate': 0.6198473282442748, 'elapsed_seconds': 25.1}
2026-04-14 20:28:51 | INFO     | curation.curator | Curation summary: accepted=406, rejected=249, total=655, rate=62.0%
2026-04-14 20:28:51 | INFO     | main | Pipeline finished. Final stats: {'accepted': 406, 'rejected': 249, 'total': 655, 'acceptance_rate': 0.6198473282442748, 'elapsed_seconds': 25.1}
2026-04-14 20:42:51 | INFO     | main | Pipeline config loaded from configs/pipeline_config.yaml
2026-04-14 20:42:51 | INFO     | main | Mode: use_mock=False | variants=3 | prompts=['rain_environment', 'night_scene', 'snow_environment', 'indoor_wall_texture', 'foggy_exterior']
2026-04-14 20:42:51 | INFO     | main | === STAGE 1: INGESTION ===
2026-04-14 20:42:51 | INFO     | ingestion.coco_parser | Loading COCO annotations from data\raw\annotations.json
2026-04-14 20:42:51 | INFO     | ingestion.coco_parser | Found 53 images, 4 categories, 131 annotations
2026-04-14 20:42:51 | INFO     | main | Dry run: found 131 annotations. Config OK. Exiting.
2026-04-14 20:44:23 | INFO     | main | Pipeline config loaded from configs/pipeline_config.yaml
2026-04-14 20:44:23 | INFO     | main | Mode: use_mock=False | variants=3 | prompts=['rain_environment', 'night_scene', 'snow_environment', 'indoor_wall_texture', 'foggy_exterior']
2026-04-14 20:44:23 | INFO     | main | === STAGE 1: INGESTION ===
2026-04-14 20:44:23 | INFO     | ingestion.coco_parser | Loading COCO annotations from data\raw\annotations.json
2026-04-14 20:44:23 | INFO     | ingestion.coco_parser | Found 53 images, 4 categories, 131 annotations
2026-04-14 20:44:23 | INFO     | main | === STAGE 2: GENERATION ===
2026-04-14 20:45:33 | INFO     | main | Pipeline config loaded from configs/pipeline_config.yaml
2026-04-14 20:45:33 | INFO     | main | Mode: use_mock=False | variants=3 | prompts=['rain_environment', 'night_scene', 'snow_environment', 'indoor_wall_texture', 'foggy_exterior']
2026-04-14 20:45:33 | INFO     | main | === STAGE 1: INGESTION ===
2026-04-14 20:45:33 | INFO     | ingestion.coco_parser | Loading COCO annotations from data\raw\annotations.json
2026-04-14 20:45:33 | INFO     | ingestion.coco_parser | Found 53 images, 4 categories, 131 annotations
2026-04-14 20:45:33 | INFO     | main | === STAGE 2: GENERATION ===
2026-04-14 20:45:40 | INFO     | generation.api_client | GeminiEditClient initialised with model=gemini-2.0-flash-exp
2026-04-14 20:45:40 | INFO     | main | === STAGE 3: VALIDATION ===
2026-04-14 20:45:40 | INFO     | main | === STAGE 4: CURATION ===
2026-04-14 20:45:40 | INFO     | main | === RUNNING BATCH PROCESSOR ===
2026-04-14 20:45:40 | INFO     | generation.batch_processor | Resuming: 131 annotations already processed (checkpoint loaded).
2026-04-14 20:45:40 | INFO     | generation.batch_processor | Starting batch processing pipeline …
2026-04-14 20:45:40 | INFO     | generation.batch_processor | 0 annotations to process (after checkpoint filter).
2026-04-14 20:45:40 | INFO     | generation.batch_processor | Pipeline complete in 0.0s. {'accepted': 0, 'rejected': 0, 'total': 0, 'acceptance_rate': 0.0, 'elapsed_seconds': 0.0}
2026-04-14 20:45:40 | INFO     | curation.curator | Curation summary: accepted=0, rejected=0, total=0, rate=0.0%
2026-04-14 20:45:40 | INFO     | main | Pipeline finished. Final stats: {'accepted': 0, 'rejected': 0, 'total': 0, 'acceptance_rate': 0.0, 'elapsed_seconds': 0.0}
2026-04-14 20:46:04 | INFO     | main | Pipeline config loaded from configs/pipeline_config.yaml
2026-04-14 20:46:04 | INFO     | main | Mode: use_mock=False | variants=3 | prompts=['rain_environment', 'night_scene', 'snow_environment', 'indoor_wall_texture', 'foggy_exterior']
2026-04-14 20:46:04 | INFO     | main | === STAGE 1: INGESTION ===
2026-04-14 20:46:04 | INFO     | ingestion.coco_parser | Loading COCO annotations from data\raw\annotations.json
2026-04-14 20:46:04 | INFO     | ingestion.coco_parser | Found 53 images, 4 categories, 131 annotations
2026-04-14 20:46:04 | INFO     | main | === STAGE 2: GENERATION ===
2026-04-14 20:46:05 | INFO     | generation.api_client | GeminiEditClient initialised with model=gemini-2.0-flash-exp
2026-04-14 20:46:05 | INFO     | main | === STAGE 3: VALIDATION ===
2026-04-14 20:46:05 | INFO     | main | === STAGE 4: CURATION ===
2026-04-14 20:46:05 | INFO     | main | === RUNNING BATCH PROCESSOR ===
2026-04-14 20:46:05 | INFO     | generation.batch_processor | Resuming: 131 annotations already processed (checkpoint loaded).
2026-04-14 20:46:05 | INFO     | generation.batch_processor | Starting batch processing pipeline …
2026-04-14 20:46:05 | INFO     | generation.batch_processor | 0 annotations to process (after checkpoint filter).
2026-04-14 20:46:05 | INFO     | generation.batch_processor | Pipeline complete in 0.0s. {'accepted': 0, 'rejected': 0, 'total': 0, 'acceptance_rate': 0.0, 'elapsed_seconds': 0.0}
2026-04-14 20:46:05 | INFO     | curation.curator | Curation summary: accepted=0, rejected=0, total=0, rate=0.0%
2026-04-14 20:46:05 | INFO     | main | Pipeline finished. Final stats: {'accepted': 0, 'rejected': 0, 'total': 0, 'acceptance_rate': 0.0, 'elapsed_seconds': 0.0}
2026-04-14 20:49:28 | INFO     | main | Pipeline config loaded from configs/pipeline_config.yaml
2026-04-14 20:49:28 | INFO     | main | Mode: use_mock=False | variants=3 | prompts=['rain_environment', 'night_scene', 'snow_environment', 'indoor_wall_texture', 'foggy_exterior']
2026-04-14 20:49:28 | INFO     | main | === STAGE 1: INGESTION ===
2026-04-14 20:49:28 | INFO     | ingestion.coco_parser | Loading COCO annotations from data\raw\annotations.json
2026-04-14 20:49:28 | INFO     | ingestion.coco_parser | Found 53 images, 4 categories, 131 annotations
2026-04-14 20:49:28 | INFO     | main | === STAGE 2: GENERATION ===
2026-04-14 20:49:31 | INFO     | generation.api_client | GeminiEditClient initialised with model=gemini-2.0-flash-preview-image-generation
2026-04-14 20:49:31 | INFO     | main | === STAGE 3: VALIDATION ===
2026-04-14 20:49:31 | INFO     | main | === STAGE 4: CURATION ===
2026-04-14 20:49:31 | INFO     | main | === RUNNING BATCH PROCESSOR ===
2026-04-14 20:49:31 | INFO     | generation.batch_processor | Starting batch processing pipeline …
2026-04-14 20:49:31 | INFO     | generation.batch_processor | 131 annotations to process (after checkpoint filter).
2026-04-14 20:49:31 | INFO     | generation.augmenter | Augmenting | ann=3 | prompt=rain_environment | req=6ffe2960
2026-04-14 20:49:31 | INFO     | generation.augmenter | Augmenting | ann=0 | prompt=rain_environment | req=17383043
2026-04-14 20:49:31 | INFO     | generation.augmenter | Augmenting | ann=2 | prompt=rain_environment | req=af4c6c58
2026-04-14 20:49:31 | INFO     | generation.augmenter | Augmenting | ann=1 | prompt=rain_environment | req=0749d9f4
2026-04-14 20:49:31 | INFO     | generation.api_client | [Gemini] Requesting edit | id=6ffe2960 | model=gemini-2.0-flash-preview-image-generation
2026-04-14 20:49:31 | INFO     | google_genai.models | AFC is enabled with max remote calls: 10.
2026-04-14 20:49:32 | INFO     | httpx | HTTP Request: POST https://generativelanguage.googleapis.com/v1beta/models/gemini-2.0-flash-preview-image-generation:generateContent "HTTP/1.1 404 Not Found"
2026-04-14 20:49:32 | WARNING  | generation.augmenter | Rate limit hit (attempt 1/4). Sleeping 4.0 s …
2026-04-14 20:49:37 | INFO     | generation.api_client | [Gemini] Requesting edit | id=17383043 | model=gemini-2.0-flash-preview-image-generation
2026-04-14 20:49:37 | INFO     | google_genai.models | AFC is enabled with max remote calls: 10.
2026-04-14 20:49:38 | INFO     | httpx | HTTP Request: POST https://generativelanguage.googleapis.com/v1beta/models/gemini-2.0-flash-preview-image-generation:generateContent "HTTP/1.1 404 Not Found"
2026-04-14 20:49:38 | WARNING  | generation.augmenter | Rate limit hit (attempt 1/4). Sleeping 4.0 s …
2026-04-14 20:49:43 | INFO     | generation.api_client | [Gemini] Requesting edit | id=af4c6c58 | model=gemini-2.0-flash-preview-image-generation
2026-04-14 20:49:43 | INFO     | google_genai.models | AFC is enabled with max remote calls: 10.
2026-04-14 20:49:43 | INFO     | httpx | HTTP Request: POST https://generativelanguage.googleapis.com/v1beta/models/gemini-2.0-flash-preview-image-generation:generateContent "HTTP/1.1 404 Not Found"
2026-04-14 20:49:43 | WARNING  | generation.augmenter | Rate limit hit (attempt 1/4). Sleeping 4.0 s …
2026-04-14 20:49:49 | INFO     | generation.api_client | [Gemini] Requesting edit | id=0749d9f4 | model=gemini-2.0-flash-preview-image-generation
2026-04-14 20:49:49 | INFO     | google_genai.models | AFC is enabled with max remote calls: 10.
2026-04-14 20:49:50 | INFO     | httpx | HTTP Request: POST https://generativelanguage.googleapis.com/v1beta/models/gemini-2.0-flash-preview-image-generation:generateContent "HTTP/1.1 404 Not Found"
2026-04-14 20:49:50 | WARNING  | generation.augmenter | Rate limit hit (attempt 1/4). Sleeping 4.0 s …
2026-04-14 20:49:55 | INFO     | generation.api_client | [Gemini] Requesting edit | id=6ffe2960 | model=gemini-2.0-flash-preview-image-generation
2026-04-14 20:49:55 | INFO     | google_genai.models | AFC is enabled with max remote calls: 10.
2026-04-14 20:49:55 | INFO     | httpx | HTTP Request: POST https://generativelanguage.googleapis.com/v1beta/models/gemini-2.0-flash-preview-image-generation:generateContent "HTTP/1.1 404 Not Found"
2026-04-14 20:49:55 | WARNING  | generation.augmenter | Rate limit hit (attempt 2/4). Sleeping 8.0 s …
2026-04-14 20:50:01 | INFO     | generation.api_client | [Gemini] Requesting edit | id=17383043 | model=gemini-2.0-flash-preview-image-generation
2026-04-14 20:50:01 | INFO     | google_genai.models | AFC is enabled with max remote calls: 10.
2026-04-14 20:50:02 | INFO     | httpx | HTTP Request: POST https://generativelanguage.googleapis.com/v1beta/models/gemini-2.0-flash-preview-image-generation:generateContent "HTTP/1.1 404 Not Found"
2026-04-14 20:50:02 | WARNING  | generation.augmenter | Rate limit hit (attempt 2/4). Sleeping 8.0 s …
2026-04-14 20:50:07 | INFO     | generation.api_client | [Gemini] Requesting edit | id=af4c6c58 | model=gemini-2.0-flash-preview-image-generation
2026-04-14 20:50:07 | INFO     | google_genai.models | AFC is enabled with max remote calls: 10.
2026-04-14 20:50:08 | INFO     | httpx | HTTP Request: POST https://generativelanguage.googleapis.com/v1beta/models/gemini-2.0-flash-preview-image-generation:generateContent "HTTP/1.1 404 Not Found"
2026-04-14 20:50:08 | WARNING  | generation.augmenter | Rate limit hit (attempt 2/4). Sleeping 8.0 s …
2026-04-14 20:50:13 | INFO     | generation.api_client | [Gemini] Requesting edit | id=0749d9f4 | model=gemini-2.0-flash-preview-image-generation
2026-04-14 20:50:13 | INFO     | google_genai.models | AFC is enabled with max remote calls: 10.
2026-04-14 20:50:14 | INFO     | httpx | HTTP Request: POST https://generativelanguage.googleapis.com/v1beta/models/gemini-2.0-flash-preview-image-generation:generateContent "HTTP/1.1 404 Not Found"
2026-04-14 20:50:14 | WARNING  | generation.augmenter | Rate limit hit (attempt 2/4). Sleeping 8.0 s …
2026-04-14 20:50:19 | INFO     | generation.api_client | [Gemini] Requesting edit | id=6ffe2960 | model=gemini-2.0-flash-preview-image-generation
2026-04-14 20:50:19 | INFO     | google_genai.models | AFC is enabled with max remote calls: 10.
2026-04-14 20:50:20 | INFO     | httpx | HTTP Request: POST https://generativelanguage.googleapis.com/v1beta/models/gemini-2.0-flash-preview-image-generation:generateContent "HTTP/1.1 404 Not Found"
2026-04-14 20:50:20 | WARNING  | generation.augmenter | Rate limit hit (attempt 3/4). Sleeping 16.0 s …
2026-04-14 20:50:25 | INFO     | generation.api_client | [Gemini] Requesting edit | id=17383043 | model=gemini-2.0-flash-preview-image-generation
2026-04-14 20:50:25 | INFO     | google_genai.models | AFC is enabled with max remote calls: 10.
2026-04-14 20:50:25 | INFO     | httpx | HTTP Request: POST https://generativelanguage.googleapis.com/v1beta/models/gemini-2.0-flash-preview-image-generation:generateContent "HTTP/1.1 404 Not Found"
2026-04-14 20:50:25 | WARNING  | generation.augmenter | Rate limit hit (attempt 3/4). Sleeping 16.0 s …
2026-04-14 20:50:31 | INFO     | generation.api_client | [Gemini] Requesting edit | id=af4c6c58 | model=gemini-2.0-flash-preview-image-generation
2026-04-14 20:50:31 | INFO     | google_genai.models | AFC is enabled with max remote calls: 10.
2026-04-14 20:50:31 | INFO     | httpx | HTTP Request: POST https://generativelanguage.googleapis.com/v1beta/models/gemini-2.0-flash-preview-image-generation:generateContent "HTTP/1.1 404 Not Found"
2026-04-14 20:50:31 | WARNING  | generation.augmenter | Rate limit hit (attempt 3/4). Sleeping 16.0 s …
2026-04-14 20:50:37 | INFO     | generation.api_client | [Gemini] Requesting edit | id=0749d9f4 | model=gemini-2.0-flash-preview-image-generation
2026-04-14 20:50:37 | INFO     | google_genai.models | AFC is enabled with max remote calls: 10.
2026-04-14 20:51:50 | INFO     | main | Pipeline config loaded from configs/pipeline_config.yaml
2026-04-14 20:51:50 | INFO     | main | Mode: use_mock=False | variants=3 | prompts=['rain_environment', 'night_scene', 'snow_environment', 'indoor_wall_texture', 'foggy_exterior']
2026-04-14 20:51:50 | INFO     | main | === STAGE 1: INGESTION ===
2026-04-14 20:51:50 | INFO     | ingestion.coco_parser | Loading COCO annotations from data\raw\annotations.json
2026-04-14 20:51:50 | INFO     | ingestion.coco_parser | Found 53 images, 4 categories, 131 annotations
2026-04-14 20:51:50 | INFO     | main | === STAGE 2: GENERATION ===
2026-04-14 20:51:51 | INFO     | generation.api_client | GeminiEditClient initialised with model=gemini-2.5-flash-image
2026-04-14 20:51:51 | INFO     | main | === STAGE 3: VALIDATION ===
2026-04-14 20:51:51 | INFO     | main | === STAGE 4: CURATION ===
2026-04-14 20:51:51 | INFO     | main | === RUNNING BATCH PROCESSOR ===
2026-04-14 20:51:51 | INFO     | generation.batch_processor | Starting batch processing pipeline …
2026-04-14 20:51:51 | INFO     | generation.batch_processor | 131 annotations to process (after checkpoint filter).
2026-04-14 20:51:51 | INFO     | generation.augmenter | Augmenting | ann=0 | prompt=rain_environment | req=0e299921
2026-04-14 20:51:51 | INFO     | generation.api_client | [Gemini] Requesting edit | id=0e299921 | model=gemini-2.5-flash-image
2026-04-14 20:51:51 | INFO     | generation.augmenter | Augmenting | ann=1 | prompt=rain_environment | req=b2e70298
2026-04-14 20:51:51 | INFO     | generation.augmenter | Augmenting | ann=2 | prompt=rain_environment | req=f898a921
2026-04-14 20:51:51 | INFO     | generation.augmenter | Augmenting | ann=3 | prompt=rain_environment | req=963acfeb
2026-04-14 20:51:51 | INFO     | google_genai.models | AFC is enabled with max remote calls: 10.
2026-04-14 20:51:57 | INFO     | generation.api_client | [Gemini] Requesting edit | id=b2e70298 | model=gemini-2.5-flash-image
2026-04-14 20:51:57 | INFO     | google_genai.models | AFC is enabled with max remote calls: 10.
2026-04-14 20:52:00 | INFO     | httpx | HTTP Request: POST https://generativelanguage.googleapis.com/v1beta/models/gemini-2.5-flash-image:generateContent "HTTP/1.1 200 OK"
2026-04-14 20:52:00 | INFO     | generation.api_client | [Gemini] Edit received | id=0e299921
2026-04-14 20:52:00 | INFO     | generation.augmenter | Augmenting | ann=0 | prompt=night_scene | req=e0090f34
2026-04-14 20:52:03 | INFO     | generation.api_client | [Gemini] Requesting edit | id=f898a921 | model=gemini-2.5-flash-image
2026-04-14 20:52:03 | INFO     | google_genai.models | AFC is enabled with max remote calls: 10.
2026-04-14 20:52:09 | INFO     | generation.api_client | [Gemini] Requesting edit | id=963acfeb | model=gemini-2.5-flash-image
2026-04-14 20:52:09 | INFO     | google_genai.models | AFC is enabled with max remote calls: 10.
2026-04-14 20:52:15 | INFO     | generation.api_client | [Gemini] Requesting edit | id=e0090f34 | model=gemini-2.5-flash-image
2026-04-14 20:52:15 | INFO     | google_genai.models | AFC is enabled with max remote calls: 10.
2026-04-14 20:52:19 | INFO     | httpx | HTTP Request: POST https://generativelanguage.googleapis.com/v1beta/models/gemini-2.5-flash-image:generateContent "HTTP/1.1 200 OK"
2026-04-14 20:52:20 | INFO     | generation.api_client | [Gemini] Edit received | id=963acfeb
2026-04-14 20:52:20 | INFO     | generation.augmenter | Augmenting | ann=3 | prompt=night_scene | req=625eb58d
2026-04-14 20:52:21 | INFO     | generation.api_client | [Gemini] Requesting edit | id=625eb58d | model=gemini-2.5-flash-image
2026-04-14 20:52:21 | INFO     | google_genai.models | AFC is enabled with max remote calls: 10.
2026-04-14 20:52:22 | INFO     | httpx | HTTP Request: POST https://generativelanguage.googleapis.com/v1beta/models/gemini-2.5-flash-image:generateContent "HTTP/1.1 200 OK"
2026-04-14 20:52:23 | INFO     | generation.api_client | [Gemini] Edit received | id=e0090f34
2026-04-14 20:52:23 | INFO     | generation.augmenter | Augmenting | ann=0 | prompt=snow_environment | req=dcc55422
2026-04-14 20:52:27 | INFO     | generation.api_client | [Gemini] Requesting edit | id=dcc55422 | model=gemini-2.5-flash-image
2026-04-14 20:52:27 | INFO     | google_genai.models | AFC is enabled with max remote calls: 10.
2026-04-14 20:52:41 | INFO     | httpx | HTTP Request: POST https://generativelanguage.googleapis.com/v1beta/models/gemini-2.5-flash-image:generateContent "HTTP/1.1 200 OK"
2026-04-14 20:52:41 | INFO     | generation.api_client | [Gemini] Edit received | id=dcc55422
2026-04-14 20:52:41 | INFO     | generation.augmenter | Augmenting | ann=0 | prompt=indoor_wall_texture | req=9f3aad64
2026-04-14 20:52:41 | INFO     | generation.api_client | [Gemini] Requesting edit | id=9f3aad64 | model=gemini-2.5-flash-image
2026-04-14 20:52:42 | INFO     | google_genai.models | AFC is enabled with max remote calls: 10.
2026-04-14 20:52:49 | INFO     | httpx | HTTP Request: POST https://generativelanguage.googleapis.com/v1beta/models/gemini-2.5-flash-image:generateContent "HTTP/1.1 200 OK"
2026-04-14 20:52:49 | INFO     | generation.api_client | [Gemini] Edit received | id=f898a921
2026-04-14 20:52:49 | INFO     | generation.augmenter | Augmenting | ann=2 | prompt=night_scene | req=96995f3b
2026-04-14 20:52:49 | INFO     | generation.api_client | [Gemini] Requesting edit | id=96995f3b | model=gemini-2.5-flash-image
2026-04-14 20:52:49 | INFO     | google_genai.models | AFC is enabled with max remote calls: 10.
2026-04-14 20:52:50 | INFO     | httpx | HTTP Request: POST https://generativelanguage.googleapis.com/v1beta/models/gemini-2.5-flash-image:generateContent "HTTP/1.1 200 OK"
2026-04-14 20:52:51 | INFO     | generation.api_client | [Gemini] Edit received | id=9f3aad64
2026-04-14 20:52:51 | INFO     | generation.augmenter | Augmenting | ann=0 | prompt=foggy_exterior | req=ea22dc2d
2026-04-14 20:52:55 | INFO     | generation.api_client | [Gemini] Requesting edit | id=ea22dc2d | model=gemini-2.5-flash-image
2026-04-14 20:52:55 | INFO     | google_genai.models | AFC is enabled with max remote calls: 10.
2026-04-14 20:53:02 | INFO     | httpx | HTTP Request: POST https://generativelanguage.googleapis.com/v1beta/models/gemini-2.5-flash-image:generateContent "HTTP/1.1 200 OK"
2026-04-14 20:53:03 | INFO     | generation.api_client | [Gemini] Edit received | id=ea22dc2d
2026-04-14 20:53:04 | INFO     | curation.curator | Curated → GOLD | 99ffcf1a-frame_000025__ann0__rain_environment__0e299921.jpg
2026-04-14 20:53:04 | INFO     | curation.curator | Curated → GOLD | 99ffcf1a-frame_000025__ann0__night_scene__e0090f34.jpg
2026-04-14 20:53:04 | INFO     | curation.curator | Curated → GOLD | 99ffcf1a-frame_000025__ann0__snow_environment__dcc55422.jpg
2026-04-14 20:53:04 | INFO     | curation.curator | Curated → GOLD | 99ffcf1a-frame_000025__ann0__indoor_wall_texture__9f3aad64.jpg
2026-04-14 20:53:04 | INFO     | curation.curator | Curated → GOLD | 99ffcf1a-frame_000025__ann0__foggy_exterior__ea22dc2d.jpg
2026-04-14 20:53:04 | INFO     | generation.augmenter | Augmenting | ann=4 | prompt=rain_environment | req=9421ec01
2026-04-14 20:53:04 | INFO     | generation.api_client | [Gemini] Requesting edit | id=9421ec01 | model=gemini-2.5-flash-image
2026-04-14 20:53:04 | INFO     | google_genai.models | AFC is enabled with max remote calls: 10.
2026-04-14 20:53:11 | INFO     | httpx | HTTP Request: POST https://generativelanguage.googleapis.com/v1beta/models/gemini-2.5-flash-image:generateContent "HTTP/1.1 200 OK"
2026-04-14 20:53:11 | INFO     | generation.api_client | [Gemini] Edit received | id=9421ec01
2026-04-14 20:53:11 | INFO     | generation.augmenter | Augmenting | ann=4 | prompt=night_scene | req=45df20fb
2026-04-14 20:53:11 | INFO     | generation.api_client | [Gemini] Requesting edit | id=45df20fb | model=gemini-2.5-flash-image
2026-04-14 20:53:11 | INFO     | google_genai.models | AFC is enabled with max remote calls: 10.
2026-04-14 20:53:18 | INFO     | httpx | HTTP Request: POST https://generativelanguage.googleapis.com/v1beta/models/gemini-2.5-flash-image:generateContent "HTTP/1.1 200 OK"
2026-04-14 20:53:18 | INFO     | generation.api_client | [Gemini] Edit received | id=45df20fb
2026-04-14 20:53:18 | INFO     | generation.augmenter | Augmenting | ann=4 | prompt=snow_environment | req=33825068
2026-04-14 20:53:18 | INFO     | generation.api_client | [Gemini] Requesting edit | id=33825068 | model=gemini-2.5-flash-image
2026-04-14 20:53:18 | INFO     | google_genai.models | AFC is enabled with max remote calls: 10.
2026-04-14 20:53:27 | INFO     | httpx | HTTP Request: POST https://generativelanguage.googleapis.com/v1beta/models/gemini-2.5-flash-image:generateContent "HTTP/1.1 200 OK"
2026-04-14 20:53:27 | INFO     | generation.api_client | [Gemini] Edit received | id=33825068
2026-04-14 20:53:27 | INFO     | generation.augmenter | Augmenting | ann=4 | prompt=indoor_wall_texture | req=cac44bee
2026-04-14 20:53:27 | INFO     | generation.api_client | [Gemini] Requesting edit | id=cac44bee | model=gemini-2.5-flash-image
2026-04-14 20:53:28 | INFO     | google_genai.models | AFC is enabled with max remote calls: 10.
2026-04-14 20:53:34 | INFO     | httpx | HTTP Request: POST https://generativelanguage.googleapis.com/v1beta/models/gemini-2.5-flash-image:generateContent "HTTP/1.1 200 OK"
2026-04-14 20:53:34 | INFO     | generation.api_client | [Gemini] Edit received | id=cac44bee
2026-04-14 20:53:34 | INFO     | generation.augmenter | Augmenting | ann=4 | prompt=foggy_exterior | req=50b9b90b
2026-04-14 20:53:34 | INFO     | generation.api_client | [Gemini] Requesting edit | id=50b9b90b | model=gemini-2.5-flash-image
2026-04-14 20:53:34 | INFO     | google_genai.models | AFC is enabled with max remote calls: 10.
2026-04-14 20:53:43 | INFO     | httpx | HTTP Request: POST https://generativelanguage.googleapis.com/v1beta/models/gemini-2.5-flash-image:generateContent "HTTP/1.1 200 OK"
2026-04-14 20:53:44 | INFO     | generation.api_client | [Gemini] Edit received | id=50b9b90b
2026-04-14 20:53:44 | INFO     | curation.curator | Curated → GOLD | 0f9e733a-frame_000124__ann4__rain_environment__9421ec01.jpg
2026-04-14 20:53:44 | INFO     | curation.curator | Curated → GOLD | 0f9e733a-frame_000124__ann4__night_scene__45df20fb.jpg
2026-04-14 20:53:44 | INFO     | curation.curator | Curated → DISCARDED | 0f9e733a-frame_000124__ann4__snow_environment__33825068.jpg
2026-04-14 20:53:44 | INFO     | curation.curator | Curated → GOLD | 0f9e733a-frame_000124__ann4__indoor_wall_texture__cac44bee.jpg
2026-04-14 20:53:44 | INFO     | curation.curator | Curated → DISCARDED | 0f9e733a-frame_000124__ann4__foggy_exterior__50b9b90b.jpg
2026-04-14 20:53:44 | INFO     | generation.augmenter | Augmenting | ann=5 | prompt=rain_environment | req=e6760430
2026-04-14 20:53:44 | INFO     | generation.api_client | [Gemini] Requesting edit | id=e6760430 | model=gemini-2.5-flash-image
2026-04-14 20:53:44 | INFO     | google_genai.models | AFC is enabled with max remote calls: 10.
2026-04-14 20:53:48 | INFO     | httpx | HTTP Request: POST https://generativelanguage.googleapis.com/v1beta/models/gemini-2.5-flash-image:generateContent "HTTP/1.1 200 OK"
2026-04-14 20:53:48 | INFO     | generation.api_client | [Gemini] Edit received | id=96995f3b
2026-04-14 20:53:48 | INFO     | generation.augmenter | Augmenting | ann=2 | prompt=snow_environment | req=00624f72
2026-04-14 20:53:50 | INFO     | generation.api_client | [Gemini] Requesting edit | id=00624f72 | model=gemini-2.5-flash-image
2026-04-14 20:53:50 | INFO     | google_genai.models | AFC is enabled with max remote calls: 10.
2026-04-14 20:53:51 | INFO     | httpx | HTTP Request: POST https://generativelanguage.googleapis.com/v1beta/models/gemini-2.5-flash-image:generateContent "HTTP/1.1 200 OK"
2026-04-14 20:53:51 | INFO     | generation.api_client | [Gemini] Edit received | id=e6760430
2026-04-14 20:53:51 | INFO     | generation.augmenter | Augmenting | ann=5 | prompt=night_scene | req=abe734ef
2026-04-14 20:53:56 | INFO     | generation.api_client | [Gemini] Requesting edit | id=abe734ef | model=gemini-2.5-flash-image
2026-04-14 20:53:56 | INFO     | google_genai.models | AFC is enabled with max remote calls: 10.
2026-04-14 20:53:57 | INFO     | httpx | HTTP Request: POST https://generativelanguage.googleapis.com/v1beta/models/gemini-2.5-flash-image:generateContent "HTTP/1.1 200 OK"
2026-04-14 20:53:57 | INFO     | generation.api_client | [Gemini] Edit received | id=00624f72
2026-04-14 20:53:57 | INFO     | generation.augmenter | Augmenting | ann=2 | prompt=indoor_wall_texture | req=4dba35f4
2026-04-14 20:54:02 | INFO     | generation.api_client | [Gemini] Requesting edit | id=4dba35f4 | model=gemini-2.5-flash-image
2026-04-14 20:54:02 | INFO     | google_genai.models | AFC is enabled with max remote calls: 10.
2026-04-14 20:54:04 | INFO     | httpx | HTTP Request: POST https://generativelanguage.googleapis.com/v1beta/models/gemini-2.5-flash-image:generateContent "HTTP/1.1 503 Service Unavailable"
2026-04-14 20:54:04 | WARNING  | generation.augmenter | API error on attempt 1/4: 503 UNAVAILABLE. {'error': {'code': 503, 'message': 'Deadline expired before operation could complete.', 'status': 'UNAVAILABLE'}}. Retrying in 1.0 s …
2026-04-14 20:54:05 | INFO     | httpx | HTTP Request: POST https://generativelanguage.googleapis.com/v1beta/models/gemini-2.5-flash-image:generateContent "HTTP/1.1 200 OK"
2026-04-14 20:54:05 | INFO     | generation.api_client | [Gemini] Edit received | id=abe734ef
2026-04-14 20:54:05 | INFO     | generation.augmenter | Augmenting | ann=5 | prompt=snow_environment | req=971a87f8
2026-04-14 20:54:08 | INFO     | generation.api_client | [Gemini] Requesting edit | id=971a87f8 | model=gemini-2.5-flash-image
2026-04-14 20:54:08 | INFO     | google_genai.models | AFC is enabled with max remote calls: 10.
2026-04-14 20:54:09 | INFO     | httpx | HTTP Request: POST https://generativelanguage.googleapis.com/v1beta/models/gemini-2.5-flash-image:generateContent "HTTP/1.1 200 OK"
2026-04-14 20:54:10 | INFO     | generation.api_client | [Gemini] Edit received | id=4dba35f4
2026-04-14 20:54:10 | INFO     | generation.augmenter | Augmenting | ann=2 | prompt=foggy_exterior | req=03fd9726
2026-04-14 20:54:14 | INFO     | generation.api_client | [Gemini] Requesting edit | id=b2e70298 | model=gemini-2.5-flash-image
2026-04-14 20:54:14 | INFO     | google_genai.models | AFC is enabled with max remote calls: 10.
2026-04-14 20:54:15 | INFO     | httpx | HTTP Request: POST https://generativelanguage.googleapis.com/v1beta/models/gemini-2.5-flash-image:generateContent "HTTP/1.1 200 OK"
2026-04-14 20:54:15 | INFO     | generation.api_client | [Gemini] Edit received | id=971a87f8
2026-04-14 20:54:15 | INFO     | generation.augmenter | Augmenting | ann=5 | prompt=indoor_wall_texture | req=8e2681e0
2026-04-14 20:54:20 | INFO     | generation.api_client | [Gemini] Requesting edit | id=03fd9726 | model=gemini-2.5-flash-image
2026-04-14 20:54:20 | INFO     | google_genai.models | AFC is enabled with max remote calls: 10.
2026-04-14 20:54:21 | INFO     | httpx | HTTP Request: POST https://generativelanguage.googleapis.com/v1beta/models/gemini-2.5-flash-image:generateContent "HTTP/1.1 200 OK"
2026-04-14 20:54:21 | INFO     | generation.api_client | [Gemini] Edit received | id=b2e70298
2026-04-14 20:54:21 | INFO     | generation.augmenter | Augmenting | ann=1 | prompt=night_scene | req=76e2ea5b
2026-04-14 20:54:21 | INFO     | httpx | HTTP Request: POST https://generativelanguage.googleapis.com/v1beta/models/gemini-2.5-flash-image:generateContent "HTTP/1.1 200 OK"
2026-04-14 20:54:22 | INFO     | generation.api_client | [Gemini] Edit received | id=625eb58d
2026-04-14 20:54:22 | INFO     | generation.augmenter | Augmenting | ann=3 | prompt=snow_environment | req=9d566b9d
2026-04-14 20:54:26 | INFO     | generation.api_client | [Gemini] Requesting edit | id=8e2681e0 | model=gemini-2.5-flash-image
2026-04-14 20:54:26 | INFO     | google_genai.models | AFC is enabled with max remote calls: 10.
2026-04-14 20:54:29 | INFO     | httpx | HTTP Request: POST https://generativelanguage.googleapis.com/v1beta/models/gemini-2.5-flash-image:generateContent "HTTP/1.1 200 OK"
2026-04-14 20:54:29 | INFO     | generation.api_client | [Gemini] Edit received | id=03fd9726
2026-04-14 20:54:29 | INFO     | curation.curator | Curated → GOLD | 0f9e733a-frame_000124__ann2__rain_environment__f898a921.jpg
2026-04-14 20:54:29 | INFO     | curation.curator | Curated → GOLD | 0f9e733a-frame_000124__ann2__night_scene__96995f3b.jpg
2026-04-14 20:54:29 | INFO     | curation.curator | Curated → GOLD | 0f9e733a-frame_000124__ann2__snow_environment__00624f72.jpg
2026-04-14 20:54:29 | INFO     | curation.curator | Curated → GOLD | 0f9e733a-frame_000124__ann2__indoor_wall_texture__4dba35f4.jpg
2026-04-14 20:54:29 | INFO     | curation.curator | Curated → GOLD | 0f9e733a-frame_000124__ann2__foggy_exterior__03fd9726.jpg
2026-04-14 20:54:29 | INFO     | generation.augmenter | Augmenting | ann=6 | prompt=rain_environment | req=30c7f10c
2026-04-14 20:54:32 | INFO     | generation.api_client | [Gemini] Requesting edit | id=76e2ea5b | model=gemini-2.5-flash-image
2026-04-14 20:54:32 | INFO     | google_genai.models | AFC is enabled with max remote calls: 10.
2026-04-14 20:54:33 | INFO     | httpx | HTTP Request: POST https://generativelanguage.googleapis.com/v1beta/models/gemini-2.5-flash-image:generateContent "HTTP/1.1 200 OK"
2026-04-14 20:54:33 | INFO     | generation.api_client | [Gemini] Edit received | id=8e2681e0
2026-04-14 20:54:33 | INFO     | generation.augmenter | Augmenting | ann=5 | prompt=foggy_exterior | req=70d2e04a
2026-04-14 20:54:38 | INFO     | generation.api_client | [Gemini] Requesting edit | id=9d566b9d | model=gemini-2.5-flash-image
2026-04-14 20:54:38 | INFO     | google_genai.models | AFC is enabled with max remote calls: 10.
2026-04-14 20:54:44 | INFO     | generation.api_client | [Gemini] Requesting edit | id=30c7f10c | model=gemini-2.5-flash-image
2026-04-14 20:54:44 | INFO     | google_genai.models | AFC is enabled with max remote calls: 10.
2026-04-14 20:54:45 | INFO     | httpx | HTTP Request: POST https://generativelanguage.googleapis.com/v1beta/models/gemini-2.5-flash-image:generateContent "HTTP/1.1 200 OK"
2026-04-14 20:54:46 | INFO     | generation.api_client | [Gemini] Edit received | id=9d566b9d
2026-04-14 20:54:46 | INFO     | generation.augmenter | Augmenting | ann=3 | prompt=indoor_wall_texture | req=baf8cef1
2026-04-14 20:54:50 | INFO     | generation.api_client | [Gemini] Requesting edit | id=70d2e04a | model=gemini-2.5-flash-image
2026-04-14 20:54:50 | INFO     | google_genai.models | AFC is enabled with max remote calls: 10.
2026-04-14 20:54:52 | INFO     | httpx | HTTP Request: POST https://generativelanguage.googleapis.com/v1beta/models/gemini-2.5-flash-image:generateContent "HTTP/1.1 200 OK"
2026-04-14 20:54:53 | INFO     | generation.api_client | [Gemini] Edit received | id=30c7f10c
2026-04-14 20:54:53 | INFO     | generation.augmenter | Augmenting | ann=6 | prompt=night_scene | req=fb7cce85
2026-04-14 20:54:56 | INFO     | generation.api_client | [Gemini] Requesting edit | id=baf8cef1 | model=gemini-2.5-flash-image
2026-04-14 20:54:56 | INFO     | google_genai.models | AFC is enabled with max remote calls: 10.
2026-04-14 20:54:58 | INFO     | httpx | HTTP Request: POST https://generativelanguage.googleapis.com/v1beta/models/gemini-2.5-flash-image:generateContent "HTTP/1.1 200 OK"
2026-04-14 20:54:58 | INFO     | generation.api_client | [Gemini] Edit received | id=70d2e04a
2026-04-14 20:54:58 | INFO     | curation.curator | Curated → GOLD | 19c42235-frame_000126__ann5__rain_environment__e6760430.jpg
2026-04-14 20:54:58 | INFO     | curation.curator | Curated → GOLD | 19c42235-frame_000126__ann5__night_scene__abe734ef.jpg
2026-04-14 20:54:58 | INFO     | curation.curator | Curated → GOLD | 19c42235-frame_000126__ann5__snow_environment__971a87f8.jpg
2026-04-14 20:54:59 | INFO     | curation.curator | Curated → GOLD | 19c42235-frame_000126__ann5__indoor_wall_texture__8e2681e0.jpg
2026-04-14 20:54:59 | INFO     | curation.curator | Curated → GOLD | 19c42235-frame_000126__ann5__foggy_exterior__70d2e04a.jpg
2026-04-14 20:54:59 | INFO     | generation.augmenter | Augmenting | ann=7 | prompt=rain_environment | req=10f6af74
2026-04-14 20:55:02 | INFO     | generation.api_client | [Gemini] Requesting edit | id=fb7cce85 | model=gemini-2.5-flash-image
2026-04-14 20:55:02 | INFO     | google_genai.models | AFC is enabled with max remote calls: 10.
2026-04-14 20:55:04 | INFO     | httpx | HTTP Request: POST https://generativelanguage.googleapis.com/v1beta/models/gemini-2.5-flash-image:generateContent "HTTP/1.1 200 OK"
2026-04-14 20:55:05 | INFO     | generation.api_client | [Gemini] Edit received | id=baf8cef1
2026-04-14 20:55:05 | INFO     | generation.augmenter | Augmenting | ann=3 | prompt=foggy_exterior | req=61d38ed2
2026-04-14 20:55:08 | INFO     | generation.api_client | [Gemini] Requesting edit | id=10f6af74 | model=gemini-2.5-flash-image
2026-04-14 20:55:08 | INFO     | httpx | HTTP Request: POST https://generativelanguage.googleapis.com/v1beta/models/gemini-2.5-flash-image:generateContent "HTTP/1.1 200 OK"
2026-04-14 20:55:08 | INFO     | google_genai.models | AFC is enabled with max remote calls: 10.
2026-04-14 20:55:08 | INFO     | generation.api_client | [Gemini] Edit received | id=76e2ea5b
2026-04-14 20:55:08 | INFO     | generation.augmenter | Augmenting | ann=1 | prompt=snow_environment | req=8d126e20
2026-04-14 20:55:14 | INFO     | generation.api_client | [Gemini] Requesting edit | id=61d38ed2 | model=gemini-2.5-flash-image
2026-04-14 20:55:14 | INFO     | google_genai.models | AFC is enabled with max remote calls: 10.
2026-04-14 20:55:16 | INFO     | httpx | HTTP Request: POST https://generativelanguage.googleapis.com/v1beta/models/gemini-2.5-flash-image:generateContent "HTTP/1.1 200 OK"
2026-04-14 20:55:17 | INFO     | generation.api_client | [Gemini] Edit received | id=10f6af74
2026-04-14 20:55:17 | INFO     | generation.augmenter | Augmenting | ann=7 | prompt=night_scene | req=855b1ef3
2026-04-14 20:55:20 | INFO     | generation.api_client | [Gemini] Requesting edit | id=8d126e20 | model=gemini-2.5-flash-image
2026-04-14 20:55:20 | INFO     | google_genai.models | AFC is enabled with max remote calls: 10.
2026-04-14 20:55:23 | INFO     | httpx | HTTP Request: POST https://generativelanguage.googleapis.com/v1beta/models/gemini-2.5-flash-image:generateContent "HTTP/1.1 200 OK"
2026-04-14 20:55:23 | INFO     | generation.api_client | [Gemini] Edit received | id=61d38ed2
2026-04-14 20:55:23 | INFO     | curation.curator | Curated → GOLD | 0f9e733a-frame_000124__ann3__rain_environment__963acfeb.jpg
2026-04-14 20:55:24 | INFO     | curation.curator | Curated → GOLD | 0f9e733a-frame_000124__ann3__night_scene__625eb58d.jpg
2026-04-14 20:55:24 | INFO     | curation.curator | Curated → DISCARDED | 0f9e733a-frame_000124__ann3__snow_environment__9d566b9d.jpg
2026-04-14 20:55:24 | INFO     | curation.curator | Curated → GOLD | 0f9e733a-frame_000124__ann3__indoor_wall_texture__baf8cef1.jpg
2026-04-14 20:55:24 | INFO     | curation.curator | Curated → GOLD | 0f9e733a-frame_000124__ann3__foggy_exterior__61d38ed2.jpg
2026-04-14 20:55:26 | INFO     | generation.api_client | [Gemini] Requesting edit | id=855b1ef3 | model=gemini-2.5-flash-image
2026-04-14 20:55:26 | INFO     | google_genai.models | AFC is enabled with max remote calls: 10.
2026-04-14 20:55:30 | INFO     | httpx | HTTP Request: POST https://generativelanguage.googleapis.com/v1beta/models/gemini-2.5-flash-image:generateContent "HTTP/1.1 200 OK"
2026-04-14 20:55:31 | INFO     | generation.api_client | [Gemini] Edit received | id=fb7cce85
2026-04-14 20:55:31 | INFO     | generation.augmenter | Augmenting | ann=6 | prompt=snow_environment | req=cab7a476
2026-04-14 20:55:32 | INFO     | generation.api_client | [Gemini] Requesting edit | id=cab7a476 | model=gemini-2.5-flash-image
2026-04-14 20:55:32 | INFO     | google_genai.models | AFC is enabled with max remote calls: 10.
2026-04-14 20:55:35 | INFO     | httpx | HTTP Request: POST https://generativelanguage.googleapis.com/v1beta/models/gemini-2.5-flash-image:generateContent "HTTP/1.1 200 OK"
2026-04-14 20:55:36 | INFO     | generation.api_client | [Gemini] Edit received | id=855b1ef3
2026-04-14 20:55:36 | INFO     | generation.augmenter | Augmenting | ann=7 | prompt=snow_environment | req=5d8f7774
2026-04-14 20:55:38 | INFO     | generation.api_client | [Gemini] Requesting edit | id=5d8f7774 | model=gemini-2.5-flash-image
2026-04-14 20:55:38 | INFO     | google_genai.models | AFC is enabled with max remote calls: 10.
2026-04-14 20:55:40 | INFO     | httpx | HTTP Request: POST https://generativelanguage.googleapis.com/v1beta/models/gemini-2.5-flash-image:generateContent "HTTP/1.1 200 OK"
2026-04-14 20:55:40 | INFO     | generation.api_client | [Gemini] Edit received | id=cab7a476
2026-04-14 20:55:40 | INFO     | generation.augmenter | Augmenting | ann=6 | prompt=indoor_wall_texture | req=0bae1a37
2026-04-14 20:55:44 | INFO     | generation.api_client | [Gemini] Requesting edit | id=0bae1a37 | model=gemini-2.5-flash-image
2026-04-14 20:55:44 | INFO     | google_genai.models | AFC is enabled with max remote calls: 10.
2026-04-14 20:56:44 | INFO     | httpx | HTTP Request: POST https://generativelanguage.googleapis.com/v1beta/models/gemini-2.5-flash-image:generateContent "HTTP/1.1 200 OK"
2026-04-14 20:56:44 | INFO     | generation.api_client | [Gemini] Edit received | id=8d126e20
2026-04-14 20:56:44 | INFO     | generation.augmenter | Augmenting | ann=1 | prompt=indoor_wall_texture | req=52e91ea6
2026-04-14 20:56:44 | INFO     | generation.api_client | [Gemini] Requesting edit | id=52e91ea6 | model=gemini-2.5-flash-image
2026-04-14 20:56:44 | INFO     | google_genai.models | AFC is enabled with max remote calls: 10.
2026-04-14 20:56:51 | INFO     | httpx | HTTP Request: POST https://generativelanguage.googleapis.com/v1beta/models/gemini-2.5-flash-image:generateContent "HTTP/1.1 200 OK"
2026-04-14 20:56:52 | INFO     | generation.api_client | [Gemini] Edit received | id=52e91ea6
2026-04-14 20:56:52 | INFO     | generation.augmenter | Augmenting | ann=1 | prompt=foggy_exterior | req=a71d2f0d
2026-04-14 20:56:52 | INFO     | generation.api_client | [Gemini] Requesting edit | id=a71d2f0d | model=gemini-2.5-flash-image
2026-04-14 20:56:52 | INFO     | google_genai.models | AFC is enabled with max remote calls: 10.
2026-04-14 20:57:00 | INFO     | httpx | HTTP Request: POST https://generativelanguage.googleapis.com/v1beta/models/gemini-2.5-flash-image:generateContent "HTTP/1.1 200 OK"
2026-04-14 20:57:00 | INFO     | generation.api_client | [Gemini] Edit received | id=a71d2f0d
2026-04-14 20:57:00 | INFO     | curation.curator | Curated → GOLD | 54a8cc5a-frame_000036__ann1__rain_environment__b2e70298.jpg
2026-04-14 20:57:00 | INFO     | curation.curator | Curated → GOLD | 54a8cc5a-frame_000036__ann1__night_scene__76e2ea5b.jpg
2026-04-14 20:57:01 | INFO     | curation.curator | Curated → GOLD | 54a8cc5a-frame_000036__ann1__snow_environment__8d126e20.jpg
2026-04-14 20:57:01 | INFO     | curation.curator | Curated → GOLD | 54a8cc5a-frame_000036__ann1__indoor_wall_texture__52e91ea6.jpg
2026-04-14 20:57:01 | INFO     | curation.curator | Curated → GOLD | 54a8cc5a-frame_000036__ann1__foggy_exterior__a71d2f0d.jpg
2026-04-14 20:57:39 | INFO     | httpx | HTTP Request: POST https://generativelanguage.googleapis.com/v1beta/models/gemini-2.5-flash-image:generateContent "HTTP/1.1 200 OK"
2026-04-14 20:57:39 | INFO     | generation.api_client | [Gemini] Edit received | id=0bae1a37
2026-04-14 20:57:39 | INFO     | generation.augmenter | Augmenting | ann=6 | prompt=foggy_exterior | req=1734356b
2026-04-14 20:57:39 | INFO     | generation.api_client | [Gemini] Requesting edit | id=1734356b | model=gemini-2.5-flash-image
2026-04-14 20:57:40 | INFO     | google_genai.models | AFC is enabled with max remote calls: 10.
2026-04-14 20:57:44 | INFO     | httpx | HTTP Request: POST https://generativelanguage.googleapis.com/v1beta/models/gemini-2.5-flash-image:generateContent "HTTP/1.1 503 Service Unavailable"
2026-04-14 20:57:44 | WARNING  | generation.augmenter | API error on attempt 1/4: 503 UNAVAILABLE. {'error': {'code': 503, 'message': 'Deadline expired before operation could complete.', 'status': 'UNAVAILABLE'}}. Retrying in 1.0 s …
2026-04-14 20:57:45 | INFO     | generation.api_client | [Gemini] Requesting edit | id=5d8f7774 | model=gemini-2.5-flash-image
2026-04-14 20:57:46 | INFO     | google_genai.models | AFC is enabled with max remote calls: 10.
2026-04-14 20:57:46 | INFO     | httpx | HTTP Request: POST https://generativelanguage.googleapis.com/v1beta/models/gemini-2.5-flash-image:generateContent "HTTP/1.1 200 OK"
2026-04-14 20:57:47 | INFO     | generation.api_client | [Gemini] Edit received | id=1734356b
2026-04-14 20:57:47 | INFO     | curation.curator | Curated → GOLD | 19c42235-frame_000126__ann6__rain_environment__30c7f10c.jpg
2026-04-14 20:57:47 | INFO     | curation.curator | Curated → GOLD | 19c42235-frame_000126__ann6__night_scene__fb7cce85.jpg
2026-04-14 20:57:47 | INFO     | curation.curator | Curated → GOLD | 19c42235-frame_000126__ann6__snow_environment__cab7a476.jpg
2026-04-14 20:57:47 | INFO     | curation.curator | Curated → DISCARDED | 19c42235-frame_000126__ann6__indoor_wall_texture__0bae1a37.jpg
2026-04-14 20:57:47 | INFO     | curation.curator | Curated → DISCARDED | 19c42235-frame_000126__ann6__foggy_exterior__1734356b.jpg
2026-04-14 20:59:52 | INFO     | httpx | HTTP Request: POST https://generativelanguage.googleapis.com/v1beta/models/gemini-2.5-flash-image:generateContent "HTTP/1.1 503 Service Unavailable"
2026-04-14 20:59:52 | WARNING  | generation.augmenter | API error on attempt 2/4: 503 UNAVAILABLE. {'error': {'code': 503, 'message': 'Deadline expired before operation could complete.', 'status': 'UNAVAILABLE'}}. Retrying in 2.0 s …
2026-04-14 20:59:54 | INFO     | generation.api_client | [Gemini] Requesting edit | id=5d8f7774 | model=gemini-2.5-flash-image
2026-04-14 20:59:55 | INFO     | google_genai.models | AFC is enabled with max remote calls: 10.
2026-04-14 21:00:01 | INFO     | httpx | HTTP Request: POST https://generativelanguage.googleapis.com/v1beta/models/gemini-2.5-flash-image:generateContent "HTTP/1.1 200 OK"
2026-04-14 21:00:01 | INFO     | generation.api_client | [Gemini] Edit received | id=5d8f7774
2026-04-14 21:00:01 | INFO     | generation.augmenter | Augmenting | ann=7 | prompt=indoor_wall_texture | req=cb03e856
2026-04-14 21:00:01 | INFO     | generation.api_client | [Gemini] Requesting edit | id=cb03e856 | model=gemini-2.5-flash-image
2026-04-14 21:00:02 | INFO     | google_genai.models | AFC is enabled with max remote calls: 10.
2026-04-14 21:00:08 | INFO     | httpx | HTTP Request: POST https://generativelanguage.googleapis.com/v1beta/models/gemini-2.5-flash-image:generateContent "HTTP/1.1 200 OK"
2026-04-14 21:00:08 | INFO     | generation.api_client | [Gemini] Edit received | id=cb03e856
2026-04-14 21:00:08 | INFO     | generation.augmenter | Augmenting | ann=7 | prompt=foggy_exterior | req=8a608d33
2026-04-14 21:00:08 | INFO     | generation.api_client | [Gemini] Requesting edit | id=8a608d33 | model=gemini-2.5-flash-image
2026-04-14 21:00:09 | INFO     | google_genai.models | AFC is enabled with max remote calls: 10.
2026-04-14 21:00:16 | INFO     | httpx | HTTP Request: POST https://generativelanguage.googleapis.com/v1beta/models/gemini-2.5-flash-image:generateContent "HTTP/1.1 200 OK"
2026-04-14 21:00:16 | INFO     | generation.api_client | [Gemini] Edit received | id=8a608d33
2026-04-14 21:00:16 | INFO     | curation.curator | Curated → GOLD | 19c42235-frame_000126__ann7__rain_environment__10f6af74.jpg
2026-04-14 21:00:16 | INFO     | curation.curator | Curated → GOLD | 19c42235-frame_000126__ann7__night_scene__855b1ef3.jpg
2026-04-14 21:00:16 | INFO     | curation.curator | Curated → GOLD | 19c42235-frame_000126__ann7__snow_environment__5d8f7774.jpg
2026-04-14 21:00:16 | INFO     | curation.curator | Curated → GOLD | 19c42235-frame_000126__ann7__indoor_wall_texture__cb03e856.jpg
2026-04-14 21:00:16 | INFO     | curation.curator | Curated → GOLD | 19c42235-frame_000126__ann7__foggy_exterior__8a608d33.jpg
2026-04-14 21:00:16 | INFO     | generation.augmenter | Augmenting | ann=8 | prompt=rain_environment | req=35613c0f
2026-04-14 21:00:16 | INFO     | generation.api_client | [Gemini] Requesting edit | id=35613c0f | model=gemini-2.5-flash-image
2026-04-14 21:00:16 | INFO     | generation.augmenter | Augmenting | ann=9 | prompt=rain_environment | req=339722da
2026-04-14 21:00:16 | INFO     | generation.augmenter | Augmenting | ann=10 | prompt=rain_environment | req=efc80cfb
2026-04-14 21:00:16 | INFO     | generation.augmenter | Augmenting | ann=11 | prompt=rain_environment | req=8e7bab9b
2026-04-14 21:00:16 | INFO     | google_genai.models | AFC is enabled with max remote calls: 10.
2026-04-14 21:00:22 | INFO     | generation.api_client | [Gemini] Requesting edit | id=339722da | model=gemini-2.5-flash-image
2026-04-14 21:00:22 | INFO     | google_genai.models | AFC is enabled with max remote calls: 10.
2026-04-14 21:00:23 | INFO     | httpx | HTTP Request: POST https://generativelanguage.googleapis.com/v1beta/models/gemini-2.5-flash-image:generateContent "HTTP/1.1 200 OK"
2026-04-14 21:00:24 | INFO     | generation.api_client | [Gemini] Edit received | id=35613c0f
2026-04-14 21:00:24 | INFO     | generation.augmenter | Augmenting | ann=8 | prompt=night_scene | req=cb55c60a
2026-04-14 21:00:28 | INFO     | generation.api_client | [Gemini] Requesting edit | id=efc80cfb | model=gemini-2.5-flash-image
2026-04-14 21:00:28 | INFO     | google_genai.models | AFC is enabled with max remote calls: 10.
2026-04-14 21:00:30 | INFO     | httpx | HTTP Request: POST https://generativelanguage.googleapis.com/v1beta/models/gemini-2.5-flash-image:generateContent "HTTP/1.1 200 OK"
2026-04-14 21:00:30 | INFO     | generation.api_client | [Gemini] Edit received | id=339722da
2026-04-14 21:00:30 | INFO     | generation.augmenter | Augmenting | ann=9 | prompt=night_scene | req=df5268e1
2026-04-14 21:00:34 | INFO     | generation.api_client | [Gemini] Requesting edit | id=8e7bab9b | model=gemini-2.5-flash-image
2026-04-14 21:00:34 | INFO     | google_genai.models | AFC is enabled with max remote calls: 10.
2026-04-14 21:00:37 | INFO     | httpx | HTTP Request: POST https://generativelanguage.googleapis.com/v1beta/models/gemini-2.5-flash-image:generateContent "HTTP/1.1 200 OK"
2026-04-14 21:00:37 | INFO     | generation.api_client | [Gemini] Edit received | id=efc80cfb
2026-04-14 21:00:37 | INFO     | generation.augmenter | Augmenting | ann=10 | prompt=night_scene | req=6f8358d1
2026-04-14 21:00:40 | INFO     | generation.api_client | [Gemini] Requesting edit | id=cb55c60a | model=gemini-2.5-flash-image
2026-04-14 21:00:40 | INFO     | google_genai.models | AFC is enabled with max remote calls: 10.
2026-04-14 21:00:42 | INFO     | httpx | HTTP Request: POST https://generativelanguage.googleapis.com/v1beta/models/gemini-2.5-flash-image:generateContent "HTTP/1.1 200 OK"
2026-04-14 21:00:42 | INFO     | generation.api_client | [Gemini] Edit received | id=8e7bab9b
2026-04-14 21:00:42 | INFO     | generation.augmenter | Augmenting | ann=11 | prompt=night_scene | req=8c2323f0
2026-04-14 21:00:46 | INFO     | generation.api_client | [Gemini] Requesting edit | id=df5268e1 | model=gemini-2.5-flash-image
2026-04-14 21:00:46 | INFO     | google_genai.models | AFC is enabled with max remote calls: 10.
2026-04-14 21:00:49 | INFO     | httpx | HTTP Request: POST https://generativelanguage.googleapis.com/v1beta/models/gemini-2.5-flash-image:generateContent "HTTP/1.1 200 OK"
2026-04-14 21:00:49 | INFO     | generation.api_client | [Gemini] Edit received | id=cb55c60a
2026-04-14 21:00:49 | INFO     | generation.augmenter | Augmenting | ann=8 | prompt=snow_environment | req=5fb3c815
2026-04-14 21:00:52 | INFO     | generation.api_client | [Gemini] Requesting edit | id=6f8358d1 | model=gemini-2.5-flash-image
2026-04-14 21:00:52 | INFO     | google_genai.models | AFC is enabled with max remote calls: 10.
2026-04-14 21:00:54 | INFO     | httpx | HTTP Request: POST https://generativelanguage.googleapis.com/v1beta/models/gemini-2.5-flash-image:generateContent "HTTP/1.1 200 OK"
2026-04-14 21:00:54 | INFO     | generation.api_client | [Gemini] Edit received | id=df5268e1
2026-04-14 21:00:54 | INFO     | generation.augmenter | Augmenting | ann=9 | prompt=snow_environment | req=ed9c31b9
2026-04-14 21:00:58 | INFO     | generation.api_client | [Gemini] Requesting edit | id=8c2323f0 | model=gemini-2.5-flash-image
2026-04-14 21:00:58 | INFO     | google_genai.models | AFC is enabled with max remote calls: 10.
2026-04-14 21:00:59 | INFO     | httpx | HTTP Request: POST https://generativelanguage.googleapis.com/v1beta/models/gemini-2.5-flash-image:generateContent "HTTP/1.1 200 OK"
2026-04-14 21:01:00 | INFO     | generation.api_client | [Gemini] Edit received | id=6f8358d1
2026-04-14 21:01:00 | INFO     | generation.augmenter | Augmenting | ann=10 | prompt=snow_environment | req=1670dfe1
2026-04-14 21:01:04 | INFO     | generation.api_client | [Gemini] Requesting edit | id=5fb3c815 | model=gemini-2.5-flash-image
2026-04-14 21:01:04 | INFO     | google_genai.models | AFC is enabled with max remote calls: 10.
2026-04-14 21:01:07 | INFO     | httpx | HTTP Request: POST https://generativelanguage.googleapis.com/v1beta/models/gemini-2.5-flash-image:generateContent "HTTP/1.1 200 OK"
2026-04-14 21:01:07 | INFO     | generation.api_client | [Gemini] Edit received | id=8c2323f0
2026-04-14 21:01:07 | INFO     | generation.augmenter | Augmenting | ann=11 | prompt=snow_environment | req=ebf10e4b
2026-04-14 21:01:10 | INFO     | generation.api_client | [Gemini] Requesting edit | id=ed9c31b9 | model=gemini-2.5-flash-image
2026-04-14 21:01:10 | INFO     | google_genai.models | AFC is enabled with max remote calls: 10.
2026-04-14 21:01:16 | INFO     | httpx | HTTP Request: POST https://generativelanguage.googleapis.com/v1beta/models/gemini-2.5-flash-image:generateContent "HTTP/1.1 200 OK"
2026-04-14 21:01:16 | INFO     | generation.api_client | [Gemini] Edit received | id=5fb3c815
2026-04-14 21:01:16 | INFO     | generation.augmenter | Augmenting | ann=8 | prompt=indoor_wall_texture | req=c71b59e7
2026-04-14 21:01:16 | INFO     | generation.api_client | [Gemini] Requesting edit | id=1670dfe1 | model=gemini-2.5-flash-image
2026-04-14 21:01:16 | INFO     | google_genai.models | AFC is enabled with max remote calls: 10.
2026-04-14 21:01:18 | INFO     | httpx | HTTP Request: POST https://generativelanguage.googleapis.com/v1beta/models/gemini-2.5-flash-image:generateContent "HTTP/1.1 200 OK"
2026-04-14 21:01:18 | INFO     | generation.api_client | [Gemini] Edit received | id=ed9c31b9
2026-04-14 21:01:18 | INFO     | generation.augmenter | Augmenting | ann=9 | prompt=indoor_wall_texture | req=d2024160
2026-04-14 21:01:22 | INFO     | generation.api_client | [Gemini] Requesting edit | id=ebf10e4b | model=gemini-2.5-flash-image
2026-04-14 21:01:22 | INFO     | google_genai.models | AFC is enabled with max remote calls: 10.
2026-04-14 21:01:23 | INFO     | httpx | HTTP Request: POST https://generativelanguage.googleapis.com/v1beta/models/gemini-2.5-flash-image:generateContent "HTTP/1.1 200 OK"
2026-04-14 21:01:23 | INFO     | generation.api_client | [Gemini] Edit received | id=1670dfe1
2026-04-14 21:01:23 | INFO     | generation.augmenter | Augmenting | ann=10 | prompt=indoor_wall_texture | req=70134e6f
2026-04-14 21:01:28 | INFO     | generation.api_client | [Gemini] Requesting edit | id=c71b59e7 | model=gemini-2.5-flash-image
2026-04-14 21:01:28 | INFO     | google_genai.models | AFC is enabled with max remote calls: 10.
2026-04-14 21:01:29 | INFO     | httpx | HTTP Request: POST https://generativelanguage.googleapis.com/v1beta/models/gemini-2.5-flash-image:generateContent "HTTP/1.1 200 OK"
2026-04-14 21:01:29 | INFO     | generation.api_client | [Gemini] Edit received | id=ebf10e4b
2026-04-14 21:01:29 | INFO     | generation.augmenter | Augmenting | ann=11 | prompt=indoor_wall_texture | req=24a404ea
2026-04-14 21:01:34 | INFO     | generation.api_client | [Gemini] Requesting edit | id=d2024160 | model=gemini-2.5-flash-image
2026-04-14 21:01:34 | INFO     | google_genai.models | AFC is enabled with max remote calls: 10.
2026-04-14 21:01:35 | INFO     | httpx | HTTP Request: POST https://generativelanguage.googleapis.com/v1beta/models/gemini-2.5-flash-image:generateContent "HTTP/1.1 200 OK"
2026-04-14 21:01:35 | INFO     | generation.api_client | [Gemini] Edit received | id=c71b59e7
2026-04-14 21:01:35 | INFO     | generation.augmenter | Augmenting | ann=8 | prompt=foggy_exterior | req=460d00d4
2026-04-14 21:01:40 | INFO     | generation.api_client | [Gemini] Requesting edit | id=70134e6f | model=gemini-2.5-flash-image
2026-04-14 21:01:40 | INFO     | google_genai.models | AFC is enabled with max remote calls: 10.
2026-04-14 21:01:40 | INFO     | httpx | HTTP Request: POST https://generativelanguage.googleapis.com/v1beta/models/gemini-2.5-flash-image:generateContent "HTTP/1.1 200 OK"
2026-04-14 21:01:41 | INFO     | generation.api_client | [Gemini] Edit received | id=d2024160
2026-04-14 21:01:41 | INFO     | generation.augmenter | Augmenting | ann=9 | prompt=foggy_exterior | req=db89502a
2026-04-14 21:01:46 | INFO     | generation.api_client | [Gemini] Requesting edit | id=24a404ea | model=gemini-2.5-flash-image
2026-04-14 21:01:46 | INFO     | google_genai.models | AFC is enabled with max remote calls: 10.
2026-04-14 21:01:49 | INFO     | httpx | HTTP Request: POST https://generativelanguage.googleapis.com/v1beta/models/gemini-2.5-flash-image:generateContent "HTTP/1.1 200 OK"
2026-04-14 21:01:50 | INFO     | generation.api_client | [Gemini] Edit received | id=70134e6f
2026-04-14 21:01:50 | INFO     | generation.augmenter | Augmenting | ann=10 | prompt=foggy_exterior | req=b935f763
2026-04-14 21:01:52 | INFO     | generation.api_client | [Gemini] Requesting edit | id=460d00d4 | model=gemini-2.5-flash-image
2026-04-14 21:01:52 | INFO     | google_genai.models | AFC is enabled with max remote calls: 10.
2026-04-14 21:01:58 | INFO     | generation.api_client | [Gemini] Requesting edit | id=db89502a | model=gemini-2.5-flash-image
2026-04-14 21:01:58 | INFO     | google_genai.models | AFC is enabled with max remote calls: 10.
2026-04-14 21:02:00 | INFO     | httpx | HTTP Request: POST https://generativelanguage.googleapis.com/v1beta/models/gemini-2.5-flash-image:generateContent "HTTP/1.1 200 OK"
2026-04-14 21:02:00 | INFO     | generation.api_client | [Gemini] Edit received | id=460d00d4
2026-04-14 21:02:00 | INFO     | curation.curator | Curated → GOLD | aa8065dd-frame_000139__ann8__rain_environment__35613c0f.jpg
2026-04-14 21:02:00 | INFO     | curation.curator | Curated → GOLD | aa8065dd-frame_000139__ann8__night_scene__cb55c60a.jpg
2026-04-14 21:02:00 | INFO     | curation.curator | Curated → GOLD | aa8065dd-frame_000139__ann8__snow_environment__5fb3c815.jpg
2026-04-14 21:02:00 | INFO     | curation.curator | Curated → GOLD | aa8065dd-frame_000139__ann8__indoor_wall_texture__c71b59e7.jpg
2026-04-14 21:02:00 | INFO     | curation.curator | Curated → GOLD | aa8065dd-frame_000139__ann8__foggy_exterior__460d00d4.jpg
2026-04-14 21:02:00 | INFO     | generation.augmenter | Augmenting | ann=12 | prompt=rain_environment | req=c273911a
2026-04-14 21:02:02 | INFO     | httpx | HTTP Request: POST https://generativelanguage.googleapis.com/v1beta/models/gemini-2.5-flash-image:generateContent "HTTP/1.1 200 OK"
2026-04-14 21:02:02 | INFO     | generation.api_client | [Gemini] Edit received | id=24a404ea
2026-04-14 21:02:02 | INFO     | generation.augmenter | Augmenting | ann=11 | prompt=foggy_exterior | req=e73b94f7
2026-04-14 21:02:04 | INFO     | generation.api_client | [Gemini] Requesting edit | id=b935f763 | model=gemini-2.5-flash-image
2026-04-14 21:02:04 | INFO     | google_genai.models | AFC is enabled with max remote calls: 10.
2026-04-14 21:02:07 | INFO     | httpx | HTTP Request: POST https://generativelanguage.googleapis.com/v1beta/models/gemini-2.5-flash-image:generateContent "HTTP/1.1 200 OK"
2026-04-14 21:02:07 | INFO     | generation.api_client | [Gemini] Edit received | id=db89502a
2026-04-14 21:02:07 | INFO     | curation.curator | Curated → GOLD | aa8065dd-frame_000139__ann9__rain_environment__339722da.jpg
2026-04-14 21:02:07 | INFO     | curation.curator | Curated → DISCARDED | aa8065dd-frame_000139__ann9__night_scene__df5268e1.jpg
2026-04-14 21:02:07 | INFO     | curation.curator | Curated → DISCARDED | aa8065dd-frame_000139__ann9__snow_environment__ed9c31b9.jpg
2026-04-14 21:02:07 | INFO     | curation.curator | Curated → GOLD | aa8065dd-frame_000139__ann9__indoor_wall_texture__d2024160.jpg
2026-04-14 21:02:07 | INFO     | curation.curator | Curated → GOLD | aa8065dd-frame_000139__ann9__foggy_exterior__db89502a.jpg
2026-04-14 21:02:07 | INFO     | generation.augmenter | Augmenting | ann=13 | prompt=rain_environment | req=204c1071
2026-04-14 21:02:10 | INFO     | generation.api_client | [Gemini] Requesting edit | id=c273911a | model=gemini-2.5-flash-image
2026-04-14 21:02:10 | INFO     | google_genai.models | AFC is enabled with max remote calls: 10.
2026-04-14 21:02:11 | INFO     | httpx | HTTP Request: POST https://generativelanguage.googleapis.com/v1beta/models/gemini-2.5-flash-image:generateContent "HTTP/1.1 200 OK"
2026-04-14 21:02:12 | INFO     | generation.api_client | [Gemini] Edit received | id=b935f763
2026-04-14 21:02:12 | INFO     | curation.curator | Curated → GOLD | aa8065dd-frame_000139__ann10__rain_environment__efc80cfb.jpg
2026-04-14 21:02:12 | INFO     | curation.curator | Curated → DISCARDED | aa8065dd-frame_000139__ann10__night_scene__6f8358d1.jpg
2026-04-14 21:02:12 | INFO     | curation.curator | Curated → DISCARDED | aa8065dd-frame_000139__ann10__snow_environment__1670dfe1.jpg
2026-04-14 21:02:12 | INFO     | curation.curator | Curated → GOLD | aa8065dd-frame_000139__ann10__indoor_wall_texture__70134e6f.jpg
2026-04-14 21:02:12 | INFO     | curation.curator | Curated → DISCARDED | aa8065dd-frame_000139__ann10__foggy_exterior__b935f763.jpg
2026-04-14 21:02:12 | INFO     | generation.augmenter | Augmenting | ann=14 | prompt=rain_environment | req=13b10c74
2026-04-14 21:02:16 | INFO     | generation.api_client | [Gemini] Requesting edit | id=e73b94f7 | model=gemini-2.5-flash-image
2026-04-14 21:02:16 | INFO     | google_genai.models | AFC is enabled with max remote calls: 10.
2026-04-14 21:02:19 | INFO     | httpx | HTTP Request: POST https://generativelanguage.googleapis.com/v1beta/models/gemini-2.5-flash-image:generateContent "HTTP/1.1 200 OK"
2026-04-14 21:02:19 | INFO     | generation.api_client | [Gemini] Edit received | id=c273911a
2026-04-14 21:02:19 | INFO     | generation.augmenter | Augmenting | ann=12 | prompt=night_scene | req=c273c8c8
2026-04-14 21:02:22 | INFO     | generation.api_client | [Gemini] Requesting edit | id=204c1071 | model=gemini-2.5-flash-image
2026-04-14 21:02:22 | INFO     | google_genai.models | AFC is enabled with max remote calls: 10.
2026-04-14 21:02:23 | INFO     | httpx | HTTP Request: POST https://generativelanguage.googleapis.com/v1beta/models/gemini-2.5-flash-image:generateContent "HTTP/1.1 200 OK"
2026-04-14 21:02:23 | INFO     | generation.api_client | [Gemini] Edit received | id=e73b94f7
2026-04-14 21:02:23 | INFO     | curation.curator | Curated → GOLD | edca6cf8-frame_000148__ann11__rain_environment__8e7bab9b.jpg
2026-04-14 21:02:23 | INFO     | curation.curator | Curated → GOLD | edca6cf8-frame_000148__ann11__night_scene__8c2323f0.jpg
2026-04-14 21:02:23 | INFO     | curation.curator | Curated → GOLD | edca6cf8-frame_000148__ann11__snow_environment__ebf10e4b.jpg
2026-04-14 21:02:23 | INFO     | curation.curator | Curated → GOLD | edca6cf8-frame_000148__ann11__indoor_wall_texture__24a404ea.jpg
2026-04-14 21:02:24 | INFO     | curation.curator | Curated → GOLD | edca6cf8-frame_000148__ann11__foggy_exterior__e73b94f7.jpg
2026-04-14 21:02:24 | INFO     | generation.augmenter | Augmenting | ann=15 | prompt=rain_environment | req=f39fbbd6
2026-04-14 21:02:28 | INFO     | generation.api_client | [Gemini] Requesting edit | id=13b10c74 | model=gemini-2.5-flash-image
2026-04-14 21:02:28 | INFO     | google_genai.models | AFC is enabled with max remote calls: 10.
2026-04-14 21:02:29 | INFO     | httpx | HTTP Request: POST https://generativelanguage.googleapis.com/v1beta/models/gemini-2.5-flash-image:generateContent "HTTP/1.1 200 OK"
2026-04-14 21:02:30 | INFO     | generation.api_client | [Gemini] Edit received | id=204c1071
2026-04-14 21:02:30 | INFO     | generation.augmenter | Augmenting | ann=13 | prompt=night_scene | req=4a8064e1
2026-04-14 21:02:34 | INFO     | generation.api_client | [Gemini] Requesting edit | id=c273c8c8 | model=gemini-2.5-flash-image
2026-04-14 21:02:34 | INFO     | google_genai.models | AFC is enabled with max remote calls: 10.
2026-04-14 21:02:35 | INFO     | httpx | HTTP Request: POST https://generativelanguage.googleapis.com/v1beta/models/gemini-2.5-flash-image:generateContent "HTTP/1.1 200 OK"
2026-04-14 21:02:36 | INFO     | generation.api_client | [Gemini] Edit received | id=13b10c74
2026-04-14 21:02:36 | INFO     | generation.augmenter | Augmenting | ann=14 | prompt=night_scene | req=3cd6c7dc
2026-04-14 21:02:40 | INFO     | generation.api_client | [Gemini] Requesting edit | id=f39fbbd6 | model=gemini-2.5-flash-image
2026-04-14 21:02:40 | INFO     | google_genai.models | AFC is enabled with max remote calls: 10.
2026-04-14 21:02:44 | INFO     | httpx | HTTP Request: POST https://generativelanguage.googleapis.com/v1beta/models/gemini-2.5-flash-image:generateContent "HTTP/1.1 200 OK"
2026-04-14 21:02:45 | INFO     | generation.api_client | [Gemini] Edit received | id=c273c8c8
2026-04-14 21:02:45 | INFO     | generation.augmenter | Augmenting | ann=12 | prompt=snow_environment | req=70891407
2026-04-14 21:02:46 | INFO     | generation.api_client | [Gemini] Requesting edit | id=4a8064e1 | model=gemini-2.5-flash-image
2026-04-14 21:02:46 | INFO     | google_genai.models | AFC is enabled with max remote calls: 10.
2026-04-14 21:02:47 | INFO     | httpx | HTTP Request: POST https://generativelanguage.googleapis.com/v1beta/models/gemini-2.5-flash-image:generateContent "HTTP/1.1 200 OK"
2026-04-14 21:02:48 | INFO     | generation.api_client | [Gemini] Edit received | id=f39fbbd6
2026-04-14 21:02:48 | INFO     | generation.augmenter | Augmenting | ann=15 | prompt=night_scene | req=f8df906e
2026-04-14 21:02:52 | INFO     | generation.api_client | [Gemini] Requesting edit | id=3cd6c7dc | model=gemini-2.5-flash-image
2026-04-14 21:02:52 | INFO     | google_genai.models | AFC is enabled with max remote calls: 10.
2026-04-14 21:02:53 | INFO     | httpx | HTTP Request: POST https://generativelanguage.googleapis.com/v1beta/models/gemini-2.5-flash-image:generateContent "HTTP/1.1 200 OK"
2026-04-14 21:02:54 | INFO     | generation.api_client | [Gemini] Edit received | id=4a8064e1
2026-04-14 21:02:54 | INFO     | generation.augmenter | Augmenting | ann=13 | prompt=snow_environment | req=99ca5db0
2026-04-14 21:02:58 | INFO     | generation.api_client | [Gemini] Requesting edit | id=70891407 | model=gemini-2.5-flash-image
2026-04-14 21:02:58 | INFO     | google_genai.models | AFC is enabled with max remote calls: 10.
2026-04-14 21:02:59 | INFO     | httpx | HTTP Request: POST https://generativelanguage.googleapis.com/v1beta/models/gemini-2.5-flash-image:generateContent "HTTP/1.1 200 OK"
2026-04-14 21:03:00 | INFO     | generation.api_client | [Gemini] Edit received | id=3cd6c7dc
2026-04-14 21:03:00 | INFO     | generation.augmenter | Augmenting | ann=14 | prompt=snow_environment | req=e6fd71d5
2026-04-14 21:03:04 | INFO     | generation.api_client | [Gemini] Requesting edit | id=f8df906e | model=gemini-2.5-flash-image
2026-04-14 21:03:04 | INFO     | google_genai.models | AFC is enabled with max remote calls: 10.
2026-04-14 21:03:05 | INFO     | httpx | HTTP Request: POST https://generativelanguage.googleapis.com/v1beta/models/gemini-2.5-flash-image:generateContent "HTTP/1.1 200 OK"
2026-04-14 21:03:05 | INFO     | generation.api_client | [Gemini] Edit received | id=70891407
2026-04-14 21:03:05 | INFO     | generation.augmenter | Augmenting | ann=12 | prompt=indoor_wall_texture | req=31aeb82a
2026-04-14 21:03:10 | INFO     | generation.api_client | [Gemini] Requesting edit | id=99ca5db0 | model=gemini-2.5-flash-image
2026-04-14 21:03:10 | INFO     | google_genai.models | AFC is enabled with max remote calls: 10.
2026-04-14 21:03:11 | INFO     | httpx | HTTP Request: POST https://generativelanguage.googleapis.com/v1beta/models/gemini-2.5-flash-image:generateContent "HTTP/1.1 200 OK"
2026-04-14 21:03:11 | INFO     | generation.api_client | [Gemini] Edit received | id=f8df906e
2026-04-14 21:03:11 | INFO     | generation.augmenter | Augmenting | ann=15 | prompt=snow_environment | req=1631589a
2026-04-14 21:03:16 | INFO     | generation.api_client | [Gemini] Requesting edit | id=e6fd71d5 | model=gemini-2.5-flash-image
2026-04-14 21:03:16 | INFO     | google_genai.models | AFC is enabled with max remote calls: 10.
2026-04-14 21:03:17 | INFO     | httpx | HTTP Request: POST https://generativelanguage.googleapis.com/v1beta/models/gemini-2.5-flash-image:generateContent "HTTP/1.1 200 OK"
2026-04-14 21:03:17 | INFO     | generation.api_client | [Gemini] Edit received | id=99ca5db0
2026-04-14 21:03:18 | INFO     | generation.augmenter | Augmenting | ann=13 | prompt=indoor_wall_texture | req=34685592
2026-04-14 21:03:22 | INFO     | generation.api_client | [Gemini] Requesting edit | id=31aeb82a | model=gemini-2.5-flash-image
2026-04-14 21:03:22 | INFO     | google_genai.models | AFC is enabled with max remote calls: 10.
2026-04-14 21:03:23 | INFO     | httpx | HTTP Request: POST https://generativelanguage.googleapis.com/v1beta/models/gemini-2.5-flash-image:generateContent "HTTP/1.1 200 OK"
2026-04-14 21:03:24 | INFO     | generation.api_client | [Gemini] Edit received | id=e6fd71d5
2026-04-14 21:03:24 | INFO     | generation.augmenter | Augmenting | ann=14 | prompt=indoor_wall_texture | req=7d28361e
2026-04-14 21:03:28 | INFO     | generation.api_client | [Gemini] Requesting edit | id=1631589a | model=gemini-2.5-flash-image
2026-04-14 21:03:28 | INFO     | google_genai.models | AFC is enabled with max remote calls: 10.
2026-04-14 21:03:29 | INFO     | httpx | HTTP Request: POST https://generativelanguage.googleapis.com/v1beta/models/gemini-2.5-flash-image:generateContent "HTTP/1.1 200 OK"
2026-04-14 21:03:30 | INFO     | generation.api_client | [Gemini] Edit received | id=31aeb82a
2026-04-14 21:03:30 | INFO     | generation.augmenter | Augmenting | ann=12 | prompt=foggy_exterior | req=62cbeadc
2026-04-14 21:03:34 | INFO     | generation.api_client | [Gemini] Requesting edit | id=34685592 | model=gemini-2.5-flash-image
2026-04-14 21:03:34 | INFO     | google_genai.models | AFC is enabled with max remote calls: 10.
2026-04-14 21:03:35 | INFO     | httpx | HTTP Request: POST https://generativelanguage.googleapis.com/v1beta/models/gemini-2.5-flash-image:generateContent "HTTP/1.1 200 OK"
2026-04-14 21:03:36 | INFO     | generation.api_client | [Gemini] Edit received | id=1631589a
2026-04-14 21:03:36 | INFO     | generation.augmenter | Augmenting | ann=15 | prompt=indoor_wall_texture | req=10c59775
2026-04-14 21:03:40 | INFO     | generation.api_client | [Gemini] Requesting edit | id=7d28361e | model=gemini-2.5-flash-image
2026-04-14 21:03:40 | INFO     | google_genai.models | AFC is enabled with max remote calls: 10.
2026-04-14 21:03:41 | INFO     | httpx | HTTP Request: POST https://generativelanguage.googleapis.com/v1beta/models/gemini-2.5-flash-image:generateContent "HTTP/1.1 200 OK"
2026-04-14 21:03:41 | INFO     | generation.api_client | [Gemini] Edit received | id=34685592
2026-04-14 21:03:41 | INFO     | generation.augmenter | Augmenting | ann=13 | prompt=foggy_exterior | req=0c3d0baf
2026-04-14 21:03:46 | INFO     | generation.api_client | [Gemini] Requesting edit | id=62cbeadc | model=gemini-2.5-flash-image
2026-04-14 21:03:46 | INFO     | google_genai.models | AFC is enabled with max remote calls: 10.
2026-04-14 21:03:47 | INFO     | httpx | HTTP Request: POST https://generativelanguage.googleapis.com/v1beta/models/gemini-2.5-flash-image:generateContent "HTTP/1.1 200 OK"
2026-04-14 21:03:47 | INFO     | generation.api_client | [Gemini] Edit received | id=7d28361e
2026-04-14 21:03:47 | INFO     | generation.augmenter | Augmenting | ann=14 | prompt=foggy_exterior | req=d9adfcdb
2026-04-14 21:03:52 | INFO     | generation.api_client | [Gemini] Requesting edit | id=10c59775 | model=gemini-2.5-flash-image
2026-04-14 21:03:52 | INFO     | google_genai.models | AFC is enabled with max remote calls: 10.
2026-04-14 21:03:53 | INFO     | httpx | HTTP Request: POST https://generativelanguage.googleapis.com/v1beta/models/gemini-2.5-flash-image:generateContent "HTTP/1.1 200 OK"
2026-04-14 21:03:53 | INFO     | generation.api_client | [Gemini] Edit received | id=62cbeadc
2026-04-14 21:03:54 | INFO     | curation.curator | Curated → GOLD | edca6cf8-frame_000148__ann12__rain_environment__c273911a.jpg
2026-04-14 21:03:54 | INFO     | curation.curator | Curated → GOLD | edca6cf8-frame_000148__ann12__night_scene__c273c8c8.jpg
2026-04-14 21:03:54 | INFO     | curation.curator | Curated → GOLD | edca6cf8-frame_000148__ann12__snow_environment__70891407.jpg
2026-04-14 21:03:54 | INFO     | curation.curator | Curated → GOLD | edca6cf8-frame_000148__ann12__indoor_wall_texture__31aeb82a.jpg
2026-04-14 21:03:54 | INFO     | curation.curator | Curated → DISCARDED | edca6cf8-frame_000148__ann12__foggy_exterior__62cbeadc.jpg
2026-04-14 21:03:58 | INFO     | generation.api_client | [Gemini] Requesting edit | id=0c3d0baf | model=gemini-2.5-flash-image
2026-04-14 21:03:58 | INFO     | google_genai.models | AFC is enabled with max remote calls: 10.
2026-04-14 21:04:04 | INFO     | generation.api_client | [Gemini] Requesting edit | id=d9adfcdb | model=gemini-2.5-flash-image
2026-04-14 21:04:04 | INFO     | google_genai.models | AFC is enabled with max remote calls: 10.
2026-04-14 21:04:05 | INFO     | httpx | HTTP Request: POST https://generativelanguage.googleapis.com/v1beta/models/gemini-2.5-flash-image:generateContent "HTTP/1.1 200 OK"
2026-04-14 21:04:05 | INFO     | generation.api_client | [Gemini] Edit received | id=0c3d0baf
2026-04-14 21:04:05 | INFO     | curation.curator | Curated → DISCARDED | edca6cf8-frame_000148__ann13__rain_environment__204c1071.jpg
2026-04-14 21:04:06 | INFO     | curation.curator | Curated → DISCARDED | edca6cf8-frame_000148__ann13__night_scene__4a8064e1.jpg
2026-04-14 21:04:06 | INFO     | curation.curator | Curated → DISCARDED | edca6cf8-frame_000148__ann13__snow_environment__99ca5db0.jpg
2026-04-14 21:04:06 | INFO     | curation.curator | Curated → DISCARDED | edca6cf8-frame_000148__ann13__indoor_wall_texture__34685592.jpg
2026-04-14 21:04:06 | INFO     | curation.curator | Curated → DISCARDED | edca6cf8-frame_000148__ann13__foggy_exterior__0c3d0baf.jpg
2026-04-14 21:04:12 | INFO     | httpx | HTTP Request: POST https://generativelanguage.googleapis.com/v1beta/models/gemini-2.5-flash-image:generateContent "HTTP/1.1 200 OK"
2026-04-14 21:04:12 | INFO     | generation.api_client | [Gemini] Edit received | id=d9adfcdb
2026-04-14 21:04:12 | INFO     | curation.curator | Curated → GOLD | 611f0c91-frame_000152__ann14__rain_environment__13b10c74.jpg
2026-04-14 21:04:12 | INFO     | curation.curator | Curated → GOLD | 611f0c91-frame_000152__ann14__night_scene__3cd6c7dc.jpg
2026-04-14 21:04:12 | INFO     | curation.curator | Curated → GOLD | 611f0c91-frame_000152__ann14__snow_environment__e6fd71d5.jpg
2026-04-14 21:04:12 | INFO     | curation.curator | Curated → GOLD | 611f0c91-frame_000152__ann14__indoor_wall_texture__7d28361e.jpg
2026-04-14 21:04:12 | INFO     | curation.curator | Curated → GOLD | 611f0c91-frame_000152__ann14__foggy_exterior__d9adfcdb.jpg
2026-04-14 21:04:42 | INFO     | httpx | HTTP Request: POST https://generativelanguage.googleapis.com/v1beta/models/gemini-2.5-flash-image:generateContent "HTTP/1.1 200 OK"
2026-04-14 21:04:42 | INFO     | generation.api_client | [Gemini] Edit received | id=10c59775
2026-04-14 21:04:42 | INFO     | generation.augmenter | Augmenting | ann=15 | prompt=foggy_exterior | req=491aa2bb
2026-04-14 21:04:42 | INFO     | generation.api_client | [Gemini] Requesting edit | id=491aa2bb | model=gemini-2.5-flash-image
2026-04-14 21:04:42 | INFO     | google_genai.models | AFC is enabled with max remote calls: 10.
2026-04-14 21:04:50 | INFO     | httpx | HTTP Request: POST https://generativelanguage.googleapis.com/v1beta/models/gemini-2.5-flash-image:generateContent "HTTP/1.1 200 OK"
2026-04-14 21:04:50 | INFO     | generation.api_client | [Gemini] Edit received | id=491aa2bb
2026-04-14 21:04:50 | INFO     | curation.curator | Curated → GOLD | 611f0c91-frame_000152__ann15__rain_environment__f39fbbd6.jpg
2026-04-14 21:04:50 | INFO     | curation.curator | Curated → GOLD | 611f0c91-frame_000152__ann15__night_scene__f8df906e.jpg
2026-04-14 21:04:50 | INFO     | curation.curator | Curated → DISCARDED | 611f0c91-frame_000152__ann15__snow_environment__1631589a.jpg
2026-04-14 21:04:50 | INFO     | curation.curator | Curated → GOLD | 611f0c91-frame_000152__ann15__indoor_wall_texture__10c59775.jpg
2026-04-14 21:04:50 | INFO     | curation.curator | Curated → DISCARDED | 611f0c91-frame_000152__ann15__foggy_exterior__491aa2bb.jpg
2026-04-14 21:04:50 | INFO     | generation.augmenter | Augmenting | ann=16 | prompt=rain_environment | req=4483890e
2026-04-14 21:04:50 | INFO     | generation.api_client | [Gemini] Requesting edit | id=4483890e | model=gemini-2.5-flash-image
2026-04-14 21:04:50 | INFO     | generation.augmenter | Augmenting | ann=17 | prompt=rain_environment | req=936d6950
2026-04-14 21:04:50 | INFO     | generation.augmenter | Augmenting | ann=18 | prompt=rain_environment | req=5a065bc2
2026-04-14 21:04:50 | INFO     | generation.augmenter | Augmenting | ann=19 | prompt=rain_environment | req=9c92af1c
2026-04-14 21:04:50 | INFO     | google_genai.models | AFC is enabled with max remote calls: 10.
2026-04-14 21:04:56 | INFO     | generation.api_client | [Gemini] Requesting edit | id=936d6950 | model=gemini-2.5-flash-image
2026-04-14 21:04:56 | INFO     | google_genai.models | AFC is enabled with max remote calls: 10.
2026-04-14 21:04:57 | INFO     | httpx | HTTP Request: POST https://generativelanguage.googleapis.com/v1beta/models/gemini-2.5-flash-image:generateContent "HTTP/1.1 200 OK"
2026-04-14 21:04:58 | INFO     | generation.api_client | [Gemini] Edit received | id=4483890e
2026-04-14 21:04:58 | INFO     | generation.augmenter | Augmenting | ann=16 | prompt=night_scene | req=54a694ef
2026-04-14 21:05:02 | INFO     | generation.api_client | [Gemini] Requesting edit | id=5a065bc2 | model=gemini-2.5-flash-image
2026-04-14 21:05:02 | INFO     | google_genai.models | AFC is enabled with max remote calls: 10.
2026-04-14 21:05:04 | INFO     | httpx | HTTP Request: POST https://generativelanguage.googleapis.com/v1beta/models/gemini-2.5-flash-image:generateContent "HTTP/1.1 200 OK"
2026-04-14 21:05:04 | INFO     | generation.api_client | [Gemini] Edit received | id=936d6950
2026-04-14 21:05:04 | INFO     | generation.augmenter | Augmenting | ann=17 | prompt=night_scene | req=26d43d91
2026-04-14 21:05:08 | INFO     | generation.api_client | [Gemini] Requesting edit | id=9c92af1c | model=gemini-2.5-flash-image
2026-04-14 21:05:08 | INFO     | google_genai.models | AFC is enabled with max remote calls: 10.
2026-04-14 21:05:10 | INFO     | httpx | HTTP Request: POST https://generativelanguage.googleapis.com/v1beta/models/gemini-2.5-flash-image:generateContent "HTTP/1.1 200 OK"
2026-04-14 21:05:10 | INFO     | generation.api_client | [Gemini] Edit received | id=5a065bc2
2026-04-14 21:05:10 | INFO     | generation.augmenter | Augmenting | ann=18 | prompt=night_scene | req=2dc54d6c
2026-04-14 21:05:14 | INFO     | generation.api_client | [Gemini] Requesting edit | id=54a694ef | model=gemini-2.5-flash-image
2026-04-14 21:05:14 | INFO     | google_genai.models | AFC is enabled with max remote calls: 10.
2026-04-14 21:05:16 | INFO     | httpx | HTTP Request: POST https://generativelanguage.googleapis.com/v1beta/models/gemini-2.5-flash-image:generateContent "HTTP/1.1 200 OK"
2026-04-14 21:05:16 | INFO     | generation.api_client | [Gemini] Edit received | id=9c92af1c
2026-04-14 21:05:16 | INFO     | generation.augmenter | Augmenting | ann=19 | prompt=night_scene | req=55eed5fa
2026-04-14 21:05:20 | INFO     | generation.api_client | [Gemini] Requesting edit | id=26d43d91 | model=gemini-2.5-flash-image
2026-04-14 21:05:20 | INFO     | google_genai.models | AFC is enabled with max remote calls: 10.
2026-04-14 21:05:21 | INFO     | httpx | HTTP Request: POST https://generativelanguage.googleapis.com/v1beta/models/gemini-2.5-flash-image:generateContent "HTTP/1.1 200 OK"
2026-04-14 21:05:22 | INFO     | generation.api_client | [Gemini] Edit received | id=54a694ef
2026-04-14 21:05:22 | INFO     | generation.augmenter | Augmenting | ann=16 | prompt=snow_environment | req=49337a0c
2026-04-14 21:05:26 | INFO     | generation.api_client | [Gemini] Requesting edit | id=2dc54d6c | model=gemini-2.5-flash-image
2026-04-14 21:05:26 | INFO     | google_genai.models | AFC is enabled with max remote calls: 10.
2026-04-14 21:05:28 | INFO     | httpx | HTTP Request: POST https://generativelanguage.googleapis.com/v1beta/models/gemini-2.5-flash-image:generateContent "HTTP/1.1 200 OK"
2026-04-14 21:05:28 | INFO     | generation.api_client | [Gemini] Edit received | id=26d43d91
2026-04-14 21:05:28 | INFO     | generation.augmenter | Augmenting | ann=17 | prompt=snow_environment | req=1ede33ba
2026-04-14 21:05:32 | INFO     | generation.api_client | [Gemini] Requesting edit | id=55eed5fa | model=gemini-2.5-flash-image
2026-04-14 21:05:32 | INFO     | google_genai.models | AFC is enabled with max remote calls: 10.
2026-04-14 21:05:34 | INFO     | httpx | HTTP Request: POST https://generativelanguage.googleapis.com/v1beta/models/gemini-2.5-flash-image:generateContent "HTTP/1.1 200 OK"
2026-04-14 21:05:34 | INFO     | generation.api_client | [Gemini] Edit received | id=2dc54d6c
2026-04-14 21:05:34 | INFO     | generation.augmenter | Augmenting | ann=18 | prompt=snow_environment | req=f35a43bc
2026-04-14 21:05:38 | INFO     | generation.api_client | [Gemini] Requesting edit | id=49337a0c | model=gemini-2.5-flash-image
2026-04-14 21:05:38 | INFO     | google_genai.models | AFC is enabled with max remote calls: 10.
2026-04-14 21:05:39 | INFO     | httpx | HTTP Request: POST https://generativelanguage.googleapis.com/v1beta/models/gemini-2.5-flash-image:generateContent "HTTP/1.1 200 OK"
2026-04-14 21:05:40 | INFO     | generation.api_client | [Gemini] Edit received | id=55eed5fa
2026-04-14 21:05:40 | INFO     | generation.augmenter | Augmenting | ann=19 | prompt=snow_environment | req=90090cd1
2026-04-14 21:05:44 | INFO     | generation.api_client | [Gemini] Requesting edit | id=1ede33ba | model=gemini-2.5-flash-image
2026-04-14 21:05:44 | INFO     | google_genai.models | AFC is enabled with max remote calls: 10.
2026-04-14 21:05:48 | INFO     | httpx | HTTP Request: POST https://generativelanguage.googleapis.com/v1beta/models/gemini-2.5-flash-image:generateContent "HTTP/1.1 200 OK"
2026-04-14 21:05:48 | INFO     | generation.api_client | [Gemini] Edit received | id=49337a0c
2026-04-14 21:05:48 | INFO     | generation.augmenter | Augmenting | ann=16 | prompt=indoor_wall_texture | req=68e6d9e6
2026-04-14 21:05:50 | INFO     | generation.api_client | [Gemini] Requesting edit | id=f35a43bc | model=gemini-2.5-flash-image
2026-04-14 21:05:50 | INFO     | google_genai.models | AFC is enabled with max remote calls: 10.
2026-04-14 21:05:51 | INFO     | httpx | HTTP Request: POST https://generativelanguage.googleapis.com/v1beta/models/gemini-2.5-flash-image:generateContent "HTTP/1.1 200 OK"
2026-04-14 21:05:52 | INFO     | generation.api_client | [Gemini] Edit received | id=1ede33ba
2026-04-14 21:05:52 | INFO     | generation.augmenter | Augmenting | ann=17 | prompt=indoor_wall_texture | req=930e3ed7
2026-04-14 21:05:56 | INFO     | generation.api_client | [Gemini] Requesting edit | id=90090cd1 | model=gemini-2.5-flash-image
2026-04-14 21:05:56 | INFO     | google_genai.models | AFC is enabled with max remote calls: 10.
2026-04-14 21:05:57 | INFO     | httpx | HTTP Request: POST https://generativelanguage.googleapis.com/v1beta/models/gemini-2.5-flash-image:generateContent "HTTP/1.1 200 OK"
2026-04-14 21:05:58 | INFO     | generation.api_client | [Gemini] Edit received | id=f35a43bc
2026-04-14 21:05:58 | INFO     | generation.augmenter | Augmenting | ann=18 | prompt=indoor_wall_texture | req=136bc72d
2026-04-14 21:06:02 | INFO     | generation.api_client | [Gemini] Requesting edit | id=68e6d9e6 | model=gemini-2.5-flash-image
2026-04-14 21:06:02 | INFO     | google_genai.models | AFC is enabled with max remote calls: 10.
2026-04-14 21:06:06 | INFO     | httpx | HTTP Request: POST https://generativelanguage.googleapis.com/v1beta/models/gemini-2.5-flash-image:generateContent "HTTP/1.1 200 OK"
2026-04-14 21:06:06 | INFO     | generation.api_client | [Gemini] Edit received | id=90090cd1
2026-04-14 21:06:06 | INFO     | generation.augmenter | Augmenting | ann=19 | prompt=indoor_wall_texture | req=ad83cd20
2026-04-14 21:06:08 | INFO     | generation.api_client | [Gemini] Requesting edit | id=930e3ed7 | model=gemini-2.5-flash-image
2026-04-14 21:06:08 | INFO     | google_genai.models | AFC is enabled with max remote calls: 10.
2026-04-14 21:06:10 | INFO     | httpx | HTTP Request: POST https://generativelanguage.googleapis.com/v1beta/models/gemini-2.5-flash-image:generateContent "HTTP/1.1 200 OK"
2026-04-14 21:06:10 | INFO     | generation.api_client | [Gemini] Edit received | id=68e6d9e6
2026-04-14 21:06:10 | INFO     | generation.augmenter | Augmenting | ann=16 | prompt=foggy_exterior | req=35a09905
2026-04-14 21:06:14 | INFO     | generation.api_client | [Gemini] Requesting edit | id=136bc72d | model=gemini-2.5-flash-image
2026-04-14 21:06:14 | INFO     | google_genai.models | AFC is enabled with max remote calls: 10.
2026-04-14 21:06:16 | INFO     | httpx | HTTP Request: POST https://generativelanguage.googleapis.com/v1beta/models/gemini-2.5-flash-image:generateContent "HTTP/1.1 200 OK"
2026-04-14 21:06:16 | INFO     | generation.api_client | [Gemini] Edit received | id=930e3ed7
2026-04-14 21:06:16 | INFO     | generation.augmenter | Augmenting | ann=17 | prompt=foggy_exterior | req=cc285f3a
2026-04-14 21:06:20 | INFO     | generation.api_client | [Gemini] Requesting edit | id=ad83cd20 | model=gemini-2.5-flash-image
2026-04-14 21:06:20 | INFO     | google_genai.models | AFC is enabled with max remote calls: 10.
2026-04-14 21:06:23 | INFO     | httpx | HTTP Request: POST https://generativelanguage.googleapis.com/v1beta/models/gemini-2.5-flash-image:generateContent "HTTP/1.1 200 OK"
2026-04-14 21:06:24 | INFO     | generation.api_client | [Gemini] Edit received | id=136bc72d
2026-04-14 21:06:24 | INFO     | generation.augmenter | Augmenting | ann=18 | prompt=foggy_exterior | req=37ad8932
2026-04-14 21:06:26 | INFO     | generation.api_client | [Gemini] Requesting edit | id=35a09905 | model=gemini-2.5-flash-image
2026-04-14 21:06:26 | INFO     | google_genai.models | AFC is enabled with max remote calls: 10.
2026-04-14 21:06:28 | INFO     | httpx | HTTP Request: POST https://generativelanguage.googleapis.com/v1beta/models/gemini-2.5-flash-image:generateContent "HTTP/1.1 200 OK"
2026-04-14 21:06:28 | INFO     | generation.api_client | [Gemini] Edit received | id=ad83cd20
2026-04-14 21:06:28 | INFO     | generation.augmenter | Augmenting | ann=19 | prompt=foggy_exterior | req=86a3c078
2026-04-14 21:06:32 | INFO     | generation.api_client | [Gemini] Requesting edit | id=cc285f3a | model=gemini-2.5-flash-image
2026-04-14 21:06:32 | INFO     | google_genai.models | AFC is enabled with max remote calls: 10.
2026-04-14 21:06:34 | INFO     | httpx | HTTP Request: POST https://generativelanguage.googleapis.com/v1beta/models/gemini-2.5-flash-image:generateContent "HTTP/1.1 200 OK"
2026-04-14 21:06:34 | INFO     | generation.api_client | [Gemini] Edit received | id=35a09905
2026-04-14 21:06:34 | INFO     | curation.curator | Curated → GOLD | 611f0c91-frame_000152__ann16__rain_environment__4483890e.jpg
2026-04-14 21:06:34 | INFO     | curation.curator | Curated → GOLD | 611f0c91-frame_000152__ann16__night_scene__54a694ef.jpg
2026-04-14 21:06:34 | INFO     | curation.curator | Curated → GOLD | 611f0c91-frame_000152__ann16__snow_environment__49337a0c.jpg
2026-04-14 21:06:34 | INFO     | curation.curator | Curated → GOLD | 611f0c91-frame_000152__ann16__indoor_wall_texture__68e6d9e6.jpg
2026-04-14 21:06:34 | INFO     | curation.curator | Curated → GOLD | 611f0c91-frame_000152__ann16__foggy_exterior__35a09905.jpg
2026-04-14 21:06:34 | INFO     | generation.augmenter | Augmenting | ann=20 | prompt=rain_environment | req=4a0ff792
2026-04-14 21:06:38 | INFO     | generation.api_client | [Gemini] Requesting edit | id=37ad8932 | model=gemini-2.5-flash-image
2026-04-14 21:06:38 | INFO     | google_genai.models | AFC is enabled with max remote calls: 10.
2026-04-14 21:06:39 | INFO     | httpx | HTTP Request: POST https://generativelanguage.googleapis.com/v1beta/models/gemini-2.5-flash-image:generateContent "HTTP/1.1 200 OK"
2026-04-14 21:06:39 | INFO     | generation.api_client | [Gemini] Edit received | id=cc285f3a
2026-04-14 21:06:39 | INFO     | curation.curator | Curated → GOLD | 46cdfa89-frame_000153__ann17__rain_environment__936d6950.jpg
2026-04-14 21:06:39 | INFO     | curation.curator | Curated → GOLD | 46cdfa89-frame_000153__ann17__night_scene__26d43d91.jpg
2026-04-14 21:06:39 | INFO     | curation.curator | Curated → GOLD | 46cdfa89-frame_000153__ann17__snow_environment__1ede33ba.jpg
2026-04-14 21:06:39 | INFO     | curation.curator | Curated → GOLD | 46cdfa89-frame_000153__ann17__indoor_wall_texture__930e3ed7.jpg
2026-04-14 21:06:39 | INFO     | curation.curator | Curated → GOLD | 46cdfa89-frame_000153__ann17__foggy_exterior__cc285f3a.jpg
2026-04-14 21:06:39 | INFO     | generation.augmenter | Augmenting | ann=21 | prompt=rain_environment | req=b6592314
2026-04-14 21:06:44 | INFO     | generation.api_client | [Gemini] Requesting edit | id=86a3c078 | model=gemini-2.5-flash-image
2026-04-14 21:06:44 | INFO     | google_genai.models | AFC is enabled with max remote calls: 10.
2026-04-14 21:06:45 | INFO     | httpx | HTTP Request: POST https://generativelanguage.googleapis.com/v1beta/models/gemini-2.5-flash-image:generateContent "HTTP/1.1 200 OK"
2026-04-14 21:06:45 | INFO     | generation.api_client | [Gemini] Edit received | id=37ad8932
2026-04-14 21:06:45 | INFO     | curation.curator | Curated → GOLD | 46cdfa89-frame_000153__ann18__rain_environment__5a065bc2.jpg
2026-04-14 21:06:45 | INFO     | curation.curator | Curated → GOLD | 46cdfa89-frame_000153__ann18__night_scene__2dc54d6c.jpg
2026-04-14 21:06:46 | INFO     | curation.curator | Curated → DISCARDED | 46cdfa89-frame_000153__ann18__snow_environment__f35a43bc.jpg
2026-04-14 21:06:46 | INFO     | curation.curator | Curated → GOLD | 46cdfa89-frame_000153__ann18__indoor_wall_texture__136bc72d.jpg
2026-04-14 21:06:46 | INFO     | curation.curator | Curated → DISCARDED | 46cdfa89-frame_000153__ann18__foggy_exterior__37ad8932.jpg
2026-04-14 21:06:46 | INFO     | generation.augmenter | Augmenting | ann=22 | prompt=rain_environment | req=1f78ff17
2026-04-14 21:06:50 | INFO     | generation.api_client | [Gemini] Requesting edit | id=4a0ff792 | model=gemini-2.5-flash-image
2026-04-14 21:06:50 | INFO     | google_genai.models | AFC is enabled with max remote calls: 10.
2026-04-14 21:06:51 | INFO     | httpx | HTTP Request: POST https://generativelanguage.googleapis.com/v1beta/models/gemini-2.5-flash-image:generateContent "HTTP/1.1 200 OK"
2026-04-14 21:06:51 | INFO     | generation.api_client | [Gemini] Edit received | id=86a3c078
2026-04-14 21:06:51 | INFO     | curation.curator | Curated → GOLD | 46cdfa89-frame_000153__ann19__rain_environment__9c92af1c.jpg
2026-04-14 21:06:52 | INFO     | curation.curator | Curated → GOLD | 46cdfa89-frame_000153__ann19__night_scene__55eed5fa.jpg
2026-04-14 21:06:52 | INFO     | curation.curator | Curated → DISCARDED | 46cdfa89-frame_000153__ann19__snow_environment__90090cd1.jpg
2026-04-14 21:06:52 | INFO     | curation.curator | Curated → GOLD | 46cdfa89-frame_000153__ann19__indoor_wall_texture__ad83cd20.jpg
2026-04-14 21:06:52 | INFO     | curation.curator | Curated → GOLD | 46cdfa89-frame_000153__ann19__foggy_exterior__86a3c078.jpg
2026-04-14 21:06:52 | INFO     | generation.augmenter | Augmenting | ann=23 | prompt=rain_environment | req=f7c0b953
2026-04-14 21:06:56 | INFO     | generation.api_client | [Gemini] Requesting edit | id=b6592314 | model=gemini-2.5-flash-image
2026-04-14 21:06:56 | INFO     | google_genai.models | AFC is enabled with max remote calls: 10.
2026-04-14 21:06:57 | INFO     | httpx | HTTP Request: POST https://generativelanguage.googleapis.com/v1beta/models/gemini-2.5-flash-image:generateContent "HTTP/1.1 200 OK"
2026-04-14 21:06:58 | INFO     | generation.api_client | [Gemini] Edit received | id=4a0ff792
2026-04-14 21:06:58 | INFO     | generation.augmenter | Augmenting | ann=20 | prompt=night_scene | req=cbfba661
2026-04-14 21:07:02 | INFO     | generation.api_client | [Gemini] Requesting edit | id=1f78ff17 | model=gemini-2.5-flash-image
2026-04-14 21:07:02 | INFO     | google_genai.models | AFC is enabled with max remote calls: 10.
2026-04-14 21:07:04 | INFO     | httpx | HTTP Request: POST https://generativelanguage.googleapis.com/v1beta/models/gemini-2.5-flash-image:generateContent "HTTP/1.1 200 OK"
2026-04-14 21:07:05 | INFO     | generation.api_client | [Gemini] Edit received | id=b6592314
2026-04-14 21:07:05 | INFO     | generation.augmenter | Augmenting | ann=21 | prompt=night_scene | req=cfa479ce
2026-04-14 21:07:08 | INFO     | generation.api_client | [Gemini] Requesting edit | id=f7c0b953 | model=gemini-2.5-flash-image
2026-04-14 21:07:08 | INFO     | google_genai.models | AFC is enabled with max remote calls: 10.
2026-04-14 21:07:14 | INFO     | httpx | HTTP Request: POST https://generativelanguage.googleapis.com/v1beta/models/gemini-2.5-flash-image:generateContent "HTTP/1.1 200 OK"
2026-04-14 21:07:14 | INFO     | generation.api_client | [Gemini] Edit received | id=1f78ff17
2026-04-14 21:07:14 | INFO     | generation.augmenter | Augmenting | ann=22 | prompt=night_scene | req=70bdc612
2026-04-14 21:07:14 | INFO     | generation.api_client | [Gemini] Requesting edit | id=cbfba661 | model=gemini-2.5-flash-image
2026-04-14 21:07:14 | INFO     | google_genai.models | AFC is enabled with max remote calls: 10.
2026-04-14 21:07:17 | INFO     | httpx | HTTP Request: POST https://generativelanguage.googleapis.com/v1beta/models/gemini-2.5-flash-image:generateContent "HTTP/1.1 200 OK"
2026-04-14 21:07:17 | INFO     | generation.api_client | [Gemini] Edit received | id=f7c0b953
2026-04-14 21:07:17 | INFO     | generation.augmenter | Augmenting | ann=23 | prompt=night_scene | req=93975430
2026-04-14 21:07:20 | INFO     | generation.api_client | [Gemini] Requesting edit | id=cfa479ce | model=gemini-2.5-flash-image
2026-04-14 21:07:20 | INFO     | google_genai.models | AFC is enabled with max remote calls: 10.
2026-04-14 21:07:21 | INFO     | httpx | HTTP Request: POST https://generativelanguage.googleapis.com/v1beta/models/gemini-2.5-flash-image:generateContent "HTTP/1.1 200 OK"
2026-04-14 21:07:22 | INFO     | generation.api_client | [Gemini] Edit received | id=cbfba661
2026-04-14 21:07:22 | INFO     | generation.augmenter | Augmenting | ann=20 | prompt=snow_environment | req=2334e541
2026-04-14 21:07:26 | INFO     | generation.api_client | [Gemini] Requesting edit | id=70bdc612 | model=gemini-2.5-flash-image
2026-04-14 21:07:26 | INFO     | google_genai.models | AFC is enabled with max remote calls: 10.
2026-04-14 21:07:29 | INFO     | httpx | HTTP Request: POST https://generativelanguage.googleapis.com/v1beta/models/gemini-2.5-flash-image:generateContent "HTTP/1.1 200 OK"
2026-04-14 21:07:30 | INFO     | generation.api_client | [Gemini] Edit received | id=cfa479ce
2026-04-14 21:07:30 | INFO     | generation.augmenter | Augmenting | ann=21 | prompt=snow_environment | req=4b24cc14
2026-04-14 21:07:32 | INFO     | generation.api_client | [Gemini] Requesting edit | id=93975430 | model=gemini-2.5-flash-image
2026-04-14 21:07:32 | INFO     | google_genai.models | AFC is enabled with max remote calls: 10.
2026-04-14 21:07:34 | INFO     | httpx | HTTP Request: POST https://generativelanguage.googleapis.com/v1beta/models/gemini-2.5-flash-image:generateContent "HTTP/1.1 200 OK"
2026-04-14 21:07:34 | INFO     | generation.api_client | [Gemini] Edit received | id=70bdc612
2026-04-14 21:07:34 | INFO     | generation.augmenter | Augmenting | ann=22 | prompt=snow_environment | req=7c3a71ca
2026-04-14 21:07:38 | INFO     | generation.api_client | [Gemini] Requesting edit | id=2334e541 | model=gemini-2.5-flash-image
2026-04-14 21:07:38 | INFO     | google_genai.models | AFC is enabled with max remote calls: 10.
2026-04-14 21:07:40 | INFO     | httpx | HTTP Request: POST https://generativelanguage.googleapis.com/v1beta/models/gemini-2.5-flash-image:generateContent "HTTP/1.1 200 OK"
2026-04-14 21:07:40 | INFO     | generation.api_client | [Gemini] Edit received | id=93975430
2026-04-14 21:07:40 | INFO     | generation.augmenter | Augmenting | ann=23 | prompt=snow_environment | req=1d765077
2026-04-14 21:07:44 | INFO     | generation.api_client | [Gemini] Requesting edit | id=4b24cc14 | model=gemini-2.5-flash-image
2026-04-14 21:07:44 | INFO     | google_genai.models | AFC is enabled with max remote calls: 10.
2026-04-14 21:07:48 | INFO     | httpx | HTTP Request: POST https://generativelanguage.googleapis.com/v1beta/models/gemini-2.5-flash-image:generateContent "HTTP/1.1 200 OK"
2026-04-14 21:07:48 | INFO     | generation.api_client | [Gemini] Edit received | id=2334e541
2026-04-14 21:07:48 | INFO     | generation.augmenter | Augmenting | ann=20 | prompt=indoor_wall_texture | req=e645dd01
2026-04-14 21:07:50 | INFO     | generation.api_client | [Gemini] Requesting edit | id=7c3a71ca | model=gemini-2.5-flash-image
2026-04-14 21:07:50 | INFO     | google_genai.models | AFC is enabled with max remote calls: 10.
2026-04-14 21:07:53 | INFO     | httpx | HTTP Request: POST https://generativelanguage.googleapis.com/v1beta/models/gemini-2.5-flash-image:generateContent "HTTP/1.1 200 OK"
2026-04-14 21:07:53 | INFO     | generation.api_client | [Gemini] Edit received | id=4b24cc14
2026-04-14 21:07:53 | INFO     | generation.augmenter | Augmenting | ann=21 | prompt=indoor_wall_texture | req=8c379c95
2026-04-14 21:07:56 | INFO     | generation.api_client | [Gemini] Requesting edit | id=1d765077 | model=gemini-2.5-flash-image
2026-04-14 21:07:56 | INFO     | google_genai.models | AFC is enabled with max remote calls: 10.
2026-04-14 21:07:57 | INFO     | httpx | HTTP Request: POST https://generativelanguage.googleapis.com/v1beta/models/gemini-2.5-flash-image:generateContent "HTTP/1.1 200 OK"
2026-04-14 21:07:57 | INFO     | generation.api_client | [Gemini] Edit received | id=7c3a71ca
2026-04-14 21:07:57 | INFO     | generation.augmenter | Augmenting | ann=22 | prompt=indoor_wall_texture | req=ce6295c4
2026-04-14 21:08:02 | INFO     | generation.api_client | [Gemini] Requesting edit | id=e645dd01 | model=gemini-2.5-flash-image
2026-04-14 21:08:02 | INFO     | google_genai.models | AFC is enabled with max remote calls: 10.
2026-04-14 21:08:06 | INFO     | httpx | HTTP Request: POST https://generativelanguage.googleapis.com/v1beta/models/gemini-2.5-flash-image:generateContent "HTTP/1.1 200 OK"
2026-04-14 21:08:07 | INFO     | generation.api_client | [Gemini] Edit received | id=1d765077
2026-04-14 21:08:07 | INFO     | generation.augmenter | Augmenting | ann=23 | prompt=indoor_wall_texture | req=69c84a34
2026-04-14 21:08:08 | INFO     | generation.api_client | [Gemini] Requesting edit | id=8c379c95 | model=gemini-2.5-flash-image
2026-04-14 21:08:08 | INFO     | google_genai.models | AFC is enabled with max remote calls: 10.
2026-04-14 21:08:14 | INFO     | generation.api_client | [Gemini] Requesting edit | id=ce6295c4 | model=gemini-2.5-flash-image
2026-04-14 21:08:14 | INFO     | google_genai.models | AFC is enabled with max remote calls: 10.
2026-04-14 21:08:20 | INFO     | generation.api_client | [Gemini] Requesting edit | id=69c84a34 | model=gemini-2.5-flash-image
2026-04-14 21:08:20 | INFO     | google_genai.models | AFC is enabled with max remote calls: 10.
2026-04-14 21:08:21 | INFO     | httpx | HTTP Request: POST https://generativelanguage.googleapis.com/v1beta/models/gemini-2.5-flash-image:generateContent "HTTP/1.1 200 OK"
2026-04-14 21:08:21 | INFO     | generation.api_client | [Gemini] Edit received | id=e645dd01
2026-04-14 21:08:21 | INFO     | generation.augmenter | Augmenting | ann=20 | prompt=foggy_exterior | req=203e17ec
2026-04-14 21:08:24 | INFO     | httpx | HTTP Request: POST https://generativelanguage.googleapis.com/v1beta/models/gemini-2.5-flash-image:generateContent "HTTP/1.1 200 OK"
2026-04-14 21:08:24 | INFO     | generation.api_client | [Gemini] Edit received | id=8c379c95
2026-04-14 21:08:24 | INFO     | generation.augmenter | Augmenting | ann=21 | prompt=foggy_exterior | req=25b81a17
2026-04-14 21:08:26 | INFO     | generation.api_client | [Gemini] Requesting edit | id=203e17ec | model=gemini-2.5-flash-image
2026-04-14 21:08:26 | INFO     | google_genai.models | AFC is enabled with max remote calls: 10.
2026-04-14 21:08:32 | INFO     | generation.api_client | [Gemini] Requesting edit | id=25b81a17 | model=gemini-2.5-flash-image
2026-04-14 21:08:32 | INFO     | google_genai.models | AFC is enabled with max remote calls: 10.
2026-04-14 21:08:41 | INFO     | httpx | HTTP Request: POST https://generativelanguage.googleapis.com/v1beta/models/gemini-2.5-flash-image:generateContent "HTTP/1.1 200 OK"
2026-04-14 21:08:41 | INFO     | generation.api_client | [Gemini] Edit received | id=25b81a17
2026-04-14 21:08:41 | INFO     | curation.curator | Curated → DISCARDED | 35ebbe8d-frame_000163__ann21__rain_environment__b6592314.jpg
2026-04-14 21:08:41 | INFO     | curation.curator | Curated → GOLD | 35ebbe8d-frame_000163__ann21__night_scene__cfa479ce.jpg
2026-04-14 21:08:41 | INFO     | curation.curator | Curated → GOLD | 35ebbe8d-frame_000163__ann21__snow_environment__4b24cc14.jpg
2026-04-14 21:08:41 | INFO     | curation.curator | Curated → GOLD | 35ebbe8d-frame_000163__ann21__indoor_wall_texture__8c379c95.jpg
2026-04-14 21:08:41 | INFO     | curation.curator | Curated → DISCARDED | 35ebbe8d-frame_000163__ann21__foggy_exterior__25b81a17.jpg
2026-04-14 21:10:18 | INFO     | httpx | HTTP Request: POST https://generativelanguage.googleapis.com/v1beta/models/gemini-2.5-flash-image:generateContent "HTTP/1.1 200 OK"
2026-04-14 21:10:18 | INFO     | generation.api_client | [Gemini] Edit received | id=ce6295c4
2026-04-14 21:10:18 | INFO     | generation.augmenter | Augmenting | ann=22 | prompt=foggy_exterior | req=b0d4ad80
2026-04-14 21:10:18 | INFO     | generation.api_client | [Gemini] Requesting edit | id=b0d4ad80 | model=gemini-2.5-flash-image
2026-04-14 21:10:18 | INFO     | google_genai.models | AFC is enabled with max remote calls: 10.
2026-04-14 21:10:27 | INFO     | httpx | HTTP Request: POST https://generativelanguage.googleapis.com/v1beta/models/gemini-2.5-flash-image:generateContent "HTTP/1.1 503 Service Unavailable"
2026-04-14 21:10:27 | WARNING  | generation.augmenter | API error on attempt 1/4: 503 UNAVAILABLE. {'error': {'code': 503, 'message': 'Deadline expired before operation could complete.', 'status': 'UNAVAILABLE'}}. Retrying in 1.0 s …
2026-04-14 21:10:28 | INFO     | generation.api_client | [Gemini] Requesting edit | id=69c84a34 | model=gemini-2.5-flash-image
2026-04-14 21:10:28 | INFO     | google_genai.models | AFC is enabled with max remote calls: 10.
2026-04-14 21:10:33 | INFO     | httpx | HTTP Request: POST https://generativelanguage.googleapis.com/v1beta/models/gemini-2.5-flash-image:generateContent "HTTP/1.1 503 Service Unavailable"
2026-04-14 21:10:33 | WARNING  | generation.augmenter | API error on attempt 1/4: 503 UNAVAILABLE. {'error': {'code': 503, 'message': 'Deadline expired before operation could complete.', 'status': 'UNAVAILABLE'}}. Retrying in 1.0 s …
2026-04-14 21:10:34 | INFO     | generation.api_client | [Gemini] Requesting edit | id=203e17ec | model=gemini-2.5-flash-image
2026-04-14 21:10:34 | INFO     | google_genai.models | AFC is enabled with max remote calls: 10.
2026-04-14 21:10:34 | INFO     | httpx | HTTP Request: POST https://generativelanguage.googleapis.com/v1beta/models/gemini-2.5-flash-image:generateContent "HTTP/1.1 200 OK"
2026-04-14 21:10:34 | INFO     | generation.api_client | [Gemini] Edit received | id=b0d4ad80
2026-04-14 21:10:34 | INFO     | curation.curator | Curated → GOLD | 35ebbe8d-frame_000163__ann22__rain_environment__1f78ff17.jpg
2026-04-14 21:10:34 | INFO     | curation.curator | Curated → GOLD | 35ebbe8d-frame_000163__ann22__night_scene__70bdc612.jpg
2026-04-14 21:10:34 | INFO     | curation.curator | Curated → DISCARDED | 35ebbe8d-frame_000163__ann22__snow_environment__7c3a71ca.jpg
2026-04-14 21:10:34 | INFO     | curation.curator | Curated → GOLD | 35ebbe8d-frame_000163__ann22__indoor_wall_texture__ce6295c4.jpg
2026-04-14 21:10:34 | INFO     | curation.curator | Curated → DISCARDED | 35ebbe8d-frame_000163__ann22__foggy_exterior__b0d4ad80.jpg
2026-04-14 21:10:41 | INFO     | httpx | HTTP Request: POST https://generativelanguage.googleapis.com/v1beta/models/gemini-2.5-flash-image:generateContent "HTTP/1.1 200 OK"
2026-04-14 21:10:41 | INFO     | generation.api_client | [Gemini] Edit received | id=203e17ec
2026-04-14 21:10:41 | INFO     | curation.curator | Curated → GOLD | 35ebbe8d-frame_000163__ann20__rain_environment__4a0ff792.jpg
2026-04-14 21:10:41 | INFO     | curation.curator | Curated → GOLD | 35ebbe8d-frame_000163__ann20__night_scene__cbfba661.jpg
2026-04-14 21:10:41 | INFO     | curation.curator | Curated → GOLD | 35ebbe8d-frame_000163__ann20__snow_environment__2334e541.jpg
2026-04-14 21:10:41 | INFO     | curation.curator | Curated → GOLD | 35ebbe8d-frame_000163__ann20__indoor_wall_texture__e645dd01.jpg
2026-04-14 21:10:41 | INFO     | curation.curator | Curated → GOLD | 35ebbe8d-frame_000163__ann20__foggy_exterior__203e17ec.jpg
2026-04-14 21:12:34 | INFO     | httpx | HTTP Request: POST https://generativelanguage.googleapis.com/v1beta/models/gemini-2.5-flash-image:generateContent "HTTP/1.1 503 Service Unavailable"
2026-04-14 21:12:34 | WARNING  | generation.augmenter | API error on attempt 2/4: 503 UNAVAILABLE. {'error': {'code': 503, 'message': 'Deadline expired before operation could complete.', 'status': 'UNAVAILABLE'}}. Retrying in 2.0 s …
2026-04-14 21:12:36 | INFO     | generation.api_client | [Gemini] Requesting edit | id=69c84a34 | model=gemini-2.5-flash-image
2026-04-14 21:12:36 | INFO     | google_genai.models | AFC is enabled with max remote calls: 10.
2026-04-14 21:14:43 | INFO     | httpx | HTTP Request: POST https://generativelanguage.googleapis.com/v1beta/models/gemini-2.5-flash-image:generateContent "HTTP/1.1 503 Service Unavailable"
2026-04-14 21:14:43 | WARNING  | generation.augmenter | API error on attempt 3/4: 503 UNAVAILABLE. {'error': {'code': 503, 'message': 'Deadline expired before operation could complete.', 'status': 'UNAVAILABLE'}}. Retrying in 4.0 s …
2026-04-14 21:14:47 | INFO     | generation.api_client | [Gemini] Requesting edit | id=69c84a34 | model=gemini-2.5-flash-image
2026-04-14 21:14:47 | INFO     | google_genai.models | AFC is enabled with max remote calls: 10.
2026-04-14 21:14:55 | INFO     | httpx | HTTP Request: POST https://generativelanguage.googleapis.com/v1beta/models/gemini-2.5-flash-image:generateContent "HTTP/1.1 200 OK"
2026-04-14 21:14:56 | INFO     | generation.api_client | [Gemini] Edit received | id=69c84a34
2026-04-14 21:14:56 | INFO     | generation.augmenter | Augmenting | ann=23 | prompt=foggy_exterior | req=a1f684ab
2026-04-14 21:14:56 | INFO     | generation.api_client | [Gemini] Requesting edit | id=a1f684ab | model=gemini-2.5-flash-image
2026-04-14 21:14:56 | INFO     | google_genai.models | AFC is enabled with max remote calls: 10.
2026-04-14 21:15:51 | INFO     | httpx | HTTP Request: POST https://generativelanguage.googleapis.com/v1beta/models/gemini-2.5-flash-image:generateContent "HTTP/1.1 200 OK"
2026-04-14 21:15:51 | INFO     | generation.api_client | [Gemini] Edit received | id=a1f684ab
2026-04-14 21:15:51 | INFO     | curation.curator | Curated → GOLD | 60cb287d-frame_000165__ann23__rain_environment__f7c0b953.jpg
2026-04-14 21:15:51 | INFO     | curation.curator | Curated → GOLD | 60cb287d-frame_000165__ann23__night_scene__93975430.jpg
2026-04-14 21:15:51 | INFO     | curation.curator | Curated → GOLD | 60cb287d-frame_000165__ann23__snow_environment__1d765077.jpg
2026-04-14 21:15:51 | INFO     | curation.curator | Curated → GOLD | 60cb287d-frame_000165__ann23__indoor_wall_texture__69c84a34.jpg
2026-04-14 21:15:51 | INFO     | curation.curator | Curated → GOLD | 60cb287d-frame_000165__ann23__foggy_exterior__a1f684ab.jpg
2026-04-14 21:15:51 | INFO     | generation.augmenter | Augmenting | ann=24 | prompt=rain_environment | req=68529f07
2026-04-14 21:15:51 | INFO     | generation.augmenter | Augmenting | ann=25 | prompt=rain_environment | req=051bc434
2026-04-14 21:15:51 | INFO     | generation.augmenter | Augmenting | ann=26 | prompt=rain_environment | req=555fe175
2026-04-14 21:15:51 | INFO     | generation.api_client | [Gemini] Requesting edit | id=68529f07 | model=gemini-2.5-flash-image
2026-04-14 21:15:51 | INFO     | generation.augmenter | Augmenting | ann=27 | prompt=rain_environment | req=29f961cd
2026-04-14 21:15:51 | INFO     | google_genai.models | AFC is enabled with max remote calls: 10.
2026-04-14 21:15:57 | INFO     | generation.api_client | [Gemini] Requesting edit | id=051bc434 | model=gemini-2.5-flash-image
2026-04-14 21:15:57 | INFO     | google_genai.models | AFC is enabled with max remote calls: 10.
2026-04-14 21:15:58 | INFO     | httpx | HTTP Request: POST https://generativelanguage.googleapis.com/v1beta/models/gemini-2.5-flash-image:generateContent "HTTP/1.1 200 OK"
2026-04-14 21:15:59 | INFO     | generation.api_client | [Gemini] Edit received | id=68529f07
2026-04-14 21:15:59 | INFO     | generation.augmenter | Augmenting | ann=24 | prompt=night_scene | req=64109bc3
2026-04-14 21:16:03 | INFO     | generation.api_client | [Gemini] Requesting edit | id=555fe175 | model=gemini-2.5-flash-image
2026-04-14 21:16:03 | INFO     | google_genai.models | AFC is enabled with max remote calls: 10.
2026-04-14 21:16:06 | INFO     | httpx | HTTP Request: POST https://generativelanguage.googleapis.com/v1beta/models/gemini-2.5-flash-image:generateContent "HTTP/1.1 200 OK"
2026-04-14 21:16:06 | INFO     | generation.api_client | [Gemini] Edit received | id=051bc434
2026-04-14 21:16:06 | INFO     | generation.augmenter | Augmenting | ann=25 | prompt=night_scene | req=69be28a4
2026-04-14 21:16:09 | INFO     | generation.api_client | [Gemini] Requesting edit | id=29f961cd | model=gemini-2.5-flash-image
2026-04-14 21:16:09 | INFO     | google_genai.models | AFC is enabled with max remote calls: 10.
2026-04-14 21:16:11 | INFO     | httpx | HTTP Request: POST https://generativelanguage.googleapis.com/v1beta/models/gemini-2.5-flash-image:generateContent "HTTP/1.1 200 OK"
2026-04-14 21:16:11 | INFO     | generation.api_client | [Gemini] Edit received | id=555fe175
2026-04-14 21:16:11 | INFO     | generation.augmenter | Augmenting | ann=26 | prompt=night_scene | req=f2fdcd50
2026-04-14 21:16:15 | INFO     | generation.api_client | [Gemini] Requesting edit | id=64109bc3 | model=gemini-2.5-flash-image
2026-04-14 21:16:15 | INFO     | google_genai.models | AFC is enabled with max remote calls: 10.
2026-04-14 21:16:16 | INFO     | httpx | HTTP Request: POST https://generativelanguage.googleapis.com/v1beta/models/gemini-2.5-flash-image:generateContent "HTTP/1.1 200 OK"
2026-04-14 21:16:16 | INFO     | generation.api_client | [Gemini] Edit received | id=29f961cd
2026-04-14 21:16:16 | INFO     | generation.augmenter | Augmenting | ann=27 | prompt=night_scene | req=b7de3e1f
2026-04-14 21:16:21 | INFO     | generation.api_client | [Gemini] Requesting edit | id=69be28a4 | model=gemini-2.5-flash-image
2026-04-14 21:16:21 | INFO     | google_genai.models | AFC is enabled with max remote calls: 10.
2026-04-14 21:16:23 | INFO     | httpx | HTTP Request: POST https://generativelanguage.googleapis.com/v1beta/models/gemini-2.5-flash-image:generateContent "HTTP/1.1 200 OK"
2026-04-14 21:16:23 | INFO     | generation.api_client | [Gemini] Edit received | id=64109bc3
2026-04-14 21:16:23 | INFO     | generation.augmenter | Augmenting | ann=24 | prompt=snow_environment | req=d0f3933d
2026-04-14 21:16:27 | INFO     | generation.api_client | [Gemini] Requesting edit | id=f2fdcd50 | model=gemini-2.5-flash-image
2026-04-14 21:16:27 | INFO     | google_genai.models | AFC is enabled with max remote calls: 10.
2026-04-14 21:16:33 | INFO     | generation.api_client | [Gemini] Requesting edit | id=b7de3e1f | model=gemini-2.5-flash-image
2026-04-14 21:16:33 | INFO     | google_genai.models | AFC is enabled with max remote calls: 10.
2026-04-14 21:16:34 | INFO     | httpx | HTTP Request: POST https://generativelanguage.googleapis.com/v1beta/models/gemini-2.5-flash-image:generateContent "HTTP/1.1 200 OK"
2026-04-14 21:16:34 | INFO     | generation.api_client | [Gemini] Edit received | id=f2fdcd50
2026-04-14 21:16:34 | INFO     | generation.augmenter | Augmenting | ann=26 | prompt=snow_environment | req=b2d33eb1
2026-04-14 21:16:39 | INFO     | generation.api_client | [Gemini] Requesting edit | id=d0f3933d | model=gemini-2.5-flash-image
2026-04-14 21:16:39 | INFO     | google_genai.models | AFC is enabled with max remote calls: 10.
2026-04-14 21:16:42 | INFO     | httpx | HTTP Request: POST https://generativelanguage.googleapis.com/v1beta/models/gemini-2.5-flash-image:generateContent "HTTP/1.1 200 OK"
2026-04-14 21:16:42 | INFO     | generation.api_client | [Gemini] Edit received | id=b7de3e1f
2026-04-14 21:16:42 | INFO     | generation.augmenter | Augmenting | ann=27 | prompt=snow_environment | req=f36104f4
2026-04-14 21:16:45 | INFO     | generation.api_client | [Gemini] Requesting edit | id=b2d33eb1 | model=gemini-2.5-flash-image
2026-04-14 21:16:45 | INFO     | google_genai.models | AFC is enabled with max remote calls: 10.
2026-04-14 21:16:48 | INFO     | httpx | HTTP Request: POST https://generativelanguage.googleapis.com/v1beta/models/gemini-2.5-flash-image:generateContent "HTTP/1.1 200 OK"
2026-04-14 21:16:48 | INFO     | generation.api_client | [Gemini] Edit received | id=d0f3933d
2026-04-14 21:16:48 | INFO     | generation.augmenter | Augmenting | ann=24 | prompt=indoor_wall_texture | req=34219864
2026-04-14 21:16:51 | INFO     | generation.api_client | [Gemini] Requesting edit | id=f36104f4 | model=gemini-2.5-flash-image
2026-04-14 21:16:51 | INFO     | google_genai.models | AFC is enabled with max remote calls: 10.
2026-04-14 21:16:53 | INFO     | httpx | HTTP Request: POST https://generativelanguage.googleapis.com/v1beta/models/gemini-2.5-flash-image:generateContent "HTTP/1.1 200 OK"
2026-04-14 21:16:53 | INFO     | generation.api_client | [Gemini] Edit received | id=b2d33eb1
2026-04-14 21:16:53 | INFO     | generation.augmenter | Augmenting | ann=26 | prompt=indoor_wall_texture | req=45679681
2026-04-14 21:16:57 | INFO     | generation.api_client | [Gemini] Requesting edit | id=34219864 | model=gemini-2.5-flash-image
2026-04-14 21:16:57 | INFO     | google_genai.models | AFC is enabled with max remote calls: 10.
2026-04-14 21:16:59 | INFO     | httpx | HTTP Request: POST https://generativelanguage.googleapis.com/v1beta/models/gemini-2.5-flash-image:generateContent "HTTP/1.1 200 OK"
2026-04-14 21:16:59 | INFO     | generation.api_client | [Gemini] Edit received | id=f36104f4
2026-04-14 21:16:59 | INFO     | generation.augmenter | Augmenting | ann=27 | prompt=indoor_wall_texture | req=25685fa9
2026-04-14 21:17:03 | INFO     | generation.api_client | [Gemini] Requesting edit | id=45679681 | model=gemini-2.5-flash-image
2026-04-14 21:17:03 | INFO     | google_genai.models | AFC is enabled with max remote calls: 10.
2026-04-14 21:17:04 | INFO     | httpx | HTTP Request: POST https://generativelanguage.googleapis.com/v1beta/models/gemini-2.5-flash-image:generateContent "HTTP/1.1 200 OK"
2026-04-14 21:17:05 | INFO     | generation.api_client | [Gemini] Edit received | id=34219864
2026-04-14 21:17:05 | INFO     | generation.augmenter | Augmenting | ann=24 | prompt=foggy_exterior | req=7b2c292d
2026-04-14 21:17:09 | INFO     | generation.api_client | [Gemini] Requesting edit | id=25685fa9 | model=gemini-2.5-flash-image
2026-04-14 21:17:09 | INFO     | google_genai.models | AFC is enabled with max remote calls: 10.
2026-04-14 21:17:10 | INFO     | httpx | HTTP Request: POST https://generativelanguage.googleapis.com/v1beta/models/gemini-2.5-flash-image:generateContent "HTTP/1.1 200 OK"
2026-04-14 21:17:11 | INFO     | generation.api_client | [Gemini] Edit received | id=45679681
2026-04-14 21:17:11 | INFO     | generation.augmenter | Augmenting | ann=26 | prompt=foggy_exterior | req=5c09e63c
2026-04-14 21:17:15 | INFO     | generation.api_client | [Gemini] Requesting edit | id=7b2c292d | model=gemini-2.5-flash-image
2026-04-14 21:17:16 | INFO     | google_genai.models | AFC is enabled with max remote calls: 10.
2026-04-14 21:17:16 | INFO     | httpx | HTTP Request: POST https://generativelanguage.googleapis.com/v1beta/models/gemini-2.5-flash-image:generateContent "HTTP/1.1 200 OK"
2026-04-14 21:17:17 | INFO     | generation.api_client | [Gemini] Edit received | id=25685fa9
2026-04-14 21:17:17 | INFO     | generation.augmenter | Augmenting | ann=27 | prompt=foggy_exterior | req=cd296ca9
2026-04-14 21:17:21 | INFO     | generation.api_client | [Gemini] Requesting edit | id=5c09e63c | model=gemini-2.5-flash-image
2026-04-14 21:17:21 | INFO     | google_genai.models | AFC is enabled with max remote calls: 10.
2026-04-14 21:17:26 | INFO     | httpx | HTTP Request: POST https://generativelanguage.googleapis.com/v1beta/models/gemini-2.5-flash-image:generateContent "HTTP/1.1 200 OK"
2026-04-14 21:17:26 | INFO     | generation.api_client | [Gemini] Edit received | id=7b2c292d
2026-04-14 21:17:26 | INFO     | curation.curator | Curated → GOLD | 60cb287d-frame_000165__ann24__rain_environment__68529f07.jpg
2026-04-14 21:17:26 | INFO     | curation.curator | Curated → GOLD | 60cb287d-frame_000165__ann24__night_scene__64109bc3.jpg
2026-04-14 21:17:26 | INFO     | curation.curator | Curated → DISCARDED | 60cb287d-frame_000165__ann24__snow_environment__d0f3933d.jpg
2026-04-14 21:17:26 | INFO     | curation.curator | Curated → GOLD | 60cb287d-frame_000165__ann24__indoor_wall_texture__34219864.jpg
2026-04-14 21:17:26 | INFO     | curation.curator | Curated → DISCARDED | 60cb287d-frame_000165__ann24__foggy_exterior__7b2c292d.jpg
2026-04-14 21:17:26 | INFO     | generation.augmenter | Augmenting | ann=28 | prompt=rain_environment | req=ebcebb06
2026-04-14 21:17:27 | INFO     | generation.api_client | [Gemini] Requesting edit | id=cd296ca9 | model=gemini-2.5-flash-image
2026-04-14 21:17:27 | INFO     | google_genai.models | AFC is enabled with max remote calls: 10.
2026-04-14 21:17:33 | INFO     | generation.api_client | [Gemini] Requesting edit | id=ebcebb06 | model=gemini-2.5-flash-image
2026-04-14 21:17:33 | INFO     | google_genai.models | AFC is enabled with max remote calls: 10.
2026-04-14 21:17:34 | INFO     | httpx | HTTP Request: POST https://generativelanguage.googleapis.com/v1beta/models/gemini-2.5-flash-image:generateContent "HTTP/1.1 200 OK"
2026-04-14 21:17:34 | INFO     | generation.api_client | [Gemini] Edit received | id=cd296ca9
2026-04-14 21:17:35 | INFO     | curation.curator | Curated → GOLD | 986e8a84-frame_000170__ann27__rain_environment__29f961cd.jpg
2026-04-14 21:17:35 | INFO     | curation.curator | Curated → GOLD | 986e8a84-frame_000170__ann27__night_scene__b7de3e1f.jpg
2026-04-14 21:17:35 | INFO     | curation.curator | Curated → GOLD | 986e8a84-frame_000170__ann27__snow_environment__f36104f4.jpg
2026-04-14 21:17:35 | INFO     | curation.curator | Curated → GOLD | 986e8a84-frame_000170__ann27__indoor_wall_texture__25685fa9.jpg
2026-04-14 21:17:35 | INFO     | curation.curator | Curated → DISCARDED | 986e8a84-frame_000170__ann27__foggy_exterior__cd296ca9.jpg
2026-04-14 21:17:35 | INFO     | generation.augmenter | Augmenting | ann=29 | prompt=rain_environment | req=9a44a0e5
2026-04-14 21:17:39 | INFO     | generation.api_client | [Gemini] Requesting edit | id=9a44a0e5 | model=gemini-2.5-flash-image
2026-04-14 21:17:39 | INFO     | google_genai.models | AFC is enabled with max remote calls: 10.
2026-04-14 21:17:41 | INFO     | httpx | HTTP Request: POST https://generativelanguage.googleapis.com/v1beta/models/gemini-2.5-flash-image:generateContent "HTTP/1.1 200 OK"
2026-04-14 21:17:41 | INFO     | generation.api_client | [Gemini] Edit received | id=ebcebb06
2026-04-14 21:17:41 | INFO     | generation.augmenter | Augmenting | ann=28 | prompt=night_scene | req=a7af7c6f
2026-04-14 21:17:45 | INFO     | generation.api_client | [Gemini] Requesting edit | id=a7af7c6f | model=gemini-2.5-flash-image
2026-04-14 21:17:45 | INFO     | google_genai.models | AFC is enabled with max remote calls: 10.
2026-04-14 21:17:46 | INFO     | httpx | HTTP Request: POST https://generativelanguage.googleapis.com/v1beta/models/gemini-2.5-flash-image:generateContent "HTTP/1.1 200 OK"
2026-04-14 21:17:46 | INFO     | generation.api_client | [Gemini] Edit received | id=9a44a0e5
2026-04-14 21:17:46 | INFO     | generation.augmenter | Augmenting | ann=29 | prompt=night_scene | req=8abbd8a0
2026-04-14 21:17:51 | INFO     | generation.api_client | [Gemini] Requesting edit | id=8abbd8a0 | model=gemini-2.5-flash-image
2026-04-14 21:17:51 | INFO     | google_genai.models | AFC is enabled with max remote calls: 10.
2026-04-14 21:17:52 | INFO     | httpx | HTTP Request: POST https://generativelanguage.googleapis.com/v1beta/models/gemini-2.5-flash-image:generateContent "HTTP/1.1 200 OK"
2026-04-14 21:17:53 | INFO     | generation.api_client | [Gemini] Edit received | id=a7af7c6f
2026-04-14 21:17:53 | INFO     | generation.augmenter | Augmenting | ann=28 | prompt=snow_environment | req=993aead6
2026-04-14 21:17:57 | INFO     | generation.api_client | [Gemini] Requesting edit | id=993aead6 | model=gemini-2.5-flash-image
2026-04-14 21:17:57 | INFO     | google_genai.models | AFC is enabled with max remote calls: 10.
2026-04-14 21:17:59 | INFO     | httpx | HTTP Request: POST https://generativelanguage.googleapis.com/v1beta/models/gemini-2.5-flash-image:generateContent "HTTP/1.1 200 OK"
2026-04-14 21:17:59 | INFO     | generation.api_client | [Gemini] Edit received | id=8abbd8a0
2026-04-14 21:17:59 | INFO     | generation.augmenter | Augmenting | ann=29 | prompt=snow_environment | req=6057ef1c
2026-04-14 21:18:03 | INFO     | httpx | HTTP Request: POST https://generativelanguage.googleapis.com/v1beta/models/gemini-2.5-flash-image:generateContent "HTTP/1.1 200 OK"
2026-04-14 21:18:03 | INFO     | generation.api_client | [Gemini] Requesting edit | id=6057ef1c | model=gemini-2.5-flash-image
2026-04-14 21:18:03 | INFO     | google_genai.models | AFC is enabled with max remote calls: 10.
2026-04-14 21:18:04 | INFO     | generation.api_client | [Gemini] Edit received | id=69be28a4
2026-04-14 21:18:04 | INFO     | generation.augmenter | Augmenting | ann=25 | prompt=snow_environment | req=ae3cb9ca
2026-04-14 21:18:09 | INFO     | httpx | HTTP Request: POST https://generativelanguage.googleapis.com/v1beta/models/gemini-2.5-flash-image:generateContent "HTTP/1.1 200 OK"
2026-04-14 21:18:09 | INFO     | generation.api_client | [Gemini] Edit received | id=993aead6
2026-04-14 21:18:09 | INFO     | generation.augmenter | Augmenting | ann=28 | prompt=indoor_wall_texture | req=f0b8f961
2026-04-14 21:18:09 | INFO     | generation.api_client | [Gemini] Requesting edit | id=ae3cb9ca | model=gemini-2.5-flash-image
2026-04-14 21:18:09 | INFO     | google_genai.models | AFC is enabled with max remote calls: 10.
2026-04-14 21:18:11 | INFO     | httpx | HTTP Request: POST https://generativelanguage.googleapis.com/v1beta/models/gemini-2.5-flash-image:generateContent "HTTP/1.1 200 OK"
2026-04-14 21:18:11 | INFO     | generation.api_client | [Gemini] Edit received | id=6057ef1c
2026-04-14 21:18:11 | INFO     | generation.augmenter | Augmenting | ann=29 | prompt=indoor_wall_texture | req=b8a2b9f8
2026-04-14 21:18:15 | INFO     | generation.api_client | [Gemini] Requesting edit | id=f0b8f961 | model=gemini-2.5-flash-image
2026-04-14 21:18:15 | INFO     | google_genai.models | AFC is enabled with max remote calls: 10.
2026-04-14 21:18:19 | INFO     | httpx | HTTP Request: POST https://generativelanguage.googleapis.com/v1beta/models/gemini-2.5-flash-image:generateContent "HTTP/1.1 200 OK"
2026-04-14 21:18:19 | INFO     | generation.api_client | [Gemini] Edit received | id=ae3cb9ca
2026-04-14 21:18:19 | INFO     | generation.augmenter | Augmenting | ann=25 | prompt=indoor_wall_texture | req=cc0c68f6
2026-04-14 21:18:21 | INFO     | generation.api_client | [Gemini] Requesting edit | id=b8a2b9f8 | model=gemini-2.5-flash-image
2026-04-14 21:18:21 | INFO     | google_genai.models | AFC is enabled with max remote calls: 10.
2026-04-14 21:18:24 | INFO     | httpx | HTTP Request: POST https://generativelanguage.googleapis.com/v1beta/models/gemini-2.5-flash-image:generateContent "HTTP/1.1 200 OK"
2026-04-14 21:18:24 | INFO     | generation.api_client | [Gemini] Edit received | id=f0b8f961
2026-04-14 21:18:24 | INFO     | generation.augmenter | Augmenting | ann=28 | prompt=foggy_exterior | req=235a9c5c
2026-04-14 21:18:27 | INFO     | httpx | HTTP Request: POST https://generativelanguage.googleapis.com/v1beta/models/gemini-2.5-flash-image:generateContent "HTTP/1.1 200 OK"
2026-04-14 21:18:27 | INFO     | generation.api_client | [Gemini] Requesting edit | id=cc0c68f6 | model=gemini-2.5-flash-image
2026-04-14 21:18:27 | INFO     | google_genai.models | AFC is enabled with max remote calls: 10.
2026-04-14 21:18:28 | INFO     | generation.api_client | [Gemini] Edit received | id=5c09e63c
2026-04-14 21:18:28 | INFO     | curation.curator | Curated → GOLD | 986e8a84-frame_000170__ann26__rain_environment__555fe175.jpg
2026-04-14 21:18:28 | INFO     | curation.curator | Curated → GOLD | 986e8a84-frame_000170__ann26__night_scene__f2fdcd50.jpg
2026-04-14 21:18:28 | INFO     | curation.curator | Curated → GOLD | 986e8a84-frame_000170__ann26__snow_environment__b2d33eb1.jpg
2026-04-14 21:18:28 | INFO     | curation.curator | Curated → GOLD | 986e8a84-frame_000170__ann26__indoor_wall_texture__45679681.jpg
2026-04-14 21:18:28 | INFO     | curation.curator | Curated → GOLD | 986e8a84-frame_000170__ann26__foggy_exterior__5c09e63c.jpg
2026-04-14 21:18:28 | INFO     | generation.augmenter | Augmenting | ann=30 | prompt=rain_environment | req=1e3d81d3
2026-04-14 21:18:28 | INFO     | httpx | HTTP Request: POST https://generativelanguage.googleapis.com/v1beta/models/gemini-2.5-flash-image:generateContent "HTTP/1.1 200 OK"
2026-04-14 21:18:29 | INFO     | generation.api_client | [Gemini] Edit received | id=b8a2b9f8
2026-04-14 21:18:29 | INFO     | generation.augmenter | Augmenting | ann=29 | prompt=foggy_exterior | req=dd0d9015
2026-04-14 21:18:33 | INFO     | generation.api_client | [Gemini] Requesting edit | id=235a9c5c | model=gemini-2.5-flash-image
2026-04-14 21:18:33 | INFO     | google_genai.models | AFC is enabled with max remote calls: 10.
2026-04-14 21:18:34 | INFO     | httpx | HTTP Request: POST https://generativelanguage.googleapis.com/v1beta/models/gemini-2.5-flash-image:generateContent "HTTP/1.1 200 OK"
2026-04-14 21:18:35 | INFO     | generation.api_client | [Gemini] Edit received | id=cc0c68f6
2026-04-14 21:18:35 | INFO     | generation.augmenter | Augmenting | ann=25 | prompt=foggy_exterior | req=aee2d0c2
2026-04-14 21:18:39 | INFO     | generation.api_client | [Gemini] Requesting edit | id=1e3d81d3 | model=gemini-2.5-flash-image
2026-04-14 21:18:39 | INFO     | google_genai.models | AFC is enabled with max remote calls: 10.
2026-04-14 21:18:45 | INFO     | httpx | HTTP Request: POST https://generativelanguage.googleapis.com/v1beta/models/gemini-2.5-flash-image:generateContent "HTTP/1.1 200 OK"
2026-04-14 21:18:45 | INFO     | generation.api_client | [Gemini] Edit received | id=235a9c5c
2026-04-14 21:18:45 | INFO     | curation.curator | Curated → GOLD | 986e8a84-frame_000170__ann28__rain_environment__ebcebb06.jpg
2026-04-14 21:18:45 | INFO     | curation.curator | Curated → GOLD | 986e8a84-frame_000170__ann28__night_scene__a7af7c6f.jpg
2026-04-14 21:18:45 | INFO     | curation.curator | Curated → DISCARDED | 986e8a84-frame_000170__ann28__snow_environment__993aead6.jpg
2026-04-14 21:18:45 | INFO     | curation.curator | Curated → GOLD | 986e8a84-frame_000170__ann28__indoor_wall_texture__f0b8f961.jpg
2026-04-14 21:18:45 | INFO     | curation.curator | Curated → GOLD | 986e8a84-frame_000170__ann28__foggy_exterior__235a9c5c.jpg
2026-04-14 21:18:45 | INFO     | generation.augmenter | Augmenting | ann=31 | prompt=rain_environment | req=d40cd961
2026-04-14 21:18:45 | INFO     | generation.api_client | [Gemini] Requesting edit | id=dd0d9015 | model=gemini-2.5-flash-image
2026-04-14 21:18:46 | INFO     | google_genai.models | AFC is enabled with max remote calls: 10.
2026-04-14 21:18:46 | INFO     | httpx | HTTP Request: POST https://generativelanguage.googleapis.com/v1beta/models/gemini-2.5-flash-image:generateContent "HTTP/1.1 200 OK"
2026-04-14 21:18:46 | INFO     | generation.api_client | [Gemini] Edit received | id=1e3d81d3
2026-04-14 21:18:46 | INFO     | generation.augmenter | Augmenting | ann=30 | prompt=night_scene | req=c1be80cd
2026-04-14 21:18:51 | INFO     | generation.api_client | [Gemini] Requesting edit | id=aee2d0c2 | model=gemini-2.5-flash-image
2026-04-14 21:18:51 | INFO     | google_genai.models | AFC is enabled with max remote calls: 10.
2026-04-14 21:18:52 | INFO     | httpx | HTTP Request: POST https://generativelanguage.googleapis.com/v1beta/models/gemini-2.5-flash-image:generateContent "HTTP/1.1 200 OK"
2026-04-14 21:18:53 | INFO     | generation.api_client | [Gemini] Edit received | id=dd0d9015
2026-04-14 21:18:53 | INFO     | curation.curator | Curated → GOLD | 976c5bcb-frame_000185__ann29__rain_environment__9a44a0e5.jpg
2026-04-14 21:18:53 | INFO     | curation.curator | Curated → GOLD | 976c5bcb-frame_000185__ann29__night_scene__8abbd8a0.jpg
2026-04-14 21:18:53 | INFO     | curation.curator | Curated → GOLD | 976c5bcb-frame_000185__ann29__snow_environment__6057ef1c.jpg
2026-04-14 21:18:53 | INFO     | curation.curator | Curated → GOLD | 976c5bcb-frame_000185__ann29__indoor_wall_texture__b8a2b9f8.jpg
2026-04-14 21:18:53 | INFO     | curation.curator | Curated → GOLD | 976c5bcb-frame_000185__ann29__foggy_exterior__dd0d9015.jpg
2026-04-14 21:18:57 | INFO     | generation.api_client | [Gemini] Requesting edit | id=d40cd961 | model=gemini-2.5-flash-image
2026-04-14 21:18:58 | INFO     | google_genai.models | AFC is enabled with max remote calls: 10.
2026-04-14 21:18:58 | INFO     | httpx | HTTP Request: POST https://generativelanguage.googleapis.com/v1beta/models/gemini-2.5-flash-image:generateContent "HTTP/1.1 200 OK"
2026-04-14 21:18:58 | INFO     | generation.api_client | [Gemini] Edit received | id=aee2d0c2
2026-04-14 21:18:58 | INFO     | curation.curator | Curated → GOLD | 60cb287d-frame_000165__ann25__rain_environment__051bc434.jpg
2026-04-14 21:18:59 | INFO     | curation.curator | Curated → GOLD | 60cb287d-frame_000165__ann25__night_scene__69be28a4.jpg
2026-04-14 21:18:59 | INFO     | curation.curator | Curated → DISCARDED | 60cb287d-frame_000165__ann25__snow_environment__ae3cb9ca.jpg
2026-04-14 21:18:59 | INFO     | curation.curator | Curated → GOLD | 60cb287d-frame_000165__ann25__indoor_wall_texture__cc0c68f6.jpg
2026-04-14 21:18:59 | INFO     | curation.curator | Curated → DISCARDED | 60cb287d-frame_000165__ann25__foggy_exterior__aee2d0c2.jpg
2026-04-14 21:19:03 | INFO     | generation.api_client | [Gemini] Requesting edit | id=c1be80cd | model=gemini-2.5-flash-image
2026-04-14 21:19:04 | INFO     | google_genai.models | AFC is enabled with max remote calls: 10.
2026-04-14 21:19:08 | INFO     | httpx | HTTP Request: POST https://generativelanguage.googleapis.com/v1beta/models/gemini-2.5-flash-image:generateContent "HTTP/1.1 200 OK"
2026-04-14 21:19:08 | INFO     | generation.api_client | [Gemini] Edit received | id=d40cd961
2026-04-14 21:19:08 | INFO     | generation.augmenter | Augmenting | ann=31 | prompt=night_scene | req=0f6adeb6
2026-04-14 21:19:09 | INFO     | generation.api_client | [Gemini] Requesting edit | id=0f6adeb6 | model=gemini-2.5-flash-image
2026-04-14 21:19:09 | INFO     | google_genai.models | AFC is enabled with max remote calls: 10.
2026-04-14 21:19:14 | INFO     | httpx | HTTP Request: POST https://generativelanguage.googleapis.com/v1beta/models/gemini-2.5-flash-image:generateContent "HTTP/1.1 200 OK"
2026-04-14 21:19:15 | INFO     | generation.api_client | [Gemini] Edit received | id=c1be80cd
2026-04-14 21:19:15 | INFO     | generation.augmenter | Augmenting | ann=30 | prompt=snow_environment | req=faa3aa95
2026-04-14 21:19:15 | INFO     | generation.api_client | [Gemini] Requesting edit | id=faa3aa95 | model=gemini-2.5-flash-image
2026-04-14 21:19:15 | INFO     | google_genai.models | AFC is enabled with max remote calls: 10.
2026-04-14 21:19:18 | INFO     | httpx | HTTP Request: POST https://generativelanguage.googleapis.com/v1beta/models/gemini-2.5-flash-image:generateContent "HTTP/1.1 200 OK"
2026-04-14 21:19:18 | INFO     | generation.api_client | [Gemini] Edit received | id=0f6adeb6
2026-04-14 21:19:18 | INFO     | generation.augmenter | Augmenting | ann=31 | prompt=snow_environment | req=00e6edfb
2026-04-14 21:19:21 | INFO     | generation.api_client | [Gemini] Requesting edit | id=00e6edfb | model=gemini-2.5-flash-image
2026-04-14 21:19:21 | INFO     | google_genai.models | AFC is enabled with max remote calls: 10.
2026-04-14 21:19:22 | INFO     | httpx | HTTP Request: POST https://generativelanguage.googleapis.com/v1beta/models/gemini-2.5-flash-image:generateContent "HTTP/1.1 200 OK"
2026-04-14 21:19:22 | INFO     | generation.api_client | [Gemini] Edit received | id=faa3aa95
2026-04-14 21:19:22 | INFO     | generation.augmenter | Augmenting | ann=30 | prompt=indoor_wall_texture | req=f02d1429
2026-04-14 21:19:27 | INFO     | generation.api_client | [Gemini] Requesting edit | id=f02d1429 | model=gemini-2.5-flash-image
2026-04-14 21:19:27 | INFO     | google_genai.models | AFC is enabled with max remote calls: 10.
2026-04-14 21:19:28 | INFO     | httpx | HTTP Request: POST https://generativelanguage.googleapis.com/v1beta/models/gemini-2.5-flash-image:generateContent "HTTP/1.1 200 OK"
2026-04-14 21:19:28 | INFO     | generation.api_client | [Gemini] Edit received | id=00e6edfb
2026-04-14 21:19:28 | INFO     | generation.augmenter | Augmenting | ann=31 | prompt=indoor_wall_texture | req=d655bb81
2026-04-14 21:19:33 | INFO     | generation.api_client | [Gemini] Requesting edit | id=d655bb81 | model=gemini-2.5-flash-image
2026-04-14 21:19:33 | INFO     | google_genai.models | AFC is enabled with max remote calls: 10.
2026-04-14 21:19:40 | INFO     | httpx | HTTP Request: POST https://generativelanguage.googleapis.com/v1beta/models/gemini-2.5-flash-image:generateContent "HTTP/1.1 200 OK"
2026-04-14 21:19:41 | INFO     | generation.api_client | [Gemini] Edit received | id=f02d1429
2026-04-14 21:19:41 | INFO     | generation.augmenter | Augmenting | ann=30 | prompt=foggy_exterior | req=fa3083ac
2026-04-14 21:19:41 | INFO     | generation.api_client | [Gemini] Requesting edit | id=fa3083ac | model=gemini-2.5-flash-image
2026-04-14 21:19:41 | INFO     | google_genai.models | AFC is enabled with max remote calls: 10.
2026-04-14 21:19:42 | INFO     | httpx | HTTP Request: POST https://generativelanguage.googleapis.com/v1beta/models/gemini-2.5-flash-image:generateContent "HTTP/1.1 200 OK"
2026-04-14 21:19:42 | INFO     | generation.api_client | [Gemini] Edit received | id=d655bb81
2026-04-14 21:19:42 | INFO     | generation.augmenter | Augmenting | ann=31 | prompt=foggy_exterior | req=178bb9ca
2026-04-14 21:19:47 | INFO     | generation.api_client | [Gemini] Requesting edit | id=178bb9ca | model=gemini-2.5-flash-image
2026-04-14 21:19:47 | INFO     | google_genai.models | AFC is enabled with max remote calls: 10.
2026-04-14 21:19:47 | INFO     | httpx | HTTP Request: POST https://generativelanguage.googleapis.com/v1beta/models/gemini-2.5-flash-image:generateContent "HTTP/1.1 200 OK"
2026-04-14 21:19:47 | INFO     | generation.api_client | [Gemini] Edit received | id=fa3083ac
2026-04-14 21:19:47 | INFO     | curation.curator | Curated → GOLD | 976c5bcb-frame_000185__ann30__rain_environment__1e3d81d3.jpg
2026-04-14 21:19:47 | INFO     | curation.curator | Curated → GOLD | 976c5bcb-frame_000185__ann30__night_scene__c1be80cd.jpg
2026-04-14 21:19:47 | INFO     | curation.curator | Curated → DISCARDED | 976c5bcb-frame_000185__ann30__snow_environment__faa3aa95.jpg
2026-04-14 21:19:47 | INFO     | curation.curator | Curated → GOLD | 976c5bcb-frame_000185__ann30__indoor_wall_texture__f02d1429.jpg
2026-04-14 21:19:48 | INFO     | curation.curator | Curated → DISCARDED | 976c5bcb-frame_000185__ann30__foggy_exterior__fa3083ac.jpg
2026-04-14 21:19:53 | INFO     | httpx | HTTP Request: POST https://generativelanguage.googleapis.com/v1beta/models/gemini-2.5-flash-image:generateContent "HTTP/1.1 200 OK"
2026-04-14 21:19:53 | INFO     | generation.api_client | [Gemini] Edit received | id=178bb9ca
2026-04-14 21:19:53 | INFO     | curation.curator | Curated → GOLD | 976c5bcb-frame_000185__ann31__rain_environment__d40cd961.jpg
2026-04-14 21:19:54 | INFO     | curation.curator | Curated → GOLD | 976c5bcb-frame_000185__ann31__night_scene__0f6adeb6.jpg
2026-04-14 21:19:54 | INFO     | curation.curator | Curated → DISCARDED | 976c5bcb-frame_000185__ann31__snow_environment__00e6edfb.jpg
2026-04-14 21:19:54 | INFO     | curation.curator | Curated → GOLD | 976c5bcb-frame_000185__ann31__indoor_wall_texture__d655bb81.jpg
2026-04-14 21:19:54 | INFO     | curation.curator | Curated → DISCARDED | 976c5bcb-frame_000185__ann31__foggy_exterior__178bb9ca.jpg
2026-04-14 21:19:54 | INFO     | generation.augmenter | Augmenting | ann=32 | prompt=rain_environment | req=5bf69d82
2026-04-14 21:19:54 | INFO     | generation.augmenter | Augmenting | ann=33 | prompt=rain_environment | req=83b560e2
2026-04-14 21:19:54 | INFO     | generation.api_client | [Gemini] Requesting edit | id=5bf69d82 | model=gemini-2.5-flash-image
2026-04-14 21:19:54 | INFO     | generation.augmenter | Augmenting | ann=34 | prompt=rain_environment | req=666d35e0
2026-04-14 21:19:54 | INFO     | generation.augmenter | Augmenting | ann=35 | prompt=rain_environment | req=c15d518b
2026-04-14 21:19:54 | INFO     | google_genai.models | AFC is enabled with max remote calls: 10.
2026-04-14 21:20:00 | INFO     | generation.api_client | [Gemini] Requesting edit | id=83b560e2 | model=gemini-2.5-flash-image
2026-04-14 21:20:00 | INFO     | google_genai.models | AFC is enabled with max remote calls: 10.
2026-04-14 21:20:01 | INFO     | httpx | HTTP Request: POST https://generativelanguage.googleapis.com/v1beta/models/gemini-2.5-flash-image:generateContent "HTTP/1.1 200 OK"
2026-04-14 21:20:02 | INFO     | generation.api_client | [Gemini] Edit received | id=5bf69d82
2026-04-14 21:20:02 | INFO     | generation.augmenter | Augmenting | ann=32 | prompt=night_scene | req=32f8361a
2026-04-14 21:20:06 | INFO     | generation.api_client | [Gemini] Requesting edit | id=666d35e0 | model=gemini-2.5-flash-image
2026-04-14 21:20:06 | INFO     | google_genai.models | AFC is enabled with max remote calls: 10.
2026-04-14 21:20:06 | INFO     | httpx | HTTP Request: POST https://generativelanguage.googleapis.com/v1beta/models/gemini-2.5-flash-image:generateContent "HTTP/1.1 200 OK"
2026-04-14 21:20:06 | INFO     | generation.api_client | [Gemini] Edit received | id=83b560e2
2026-04-14 21:20:06 | INFO     | generation.augmenter | Augmenting | ann=33 | prompt=night_scene | req=580f9119
2026-04-14 21:20:12 | INFO     | generation.api_client | [Gemini] Requesting edit | id=c15d518b | model=gemini-2.5-flash-image
2026-04-14 21:20:12 | INFO     | google_genai.models | AFC is enabled with max remote calls: 10.
2026-04-14 21:20:14 | INFO     | httpx | HTTP Request: POST https://generativelanguage.googleapis.com/v1beta/models/gemini-2.5-flash-image:generateContent "HTTP/1.1 200 OK"
2026-04-14 21:20:14 | INFO     | generation.api_client | [Gemini] Edit received | id=666d35e0
2026-04-14 21:20:14 | INFO     | generation.augmenter | Augmenting | ann=34 | prompt=night_scene | req=4eac945f
2026-04-14 21:20:18 | INFO     | generation.api_client | [Gemini] Requesting edit | id=32f8361a | model=gemini-2.5-flash-image
2026-04-14 21:20:18 | INFO     | google_genai.models | AFC is enabled with max remote calls: 10.
2026-04-14 21:20:19 | INFO     | httpx | HTTP Request: POST https://generativelanguage.googleapis.com/v1beta/models/gemini-2.5-flash-image:generateContent "HTTP/1.1 200 OK"
2026-04-14 21:20:20 | INFO     | generation.api_client | [Gemini] Edit received | id=c15d518b
2026-04-14 21:20:20 | INFO     | generation.augmenter | Augmenting | ann=35 | prompt=night_scene | req=763d3095
2026-04-14 21:20:24 | INFO     | generation.api_client | [Gemini] Requesting edit | id=580f9119 | model=gemini-2.5-flash-image
2026-04-14 21:20:24 | INFO     | google_genai.models | AFC is enabled with max remote calls: 10.
2026-04-14 21:20:25 | INFO     | httpx | HTTP Request: POST https://generativelanguage.googleapis.com/v1beta/models/gemini-2.5-flash-image:generateContent "HTTP/1.1 200 OK"
2026-04-14 21:20:25 | INFO     | generation.api_client | [Gemini] Edit received | id=32f8361a
2026-04-14 21:20:25 | INFO     | generation.augmenter | Augmenting | ann=32 | prompt=snow_environment | req=b32ee1d1
2026-04-14 21:20:30 | INFO     | generation.api_client | [Gemini] Requesting edit | id=4eac945f | model=gemini-2.5-flash-image
2026-04-14 21:20:30 | INFO     | google_genai.models | AFC is enabled with max remote calls: 10.
2026-04-14 21:20:31 | INFO     | httpx | HTTP Request: POST https://generativelanguage.googleapis.com/v1beta/models/gemini-2.5-flash-image:generateContent "HTTP/1.1 200 OK"
2026-04-14 21:20:31 | INFO     | generation.api_client | [Gemini] Edit received | id=580f9119
2026-04-14 21:20:31 | INFO     | generation.augmenter | Augmenting | ann=33 | prompt=snow_environment | req=0ada9220
2026-04-14 21:20:36 | INFO     | generation.api_client | [Gemini] Requesting edit | id=763d3095 | model=gemini-2.5-flash-image
2026-04-14 21:20:36 | INFO     | google_genai.models | AFC is enabled with max remote calls: 10.
2026-04-14 21:20:39 | INFO     | httpx | HTTP Request: POST https://generativelanguage.googleapis.com/v1beta/models/gemini-2.5-flash-image:generateContent "HTTP/1.1 200 OK"
2026-04-14 21:20:40 | INFO     | generation.api_client | [Gemini] Edit received | id=4eac945f
2026-04-14 21:20:40 | INFO     | generation.augmenter | Augmenting | ann=34 | prompt=snow_environment | req=32c9c13c
2026-04-14 21:20:42 | INFO     | generation.api_client | [Gemini] Requesting edit | id=b32ee1d1 | model=gemini-2.5-flash-image
2026-04-14 21:20:42 | INFO     | google_genai.models | AFC is enabled with max remote calls: 10.
2026-04-14 21:20:42 | INFO     | httpx | HTTP Request: POST https://generativelanguage.googleapis.com/v1beta/models/gemini-2.5-flash-image:generateContent "HTTP/1.1 200 OK"
2026-04-14 21:20:43 | INFO     | generation.api_client | [Gemini] Edit received | id=763d3095
2026-04-14 21:20:43 | INFO     | generation.augmenter | Augmenting | ann=35 | prompt=snow_environment | req=4f82dca9
2026-04-14 21:20:48 | INFO     | generation.api_client | [Gemini] Requesting edit | id=0ada9220 | model=gemini-2.5-flash-image
2026-04-14 21:20:48 | INFO     | google_genai.models | AFC is enabled with max remote calls: 10.
2026-04-14 21:20:49 | INFO     | httpx | HTTP Request: POST https://generativelanguage.googleapis.com/v1beta/models/gemini-2.5-flash-image:generateContent "HTTP/1.1 200 OK"
2026-04-14 21:20:49 | INFO     | generation.api_client | [Gemini] Edit received | id=b32ee1d1
2026-04-14 21:20:49 | INFO     | generation.augmenter | Augmenting | ann=32 | prompt=indoor_wall_texture | req=05aeae94
2026-04-14 21:20:54 | INFO     | generation.api_client | [Gemini] Requesting edit | id=32c9c13c | model=gemini-2.5-flash-image
2026-04-14 21:20:54 | INFO     | google_genai.models | AFC is enabled with max remote calls: 10.
2026-04-14 21:20:55 | INFO     | httpx | HTTP Request: POST https://generativelanguage.googleapis.com/v1beta/models/gemini-2.5-flash-image:generateContent "HTTP/1.1 200 OK"
2026-04-14 21:20:56 | INFO     | generation.api_client | [Gemini] Edit received | id=0ada9220
2026-04-14 21:20:56 | INFO     | generation.augmenter | Augmenting | ann=33 | prompt=indoor_wall_texture | req=ddd3a4b0
2026-04-14 21:21:00 | INFO     | generation.api_client | [Gemini] Requesting edit | id=4f82dca9 | model=gemini-2.5-flash-image
2026-04-14 21:21:00 | INFO     | google_genai.models | AFC is enabled with max remote calls: 10.
2026-04-14 21:21:03 | INFO     | httpx | HTTP Request: POST https://generativelanguage.googleapis.com/v1beta/models/gemini-2.5-flash-image:generateContent "HTTP/1.1 200 OK"
2026-04-14 21:21:03 | INFO     | generation.api_client | [Gemini] Edit received | id=32c9c13c
2026-04-14 21:21:03 | INFO     | generation.augmenter | Augmenting | ann=34 | prompt=indoor_wall_texture | req=e9f1233f
2026-04-14 21:21:06 | INFO     | generation.api_client | [Gemini] Requesting edit | id=05aeae94 | model=gemini-2.5-flash-image
2026-04-14 21:21:06 | INFO     | google_genai.models | AFC is enabled with max remote calls: 10.
2026-04-14 21:21:07 | INFO     | httpx | HTTP Request: POST https://generativelanguage.googleapis.com/v1beta/models/gemini-2.5-flash-image:generateContent "HTTP/1.1 200 OK"
2026-04-14 21:21:07 | INFO     | generation.api_client | [Gemini] Edit received | id=4f82dca9
2026-04-14 21:21:07 | INFO     | generation.augmenter | Augmenting | ann=35 | prompt=indoor_wall_texture | req=e264ec49
2026-04-14 21:21:12 | INFO     | generation.api_client | [Gemini] Requesting edit | id=ddd3a4b0 | model=gemini-2.5-flash-image
2026-04-14 21:21:12 | INFO     | google_genai.models | AFC is enabled with max remote calls: 10.
2026-04-14 21:21:13 | INFO     | httpx | HTTP Request: POST https://generativelanguage.googleapis.com/v1beta/models/gemini-2.5-flash-image:generateContent "HTTP/1.1 200 OK"
2026-04-14 21:21:13 | INFO     | generation.api_client | [Gemini] Edit received | id=05aeae94
2026-04-14 21:21:13 | INFO     | generation.augmenter | Augmenting | ann=32 | prompt=foggy_exterior | req=43b58094
2026-04-14 21:21:18 | INFO     | generation.api_client | [Gemini] Requesting edit | id=e9f1233f | model=gemini-2.5-flash-image
2026-04-14 21:21:18 | INFO     | google_genai.models | AFC is enabled with max remote calls: 10.
2026-04-14 21:21:19 | INFO     | httpx | HTTP Request: POST https://generativelanguage.googleapis.com/v1beta/models/gemini-2.5-flash-image:generateContent "HTTP/1.1 200 OK"
2026-04-14 21:21:19 | INFO     | generation.api_client | [Gemini] Edit received | id=ddd3a4b0
2026-04-14 21:21:19 | INFO     | generation.augmenter | Augmenting | ann=33 | prompt=foggy_exterior | req=490147af
2026-04-14 21:21:24 | INFO     | generation.api_client | [Gemini] Requesting edit | id=e264ec49 | model=gemini-2.5-flash-image
2026-04-14 21:21:24 | INFO     | google_genai.models | AFC is enabled with max remote calls: 10.
2026-04-14 21:21:25 | INFO     | httpx | HTTP Request: POST https://generativelanguage.googleapis.com/v1beta/models/gemini-2.5-flash-image:generateContent "HTTP/1.1 200 OK"
2026-04-14 21:21:25 | INFO     | generation.api_client | [Gemini] Edit received | id=e9f1233f
2026-04-14 21:21:25 | INFO     | generation.augmenter | Augmenting | ann=34 | prompt=foggy_exterior | req=d21e872b
2026-04-14 21:21:30 | INFO     | generation.api_client | [Gemini] Requesting edit | id=43b58094 | model=gemini-2.5-flash-image
2026-04-14 21:21:30 | INFO     | google_genai.models | AFC is enabled with max remote calls: 10.
2026-04-14 21:21:31 | INFO     | httpx | HTTP Request: POST https://generativelanguage.googleapis.com/v1beta/models/gemini-2.5-flash-image:generateContent "HTTP/1.1 200 OK"
2026-04-14 21:21:31 | INFO     | generation.api_client | [Gemini] Edit received | id=e264ec49
2026-04-14 21:21:31 | INFO     | generation.augmenter | Augmenting | ann=35 | prompt=foggy_exterior | req=714786c3
2026-04-14 21:21:36 | INFO     | generation.api_client | [Gemini] Requesting edit | id=490147af | model=gemini-2.5-flash-image
2026-04-14 21:21:36 | INFO     | google_genai.models | AFC is enabled with max remote calls: 10.
2026-04-14 21:21:37 | INFO     | httpx | HTTP Request: POST https://generativelanguage.googleapis.com/v1beta/models/gemini-2.5-flash-image:generateContent "HTTP/1.1 200 OK"
2026-04-14 21:21:37 | INFO     | generation.api_client | [Gemini] Edit received | id=43b58094
2026-04-14 21:21:37 | INFO     | curation.curator | Curated → GOLD | 87ebc59e-frame_000209__ann32__rain_environment__5bf69d82.jpg
2026-04-14 21:21:37 | INFO     | curation.curator | Curated → GOLD | 87ebc59e-frame_000209__ann32__night_scene__32f8361a.jpg
2026-04-14 21:21:37 | INFO     | curation.curator | Curated → GOLD | 87ebc59e-frame_000209__ann32__snow_environment__b32ee1d1.jpg
2026-04-14 21:21:37 | INFO     | curation.curator | Curated → GOLD | 87ebc59e-frame_000209__ann32__indoor_wall_texture__05aeae94.jpg
2026-04-14 21:21:37 | INFO     | curation.curator | Curated → GOLD | 87ebc59e-frame_000209__ann32__foggy_exterior__43b58094.jpg
2026-04-14 21:21:37 | INFO     | generation.augmenter | Augmenting | ann=36 | prompt=rain_environment | req=e26d0ca3
2026-04-14 21:21:42 | INFO     | generation.api_client | [Gemini] Requesting edit | id=d21e872b | model=gemini-2.5-flash-image
2026-04-14 21:21:42 | INFO     | google_genai.models | AFC is enabled with max remote calls: 10.
2026-04-14 21:21:43 | INFO     | httpx | HTTP Request: POST https://generativelanguage.googleapis.com/v1beta/models/gemini-2.5-flash-image:generateContent "HTTP/1.1 200 OK"
2026-04-14 21:21:43 | INFO     | generation.api_client | [Gemini] Edit received | id=490147af
2026-04-14 21:21:43 | INFO     | curation.curator | Curated → GOLD | 87ebc59e-frame_000209__ann33__rain_environment__83b560e2.jpg
2026-04-14 21:21:43 | INFO     | curation.curator | Curated → GOLD | 87ebc59e-frame_000209__ann33__night_scene__580f9119.jpg
2026-04-14 21:21:43 | INFO     | curation.curator | Curated → GOLD | 87ebc59e-frame_000209__ann33__snow_environment__0ada9220.jpg
2026-04-14 21:21:43 | INFO     | curation.curator | Curated → GOLD | 87ebc59e-frame_000209__ann33__indoor_wall_texture__ddd3a4b0.jpg
2026-04-14 21:21:43 | INFO     | curation.curator | Curated → DISCARDED | 87ebc59e-frame_000209__ann33__foggy_exterior__490147af.jpg
2026-04-14 21:21:43 | INFO     | generation.augmenter | Augmenting | ann=37 | prompt=rain_environment | req=bc4c76d8
2026-04-14 21:21:48 | INFO     | generation.api_client | [Gemini] Requesting edit | id=714786c3 | model=gemini-2.5-flash-image
2026-04-14 21:21:48 | INFO     | google_genai.models | AFC is enabled with max remote calls: 10.
2026-04-14 21:21:49 | INFO     | httpx | HTTP Request: POST https://generativelanguage.googleapis.com/v1beta/models/gemini-2.5-flash-image:generateContent "HTTP/1.1 200 OK"
2026-04-14 21:21:49 | INFO     | generation.api_client | [Gemini] Edit received | id=d21e872b
2026-04-14 21:21:49 | INFO     | curation.curator | Curated → GOLD | 87ebc59e-frame_000209__ann34__rain_environment__666d35e0.jpg
2026-04-14 21:21:49 | INFO     | curation.curator | Curated → GOLD | 87ebc59e-frame_000209__ann34__night_scene__4eac945f.jpg
2026-04-14 21:21:49 | INFO     | curation.curator | Curated → GOLD | 87ebc59e-frame_000209__ann34__snow_environment__32c9c13c.jpg
2026-04-14 21:21:49 | INFO     | curation.curator | Curated → GOLD | 87ebc59e-frame_000209__ann34__indoor_wall_texture__e9f1233f.jpg
2026-04-14 21:21:49 | INFO     | curation.curator | Curated → DISCARDED | 87ebc59e-frame_000209__ann34__foggy_exterior__d21e872b.jpg
2026-04-14 21:21:49 | INFO     | generation.augmenter | Augmenting | ann=38 | prompt=rain_environment | req=af1cef9f
2026-04-14 21:21:54 | INFO     | generation.api_client | [Gemini] Requesting edit | id=e26d0ca3 | model=gemini-2.5-flash-image
2026-04-14 21:21:54 | INFO     | google_genai.models | AFC is enabled with max remote calls: 10.
2026-04-14 21:21:57 | INFO     | httpx | HTTP Request: POST https://generativelanguage.googleapis.com/v1beta/models/gemini-2.5-flash-image:generateContent "HTTP/1.1 200 OK"
2026-04-14 21:21:58 | INFO     | generation.api_client | [Gemini] Edit received | id=714786c3
2026-04-14 21:21:58 | INFO     | curation.curator | Curated → GOLD | 2088607c-frame_000212__ann35__rain_environment__c15d518b.jpg
2026-04-14 21:21:58 | INFO     | curation.curator | Curated → GOLD | 2088607c-frame_000212__ann35__night_scene__763d3095.jpg
2026-04-14 21:21:58 | INFO     | curation.curator | Curated → GOLD | 2088607c-frame_000212__ann35__snow_environment__4f82dca9.jpg
2026-04-14 21:21:58 | INFO     | curation.curator | Curated → GOLD | 2088607c-frame_000212__ann35__indoor_wall_texture__e264ec49.jpg
2026-04-14 21:21:58 | INFO     | curation.curator | Curated → GOLD | 2088607c-frame_000212__ann35__foggy_exterior__714786c3.jpg
2026-04-14 21:21:58 | INFO     | generation.augmenter | Augmenting | ann=39 | prompt=rain_environment | req=5a3498e4
2026-04-14 21:22:00 | INFO     | generation.api_client | [Gemini] Requesting edit | id=bc4c76d8 | model=gemini-2.5-flash-image
2026-04-14 21:22:00 | INFO     | google_genai.models | AFC is enabled with max remote calls: 10.
2026-04-14 21:22:01 | INFO     | httpx | HTTP Request: POST https://generativelanguage.googleapis.com/v1beta/models/gemini-2.5-flash-image:generateContent "HTTP/1.1 200 OK"
2026-04-14 21:22:01 | INFO     | generation.api_client | [Gemini] Edit received | id=e26d0ca3
2026-04-14 21:22:01 | INFO     | generation.augmenter | Augmenting | ann=36 | prompt=night_scene | req=5c58aa2e
2026-04-14 21:22:06 | INFO     | generation.api_client | [Gemini] Requesting edit | id=af1cef9f | model=gemini-2.5-flash-image
2026-04-14 21:22:06 | INFO     | google_genai.models | AFC is enabled with max remote calls: 10.
2026-04-14 21:22:06 | INFO     | httpx | HTTP Request: POST https://generativelanguage.googleapis.com/v1beta/models/gemini-2.5-flash-image:generateContent "HTTP/1.1 200 OK"
2026-04-14 21:22:06 | INFO     | generation.api_client | [Gemini] Edit received | id=bc4c76d8
2026-04-14 21:22:06 | INFO     | generation.augmenter | Augmenting | ann=37 | prompt=night_scene | req=addb8873
2026-04-14 21:22:12 | INFO     | generation.api_client | [Gemini] Requesting edit | id=5a3498e4 | model=gemini-2.5-flash-image
2026-04-14 21:22:12 | INFO     | google_genai.models | AFC is enabled with max remote calls: 10.
2026-04-14 21:22:13 | INFO     | httpx | HTTP Request: POST https://generativelanguage.googleapis.com/v1beta/models/gemini-2.5-flash-image:generateContent "HTTP/1.1 200 OK"
2026-04-14 21:22:14 | INFO     | generation.api_client | [Gemini] Edit received | id=af1cef9f
2026-04-14 21:22:14 | INFO     | generation.augmenter | Augmenting | ann=38 | prompt=night_scene | req=ec8677a5
2026-04-14 21:22:18 | INFO     | generation.api_client | [Gemini] Requesting edit | id=5c58aa2e | model=gemini-2.5-flash-image
2026-04-14 21:22:18 | INFO     | google_genai.models | AFC is enabled with max remote calls: 10.
2026-04-14 21:22:19 | INFO     | httpx | HTTP Request: POST https://generativelanguage.googleapis.com/v1beta/models/gemini-2.5-flash-image:generateContent "HTTP/1.1 200 OK"
2026-04-14 21:22:19 | INFO     | generation.api_client | [Gemini] Edit received | id=5a3498e4
2026-04-14 21:22:19 | INFO     | generation.augmenter | Augmenting | ann=39 | prompt=night_scene | req=788b7038
2026-04-14 21:22:24 | INFO     | generation.api_client | [Gemini] Requesting edit | id=addb8873 | model=gemini-2.5-flash-image
2026-04-14 21:22:24 | INFO     | google_genai.models | AFC is enabled with max remote calls: 10.
2026-04-14 21:22:25 | INFO     | httpx | HTTP Request: POST https://generativelanguage.googleapis.com/v1beta/models/gemini-2.5-flash-image:generateContent "HTTP/1.1 200 OK"
2026-04-14 21:22:25 | INFO     | generation.api_client | [Gemini] Edit received | id=5c58aa2e
2026-04-14 21:22:25 | INFO     | generation.augmenter | Augmenting | ann=36 | prompt=snow_environment | req=27c2ec16
2026-04-14 21:22:30 | INFO     | generation.api_client | [Gemini] Requesting edit | id=ec8677a5 | model=gemini-2.5-flash-image
2026-04-14 21:22:30 | INFO     | google_genai.models | AFC is enabled with max remote calls: 10.
2026-04-14 21:22:31 | INFO     | httpx | HTTP Request: POST https://generativelanguage.googleapis.com/v1beta/models/gemini-2.5-flash-image:generateContent "HTTP/1.1 200 OK"
2026-04-14 21:22:32 | INFO     | generation.api_client | [Gemini] Edit received | id=addb8873
2026-04-14 21:22:32 | INFO     | generation.augmenter | Augmenting | ann=37 | prompt=snow_environment | req=9a933d0f
2026-04-14 21:22:36 | INFO     | generation.api_client | [Gemini] Requesting edit | id=788b7038 | model=gemini-2.5-flash-image
2026-04-14 21:22:36 | INFO     | google_genai.models | AFC is enabled with max remote calls: 10.
2026-04-14 21:22:37 | INFO     | httpx | HTTP Request: POST https://generativelanguage.googleapis.com/v1beta/models/gemini-2.5-flash-image:generateContent "HTTP/1.1 200 OK"
2026-04-14 21:22:38 | INFO     | generation.api_client | [Gemini] Edit received | id=ec8677a5
2026-04-14 21:22:38 | INFO     | generation.augmenter | Augmenting | ann=38 | prompt=snow_environment | req=9abfb28a
2026-04-14 21:22:42 | INFO     | generation.api_client | [Gemini] Requesting edit | id=27c2ec16 | model=gemini-2.5-flash-image
2026-04-14 21:22:42 | INFO     | google_genai.models | AFC is enabled with max remote calls: 10.
2026-04-14 21:22:43 | INFO     | httpx | HTTP Request: POST https://generativelanguage.googleapis.com/v1beta/models/gemini-2.5-flash-image:generateContent "HTTP/1.1 200 OK"
2026-04-14 21:22:43 | INFO     | generation.api_client | [Gemini] Edit received | id=788b7038
2026-04-14 21:22:43 | INFO     | generation.augmenter | Augmenting | ann=39 | prompt=snow_environment | req=19da791a
2026-04-14 21:22:48 | INFO     | generation.api_client | [Gemini] Requesting edit | id=9a933d0f | model=gemini-2.5-flash-image
2026-04-14 21:22:48 | INFO     | google_genai.models | AFC is enabled with max remote calls: 10.
2026-04-14 21:22:48 | INFO     | httpx | HTTP Request: POST https://generativelanguage.googleapis.com/v1beta/models/gemini-2.5-flash-image:generateContent "HTTP/1.1 200 OK"
2026-04-14 21:22:49 | INFO     | generation.api_client | [Gemini] Edit received | id=27c2ec16
2026-04-14 21:22:49 | INFO     | generation.augmenter | Augmenting | ann=36 | prompt=indoor_wall_texture | req=49cb18e4
2026-04-14 21:22:54 | INFO     | generation.api_client | [Gemini] Requesting edit | id=9abfb28a | model=gemini-2.5-flash-image
2026-04-14 21:22:54 | INFO     | google_genai.models | AFC is enabled with max remote calls: 10.
2026-04-14 21:22:56 | INFO     | httpx | HTTP Request: POST https://generativelanguage.googleapis.com/v1beta/models/gemini-2.5-flash-image:generateContent "HTTP/1.1 200 OK"
2026-04-14 21:22:56 | INFO     | generation.api_client | [Gemini] Edit received | id=9a933d0f
2026-04-14 21:22:56 | INFO     | generation.augmenter | Augmenting | ann=37 | prompt=indoor_wall_texture | req=760b846b
2026-04-14 21:23:00 | INFO     | generation.api_client | [Gemini] Requesting edit | id=19da791a | model=gemini-2.5-flash-image
2026-04-14 21:23:00 | INFO     | google_genai.models | AFC is enabled with max remote calls: 10.
2026-04-14 21:23:01 | INFO     | httpx | HTTP Request: POST https://generativelanguage.googleapis.com/v1beta/models/gemini-2.5-flash-image:generateContent "HTTP/1.1 200 OK"
2026-04-14 21:23:02 | INFO     | generation.api_client | [Gemini] Edit received | id=9abfb28a
2026-04-14 21:23:02 | INFO     | generation.augmenter | Augmenting | ann=38 | prompt=indoor_wall_texture | req=89fafd9b
2026-04-14 21:23:06 | INFO     | generation.api_client | [Gemini] Requesting edit | id=49cb18e4 | model=gemini-2.5-flash-image
2026-04-14 21:23:06 | INFO     | google_genai.models | AFC is enabled with max remote calls: 10.
2026-04-14 21:23:11 | INFO     | httpx | HTTP Request: POST https://generativelanguage.googleapis.com/v1beta/models/gemini-2.5-flash-image:generateContent "HTTP/1.1 200 OK"
2026-04-14 21:23:11 | INFO     | generation.api_client | [Gemini] Edit received | id=19da791a
2026-04-14 21:23:11 | INFO     | generation.augmenter | Augmenting | ann=39 | prompt=indoor_wall_texture | req=f8de7f51
2026-04-14 21:23:12 | INFO     | generation.api_client | [Gemini] Requesting edit | id=760b846b | model=gemini-2.5-flash-image
2026-04-14 21:23:12 | INFO     | google_genai.models | AFC is enabled with max remote calls: 10.
2026-04-14 21:23:13 | INFO     | httpx | HTTP Request: POST https://generativelanguage.googleapis.com/v1beta/models/gemini-2.5-flash-image:generateContent "HTTP/1.1 200 OK"
2026-04-14 21:23:13 | INFO     | generation.api_client | [Gemini] Edit received | id=49cb18e4
2026-04-14 21:23:13 | INFO     | generation.augmenter | Augmenting | ann=36 | prompt=foggy_exterior | req=bf94b3ba
2026-04-14 21:23:18 | INFO     | generation.api_client | [Gemini] Requesting edit | id=89fafd9b | model=gemini-2.5-flash-image
2026-04-14 21:23:18 | INFO     | google_genai.models | AFC is enabled with max remote calls: 10.
2026-04-14 21:23:19 | INFO     | httpx | HTTP Request: POST https://generativelanguage.googleapis.com/v1beta/models/gemini-2.5-flash-image:generateContent "HTTP/1.1 200 OK"
2026-04-14 21:23:19 | INFO     | generation.api_client | [Gemini] Edit received | id=760b846b
2026-04-14 21:23:19 | INFO     | generation.augmenter | Augmenting | ann=37 | prompt=foggy_exterior | req=ed6699b9
2026-04-14 21:23:24 | INFO     | generation.api_client | [Gemini] Requesting edit | id=f8de7f51 | model=gemini-2.5-flash-image
2026-04-14 21:23:24 | INFO     | google_genai.models | AFC is enabled with max remote calls: 10.
2026-04-14 21:23:25 | INFO     | httpx | HTTP Request: POST https://generativelanguage.googleapis.com/v1beta/models/gemini-2.5-flash-image:generateContent "HTTP/1.1 200 OK"
2026-04-14 21:23:25 | INFO     | generation.api_client | [Gemini] Edit received | id=89fafd9b
2026-04-14 21:23:25 | INFO     | generation.augmenter | Augmenting | ann=38 | prompt=foggy_exterior | req=2364e377
2026-04-14 21:23:30 | INFO     | generation.api_client | [Gemini] Requesting edit | id=bf94b3ba | model=gemini-2.5-flash-image
2026-04-14 21:23:30 | INFO     | google_genai.models | AFC is enabled with max remote calls: 10.
2026-04-14 21:23:31 | INFO     | httpx | HTTP Request: POST https://generativelanguage.googleapis.com/v1beta/models/gemini-2.5-flash-image:generateContent "HTTP/1.1 200 OK"
2026-04-14 21:23:31 | INFO     | generation.api_client | [Gemini] Edit received | id=f8de7f51
2026-04-14 21:23:31 | INFO     | generation.augmenter | Augmenting | ann=39 | prompt=foggy_exterior | req=94224eab
2026-04-14 21:23:36 | INFO     | generation.api_client | [Gemini] Requesting edit | id=ed6699b9 | model=gemini-2.5-flash-image
2026-04-14 21:23:36 | INFO     | google_genai.models | AFC is enabled with max remote calls: 10.
2026-04-14 21:23:38 | INFO     | httpx | HTTP Request: POST https://generativelanguage.googleapis.com/v1beta/models/gemini-2.5-flash-image:generateContent "HTTP/1.1 200 OK"
2026-04-14 21:23:38 | INFO     | generation.api_client | [Gemini] Edit received | id=bf94b3ba
2026-04-14 21:23:38 | INFO     | curation.curator | Curated → GOLD | 2088607c-frame_000212__ann36__rain_environment__e26d0ca3.jpg
2026-04-14 21:23:38 | INFO     | curation.curator | Curated → GOLD | 2088607c-frame_000212__ann36__night_scene__5c58aa2e.jpg
2026-04-14 21:23:38 | INFO     | curation.curator | Curated → GOLD | 2088607c-frame_000212__ann36__snow_environment__27c2ec16.jpg
2026-04-14 21:23:38 | INFO     | curation.curator | Curated → GOLD | 2088607c-frame_000212__ann36__indoor_wall_texture__49cb18e4.jpg
2026-04-14 21:23:38 | INFO     | curation.curator | Curated → GOLD | 2088607c-frame_000212__ann36__foggy_exterior__bf94b3ba.jpg
2026-04-14 21:23:42 | INFO     | generation.api_client | [Gemini] Requesting edit | id=2364e377 | model=gemini-2.5-flash-image
2026-04-14 21:23:42 | INFO     | google_genai.models | AFC is enabled with max remote calls: 10.
2026-04-14 21:23:43 | INFO     | httpx | HTTP Request: POST https://generativelanguage.googleapis.com/v1beta/models/gemini-2.5-flash-image:generateContent "HTTP/1.1 200 OK"
2026-04-14 21:23:43 | INFO     | generation.api_client | [Gemini] Edit received | id=ed6699b9
2026-04-14 21:23:43 | INFO     | curation.curator | Curated → GOLD | 2088607c-frame_000212__ann37__rain_environment__bc4c76d8.jpg
2026-04-14 21:23:43 | INFO     | curation.curator | Curated → GOLD | 2088607c-frame_000212__ann37__night_scene__addb8873.jpg
2026-04-14 21:23:43 | INFO     | curation.curator | Curated → GOLD | 2088607c-frame_000212__ann37__snow_environment__9a933d0f.jpg
2026-04-14 21:23:43 | INFO     | curation.curator | Curated → GOLD | 2088607c-frame_000212__ann37__indoor_wall_texture__760b846b.jpg
2026-04-14 21:23:43 | INFO     | curation.curator | Curated → DISCARDED | 2088607c-frame_000212__ann37__foggy_exterior__ed6699b9.jpg
2026-04-14 21:23:48 | INFO     | generation.api_client | [Gemini] Requesting edit | id=94224eab | model=gemini-2.5-flash-image
2026-04-14 21:23:48 | INFO     | google_genai.models | AFC is enabled with max remote calls: 10.
2026-04-14 21:23:49 | INFO     | httpx | HTTP Request: POST https://generativelanguage.googleapis.com/v1beta/models/gemini-2.5-flash-image:generateContent "HTTP/1.1 200 OK"
2026-04-14 21:23:49 | INFO     | generation.api_client | [Gemini] Edit received | id=2364e377
2026-04-14 21:23:49 | INFO     | curation.curator | Curated → GOLD | 186961d7-frame_000217__ann38__rain_environment__af1cef9f.jpg
2026-04-14 21:23:49 | INFO     | curation.curator | Curated → GOLD | 186961d7-frame_000217__ann38__night_scene__ec8677a5.jpg
2026-04-14 21:23:49 | INFO     | curation.curator | Curated → GOLD | 186961d7-frame_000217__ann38__snow_environment__9abfb28a.jpg
2026-04-14 21:23:49 | INFO     | curation.curator | Curated → GOLD | 186961d7-frame_000217__ann38__indoor_wall_texture__89fafd9b.jpg
2026-04-14 21:23:49 | INFO     | curation.curator | Curated → GOLD | 186961d7-frame_000217__ann38__foggy_exterior__2364e377.jpg
2026-04-14 21:23:55 | INFO     | httpx | HTTP Request: POST https://generativelanguage.googleapis.com/v1beta/models/gemini-2.5-flash-image:generateContent "HTTP/1.1 200 OK"
2026-04-14 21:23:56 | INFO     | generation.api_client | [Gemini] Edit received | id=94224eab
2026-04-14 21:23:56 | INFO     | curation.curator | Curated → GOLD | 186961d7-frame_000217__ann39__rain_environment__5a3498e4.jpg
2026-04-14 21:23:56 | INFO     | curation.curator | Curated → GOLD | 186961d7-frame_000217__ann39__night_scene__788b7038.jpg
2026-04-14 21:23:56 | INFO     | curation.curator | Curated → GOLD | 186961d7-frame_000217__ann39__snow_environment__19da791a.jpg
2026-04-14 21:23:56 | INFO     | curation.curator | Curated → GOLD | 186961d7-frame_000217__ann39__indoor_wall_texture__f8de7f51.jpg
2026-04-14 21:23:56 | INFO     | curation.curator | Curated → GOLD | 186961d7-frame_000217__ann39__foggy_exterior__94224eab.jpg
2026-04-14 21:23:56 | INFO     | generation.augmenter | Augmenting | ann=40 | prompt=rain_environment | req=2d4aa11d
2026-04-14 21:23:56 | INFO     | generation.api_client | [Gemini] Requesting edit | id=2d4aa11d | model=gemini-2.5-flash-image
2026-04-14 21:23:56 | INFO     | generation.augmenter | Augmenting | ann=41 | prompt=rain_environment | req=8ad2a0eb
2026-04-14 21:23:56 | INFO     | generation.augmenter | Augmenting | ann=42 | prompt=rain_environment | req=03fd060c
2026-04-14 21:23:56 | INFO     | generation.augmenter | Augmenting | ann=43 | prompt=rain_environment | req=bbb0044e
2026-04-14 21:23:56 | INFO     | google_genai.models | AFC is enabled with max remote calls: 10.
2026-04-14 21:24:02 | INFO     | generation.api_client | [Gemini] Requesting edit | id=8ad2a0eb | model=gemini-2.5-flash-image
2026-04-14 21:24:02 | INFO     | google_genai.models | AFC is enabled with max remote calls: 10.
2026-04-14 21:24:03 | INFO     | httpx | HTTP Request: POST https://generativelanguage.googleapis.com/v1beta/models/gemini-2.5-flash-image:generateContent "HTTP/1.1 200 OK"
2026-04-14 21:24:04 | INFO     | generation.api_client | [Gemini] Edit received | id=2d4aa11d
2026-04-14 21:24:04 | INFO     | generation.augmenter | Augmenting | ann=40 | prompt=night_scene | req=2701ecbe
2026-04-14 21:24:08 | INFO     | generation.api_client | [Gemini] Requesting edit | id=03fd060c | model=gemini-2.5-flash-image
2026-04-14 21:24:08 | INFO     | google_genai.models | AFC is enabled with max remote calls: 10.
2026-04-14 21:24:09 | INFO     | httpx | HTTP Request: POST https://generativelanguage.googleapis.com/v1beta/models/gemini-2.5-flash-image:generateContent "HTTP/1.1 200 OK"
2026-04-14 21:24:09 | INFO     | generation.api_client | [Gemini] Edit received | id=8ad2a0eb
2026-04-14 21:24:09 | INFO     | generation.augmenter | Augmenting | ann=41 | prompt=night_scene | req=13ffda06
2026-04-14 21:24:14 | INFO     | generation.api_client | [Gemini] Requesting edit | id=bbb0044e | model=gemini-2.5-flash-image
2026-04-14 21:24:14 | INFO     | google_genai.models | AFC is enabled with max remote calls: 10.
2026-04-14 21:24:15 | INFO     | httpx | HTTP Request: POST https://generativelanguage.googleapis.com/v1beta/models/gemini-2.5-flash-image:generateContent "HTTP/1.1 200 OK"
2026-04-14 21:24:15 | INFO     | generation.api_client | [Gemini] Edit received | id=03fd060c
2026-04-14 21:24:15 | INFO     | generation.augmenter | Augmenting | ann=42 | prompt=night_scene | req=11b2f2bf
2026-04-14 21:24:20 | INFO     | generation.api_client | [Gemini] Requesting edit | id=2701ecbe | model=gemini-2.5-flash-image
2026-04-14 21:24:20 | INFO     | google_genai.models | AFC is enabled with max remote calls: 10.
2026-04-14 21:24:21 | INFO     | httpx | HTTP Request: POST https://generativelanguage.googleapis.com/v1beta/models/gemini-2.5-flash-image:generateContent "HTTP/1.1 200 OK"
2026-04-14 21:24:21 | INFO     | generation.api_client | [Gemini] Edit received | id=bbb0044e
2026-04-14 21:24:21 | INFO     | generation.augmenter | Augmenting | ann=43 | prompt=night_scene | req=288e8946
2026-04-15 09:17:48 | INFO     | main | Pipeline config loaded from configs/pipeline_config.yaml
2026-04-15 09:17:48 | INFO     | main | Mode: use_mock=False | variants=3 | prompts=['concrete_wall', 'office_interior', 'brick_wall', 'tile_wall', 'wood_panel_interior']
2026-04-15 09:17:48 | INFO     | main | === STAGE 1: INGESTION ===
2026-04-15 09:17:48 | INFO     | ingestion.coco_parser | Loading COCO annotations from data\raw\annotations.json
2026-04-15 09:17:48 | INFO     | ingestion.coco_parser | Found 53 images, 4 categories, 131 annotations
2026-04-15 09:17:48 | INFO     | main | Dry run: found 131 annotations. Config OK. Exiting.
2026-04-15 09:17:55 | INFO     | main | Pipeline config loaded from configs/pipeline_config.yaml
2026-04-15 09:17:55 | INFO     | main | Mode: use_mock=False | variants=3 | prompts=['concrete_wall', 'office_interior', 'brick_wall', 'tile_wall', 'wood_panel_interior']
2026-04-15 09:17:55 | INFO     | main | === STAGE 1: INGESTION ===
2026-04-15 09:17:55 | INFO     | ingestion.coco_parser | Loading COCO annotations from data\raw\annotations.json
2026-04-15 09:17:55 | INFO     | ingestion.coco_parser | Found 53 images, 4 categories, 131 annotations
2026-04-15 09:17:55 | INFO     | main | === STAGE 2: GENERATION ===
2026-04-15 09:19:27 | INFO     | main | Pipeline config loaded from configs/pipeline_config.yaml
2026-04-15 09:19:27 | INFO     | main | Mode: use_mock=False | variants=3 | prompts=['concrete_wall', 'office_interior', 'brick_wall', 'tile_wall', 'wood_panel_interior']
2026-04-15 09:19:27 | INFO     | main | === STAGE 1: INGESTION ===
2026-04-15 09:19:27 | INFO     | ingestion.coco_parser | Loading COCO annotations from data\raw\annotations.json
2026-04-15 09:19:27 | INFO     | ingestion.coco_parser | Found 53 images, 4 categories, 131 annotations
2026-04-15 09:19:27 | INFO     | main | === STAGE 2: GENERATION ===
2026-04-15 09:19:31 | INFO     | generation.api_client | GeminiEditClient initialised with model=gemini-2.5-flash-image
2026-04-15 09:19:31 | INFO     | main | === STAGE 3: VALIDATION ===
2026-04-15 09:19:31 | INFO     | main | === STAGE 4: CURATION ===
2026-04-15 09:19:31 | INFO     | main | === RUNNING BATCH PROCESSOR ===
2026-04-15 09:19:31 | INFO     | generation.batch_processor | Starting batch processing pipeline …
2026-04-15 09:19:31 | INFO     | generation.batch_processor | 131 annotations to process (after checkpoint filter).
2026-04-15 09:19:31 | INFO     | generation.augmenter | Augmenting | ann=3 | prompt=concrete_wall | req=870499c8
2026-04-15 09:19:31 | INFO     | generation.augmenter | Augmenting | ann=1 | prompt=concrete_wall | req=89bfe0c9
2026-04-15 09:19:31 | INFO     | generation.augmenter | Augmenting | ann=0 | prompt=concrete_wall | req=182f124b
2026-04-15 09:19:31 | INFO     | generation.augmenter | Augmenting | ann=2 | prompt=concrete_wall | req=b6db3e7f
2026-04-15 09:19:31 | INFO     | generation.api_client | [Gemini] Requesting edit | id=870499c8 | model=gemini-2.5-flash-image
2026-04-15 09:19:32 | INFO     | google_genai.models | AFC is enabled with max remote calls: 10.
2026-04-15 09:19:37 | INFO     | generation.api_client | [Gemini] Requesting edit | id=89bfe0c9 | model=gemini-2.5-flash-image
2026-04-15 09:19:38 | INFO     | google_genai.models | AFC is enabled with max remote calls: 10.
2026-04-15 09:19:39 | INFO     | httpx | HTTP Request: POST https://generativelanguage.googleapis.com/v1beta/models/gemini-2.5-flash-image:generateContent "HTTP/1.1 200 OK"
2026-04-15 09:19:40 | INFO     | generation.api_client | [Gemini] Edit received | id=870499c8
2026-04-15 09:19:40 | INFO     | generation.augmenter | Augmenting | ann=3 | prompt=office_interior | req=b1e6cf04
2026-04-15 09:19:43 | INFO     | generation.api_client | [Gemini] Requesting edit | id=182f124b | model=gemini-2.5-flash-image
2026-04-15 09:19:44 | INFO     | google_genai.models | AFC is enabled with max remote calls: 10.
2026-04-15 09:19:49 | INFO     | httpx | HTTP Request: POST https://generativelanguage.googleapis.com/v1beta/models/gemini-2.5-flash-image:generateContent "HTTP/1.1 200 OK"
2026-04-15 09:19:49 | INFO     | generation.api_client | [Gemini] Edit received | id=89bfe0c9
2026-04-15 09:19:49 | INFO     | generation.augmenter | Augmenting | ann=1 | prompt=office_interior | req=6a125e17
2026-04-15 09:19:49 | INFO     | generation.api_client | [Gemini] Requesting edit | id=b6db3e7f | model=gemini-2.5-flash-image
2026-04-15 09:19:50 | INFO     | google_genai.models | AFC is enabled with max remote calls: 10.
2026-04-15 09:19:50 | INFO     | httpx | HTTP Request: POST https://generativelanguage.googleapis.com/v1beta/models/gemini-2.5-flash-image:generateContent "HTTP/1.1 200 OK"
2026-04-15 09:19:50 | INFO     | generation.api_client | [Gemini] Edit received | id=182f124b
2026-04-15 09:19:50 | INFO     | generation.augmenter | Augmenting | ann=0 | prompt=office_interior | req=2416c01e
2026-04-15 09:19:55 | INFO     | generation.api_client | [Gemini] Requesting edit | id=b1e6cf04 | model=gemini-2.5-flash-image
2026-04-15 09:19:56 | INFO     | google_genai.models | AFC is enabled with max remote calls: 10.
2026-04-15 09:19:57 | INFO     | httpx | HTTP Request: POST https://generativelanguage.googleapis.com/v1beta/models/gemini-2.5-flash-image:generateContent "HTTP/1.1 200 OK"
2026-04-15 09:19:58 | INFO     | generation.api_client | [Gemini] Edit received | id=b6db3e7f
2026-04-15 09:19:58 | INFO     | generation.augmenter | Augmenting | ann=2 | prompt=office_interior | req=78cc8cb5
2026-04-15 09:20:01 | INFO     | generation.api_client | [Gemini] Requesting edit | id=6a125e17 | model=gemini-2.5-flash-image
2026-04-15 09:20:02 | INFO     | google_genai.models | AFC is enabled with max remote calls: 10.
2026-04-15 09:20:03 | INFO     | httpx | HTTP Request: POST https://generativelanguage.googleapis.com/v1beta/models/gemini-2.5-flash-image:generateContent "HTTP/1.1 200 OK"
2026-04-15 09:20:04 | INFO     | generation.api_client | [Gemini] Edit received | id=b1e6cf04
2026-04-15 09:20:04 | INFO     | generation.augmenter | Augmenting | ann=3 | prompt=brick_wall | req=574f88b8
2026-04-15 09:20:07 | INFO     | generation.api_client | [Gemini] Requesting edit | id=2416c01e | model=gemini-2.5-flash-image
2026-04-15 09:20:08 | INFO     | google_genai.models | AFC is enabled with max remote calls: 10.
2026-04-15 09:20:12 | INFO     | httpx | HTTP Request: POST https://generativelanguage.googleapis.com/v1beta/models/gemini-2.5-flash-image:generateContent "HTTP/1.1 200 OK"
2026-04-15 09:20:12 | INFO     | generation.api_client | [Gemini] Edit received | id=6a125e17
2026-04-15 09:20:12 | INFO     | generation.augmenter | Augmenting | ann=1 | prompt=brick_wall | req=410db2f9
2026-04-15 09:20:13 | INFO     | generation.api_client | [Gemini] Requesting edit | id=78cc8cb5 | model=gemini-2.5-flash-image
2026-04-15 09:20:14 | INFO     | google_genai.models | AFC is enabled with max remote calls: 10.
2026-04-15 09:20:16 | INFO     | httpx | HTTP Request: POST https://generativelanguage.googleapis.com/v1beta/models/gemini-2.5-flash-image:generateContent "HTTP/1.1 200 OK"
2026-04-15 09:20:16 | INFO     | generation.api_client | [Gemini] Edit received | id=2416c01e
2026-04-15 09:20:16 | INFO     | generation.augmenter | Augmenting | ann=0 | prompt=brick_wall | req=8366e629
2026-04-15 09:20:19 | INFO     | generation.api_client | [Gemini] Requesting edit | id=574f88b8 | model=gemini-2.5-flash-image
2026-04-15 09:20:20 | INFO     | google_genai.models | AFC is enabled with max remote calls: 10.
2026-04-15 09:20:21 | INFO     | httpx | HTTP Request: POST https://generativelanguage.googleapis.com/v1beta/models/gemini-2.5-flash-image:generateContent "HTTP/1.1 200 OK"
2026-04-15 09:20:21 | INFO     | generation.api_client | [Gemini] Edit received | id=78cc8cb5
2026-04-15 09:20:21 | INFO     | generation.augmenter | Augmenting | ann=2 | prompt=brick_wall | req=11cb156d
2026-04-15 09:20:25 | INFO     | generation.api_client | [Gemini] Requesting edit | id=410db2f9 | model=gemini-2.5-flash-image
2026-04-15 09:20:26 | INFO     | google_genai.models | AFC is enabled with max remote calls: 10.
2026-04-15 09:20:27 | INFO     | httpx | HTTP Request: POST https://generativelanguage.googleapis.com/v1beta/models/gemini-2.5-flash-image:generateContent "HTTP/1.1 200 OK"
2026-04-15 09:20:28 | INFO     | generation.api_client | [Gemini] Edit received | id=574f88b8
2026-04-15 09:20:28 | INFO     | generation.augmenter | Augmenting | ann=3 | prompt=tile_wall | req=4b43dfe7
2026-04-15 09:20:31 | INFO     | generation.api_client | [Gemini] Requesting edit | id=8366e629 | model=gemini-2.5-flash-image
2026-04-15 09:20:32 | INFO     | google_genai.models | AFC is enabled with max remote calls: 10.
2026-04-15 09:20:35 | INFO     | httpx | HTTP Request: POST https://generativelanguage.googleapis.com/v1beta/models/gemini-2.5-flash-image:generateContent "HTTP/1.1 200 OK"
2026-04-15 09:20:36 | INFO     | generation.api_client | [Gemini] Edit received | id=410db2f9
2026-04-15 09:20:36 | INFO     | generation.augmenter | Augmenting | ann=1 | prompt=tile_wall | req=fcc96082
2026-04-15 09:20:37 | INFO     | generation.api_client | [Gemini] Requesting edit | id=11cb156d | model=gemini-2.5-flash-image
2026-04-15 09:20:38 | INFO     | google_genai.models | AFC is enabled with max remote calls: 10.
2026-04-15 09:20:40 | INFO     | httpx | HTTP Request: POST https://generativelanguage.googleapis.com/v1beta/models/gemini-2.5-flash-image:generateContent "HTTP/1.1 200 OK"
2026-04-15 09:20:40 | INFO     | generation.api_client | [Gemini] Edit received | id=8366e629
2026-04-15 09:20:40 | INFO     | generation.augmenter | Augmenting | ann=0 | prompt=tile_wall | req=87e5d7d3
2026-04-15 09:20:43 | INFO     | generation.api_client | [Gemini] Requesting edit | id=4b43dfe7 | model=gemini-2.5-flash-image
2026-04-15 09:20:44 | INFO     | google_genai.models | AFC is enabled with max remote calls: 10.
2026-04-15 09:20:44 | INFO     | httpx | HTTP Request: POST https://generativelanguage.googleapis.com/v1beta/models/gemini-2.5-flash-image:generateContent "HTTP/1.1 200 OK"
2026-04-15 09:20:45 | INFO     | generation.api_client | [Gemini] Edit received | id=11cb156d
2026-04-15 09:20:45 | INFO     | generation.augmenter | Augmenting | ann=2 | prompt=tile_wall | req=ada13398
2026-04-15 09:20:49 | INFO     | generation.api_client | [Gemini] Requesting edit | id=fcc96082 | model=gemini-2.5-flash-image
2026-04-15 09:20:50 | INFO     | google_genai.models | AFC is enabled with max remote calls: 10.
2026-04-15 09:20:51 | INFO     | httpx | HTTP Request: POST https://generativelanguage.googleapis.com/v1beta/models/gemini-2.5-flash-image:generateContent "HTTP/1.1 200 OK"
2026-04-15 09:20:51 | INFO     | generation.api_client | [Gemini] Edit received | id=4b43dfe7
2026-04-15 09:20:51 | INFO     | generation.augmenter | Augmenting | ann=3 | prompt=wood_panel_interior | req=7cefd4ef
2026-04-15 09:20:55 | INFO     | generation.api_client | [Gemini] Requesting edit | id=87e5d7d3 | model=gemini-2.5-flash-image
2026-04-15 09:20:56 | INFO     | google_genai.models | AFC is enabled with max remote calls: 10.
2026-04-15 09:20:57 | INFO     | httpx | HTTP Request: POST https://generativelanguage.googleapis.com/v1beta/models/gemini-2.5-flash-image:generateContent "HTTP/1.1 200 OK"
2026-04-15 09:20:58 | INFO     | generation.api_client | [Gemini] Edit received | id=fcc96082
2026-04-15 09:20:58 | INFO     | generation.augmenter | Augmenting | ann=1 | prompt=wood_panel_interior | req=3df15d2d
2026-04-15 09:21:01 | INFO     | generation.api_client | [Gemini] Requesting edit | id=ada13398 | model=gemini-2.5-flash-image
2026-04-15 09:21:02 | INFO     | google_genai.models | AFC is enabled with max remote calls: 10.
2026-04-15 09:21:06 | INFO     | httpx | HTTP Request: POST https://generativelanguage.googleapis.com/v1beta/models/gemini-2.5-flash-image:generateContent "HTTP/1.1 200 OK"
2026-04-15 09:21:06 | INFO     | generation.api_client | [Gemini] Edit received | id=87e5d7d3
2026-04-15 09:21:06 | INFO     | generation.augmenter | Augmenting | ann=0 | prompt=wood_panel_interior | req=f236597e
2026-04-15 09:21:07 | INFO     | generation.api_client | [Gemini] Requesting edit | id=7cefd4ef | model=gemini-2.5-flash-image
2026-04-15 09:21:08 | INFO     | google_genai.models | AFC is enabled with max remote calls: 10.
2026-04-15 09:21:10 | INFO     | httpx | HTTP Request: POST https://generativelanguage.googleapis.com/v1beta/models/gemini-2.5-flash-image:generateContent "HTTP/1.1 200 OK"
2026-04-15 09:21:10 | INFO     | generation.api_client | [Gemini] Edit received | id=ada13398
2026-04-15 09:21:10 | INFO     | generation.augmenter | Augmenting | ann=2 | prompt=wood_panel_interior | req=6960f06d
2026-04-15 09:21:13 | INFO     | generation.api_client | [Gemini] Requesting edit | id=3df15d2d | model=gemini-2.5-flash-image
2026-04-15 09:21:14 | INFO     | google_genai.models | AFC is enabled with max remote calls: 10.
2026-04-15 09:21:16 | INFO     | httpx | HTTP Request: POST https://generativelanguage.googleapis.com/v1beta/models/gemini-2.5-flash-image:generateContent "HTTP/1.1 200 OK"
2026-04-15 09:21:17 | INFO     | generation.api_client | [Gemini] Edit received | id=7cefd4ef
2026-04-15 09:21:17 | INFO     | curation.curator | Curated → GOLD | 0f9e733a-frame_000124__ann3__concrete_wall__870499c8.jpg
2026-04-15 09:21:17 | INFO     | curation.curator | Curated → GOLD | 0f9e733a-frame_000124__ann3__office_interior__b1e6cf04.jpg
2026-04-15 09:21:17 | INFO     | curation.curator | Curated → GOLD | 0f9e733a-frame_000124__ann3__brick_wall__574f88b8.jpg
2026-04-15 09:21:17 | INFO     | curation.curator | Curated → GOLD | 0f9e733a-frame_000124__ann3__tile_wall__4b43dfe7.jpg
2026-04-15 09:21:17 | INFO     | curation.curator | Curated → GOLD | 0f9e733a-frame_000124__ann3__wood_panel_interior__7cefd4ef.jpg
2026-04-15 09:21:17 | INFO     | generation.augmenter | Augmenting | ann=4 | prompt=concrete_wall | req=05ce8da1
2026-04-15 09:21:19 | INFO     | generation.api_client | [Gemini] Requesting edit | id=f236597e | model=gemini-2.5-flash-image
2026-04-15 09:21:20 | INFO     | google_genai.models | AFC is enabled with max remote calls: 10.
2026-04-15 09:21:21 | INFO     | httpx | HTTP Request: POST https://generativelanguage.googleapis.com/v1beta/models/gemini-2.5-flash-image:generateContent "HTTP/1.1 200 OK"
2026-04-15 09:21:21 | INFO     | generation.api_client | [Gemini] Edit received | id=3df15d2d
2026-04-15 09:21:21 | INFO     | curation.curator | Curated → GOLD | 54a8cc5a-frame_000036__ann1__concrete_wall__89bfe0c9.jpg
2026-04-15 09:21:21 | INFO     | curation.curator | Curated → GOLD | 54a8cc5a-frame_000036__ann1__office_interior__6a125e17.jpg
2026-04-15 09:21:21 | INFO     | curation.curator | Curated → GOLD | 54a8cc5a-frame_000036__ann1__brick_wall__410db2f9.jpg
2026-04-15 09:21:21 | INFO     | curation.curator | Curated → GOLD | 54a8cc5a-frame_000036__ann1__tile_wall__fcc96082.jpg
2026-04-15 09:21:22 | INFO     | curation.curator | Curated → GOLD | 54a8cc5a-frame_000036__ann1__wood_panel_interior__3df15d2d.jpg
2026-04-15 09:21:22 | INFO     | generation.augmenter | Augmenting | ann=5 | prompt=concrete_wall | req=82fbaea9
2026-04-15 09:21:25 | INFO     | generation.api_client | [Gemini] Requesting edit | id=6960f06d | model=gemini-2.5-flash-image
2026-04-15 09:21:26 | INFO     | google_genai.models | AFC is enabled with max remote calls: 10.
2026-04-15 09:21:27 | INFO     | httpx | HTTP Request: POST https://generativelanguage.googleapis.com/v1beta/models/gemini-2.5-flash-image:generateContent "HTTP/1.1 200 OK"
2026-04-15 09:21:27 | INFO     | generation.api_client | [Gemini] Edit received | id=f236597e
2026-04-15 09:21:27 | INFO     | curation.curator | Curated → GOLD | 99ffcf1a-frame_000025__ann0__concrete_wall__182f124b.jpg
2026-04-15 09:21:27 | INFO     | curation.curator | Curated → GOLD | 99ffcf1a-frame_000025__ann0__office_interior__2416c01e.jpg
2026-04-15 09:21:27 | INFO     | curation.curator | Curated → GOLD | 99ffcf1a-frame_000025__ann0__brick_wall__8366e629.jpg
2026-04-15 09:21:27 | INFO     | curation.curator | Curated → GOLD | 99ffcf1a-frame_000025__ann0__tile_wall__87e5d7d3.jpg
2026-04-15 09:21:27 | INFO     | curation.curator | Curated → GOLD | 99ffcf1a-frame_000025__ann0__wood_panel_interior__f236597e.jpg
2026-04-15 09:21:28 | INFO     | generation.augmenter | Augmenting | ann=6 | prompt=concrete_wall | req=7bd3b886
2026-04-15 09:21:31 | INFO     | generation.api_client | [Gemini] Requesting edit | id=05ce8da1 | model=gemini-2.5-flash-image
2026-04-15 09:21:32 | INFO     | google_genai.models | AFC is enabled with max remote calls: 10.
2026-04-15 09:21:34 | INFO     | httpx | HTTP Request: POST https://generativelanguage.googleapis.com/v1beta/models/gemini-2.5-flash-image:generateContent "HTTP/1.1 200 OK"
2026-04-15 09:21:34 | INFO     | generation.api_client | [Gemini] Edit received | id=6960f06d
2026-04-15 09:21:34 | INFO     | curation.curator | Curated → GOLD | 0f9e733a-frame_000124__ann2__concrete_wall__b6db3e7f.jpg
2026-04-15 09:21:34 | INFO     | curation.curator | Curated → GOLD | 0f9e733a-frame_000124__ann2__office_interior__78cc8cb5.jpg
2026-04-15 09:21:34 | INFO     | curation.curator | Curated → GOLD | 0f9e733a-frame_000124__ann2__brick_wall__11cb156d.jpg
2026-04-15 09:21:34 | INFO     | curation.curator | Curated → GOLD | 0f9e733a-frame_000124__ann2__tile_wall__ada13398.jpg
2026-04-15 09:21:35 | INFO     | curation.curator | Curated → GOLD | 0f9e733a-frame_000124__ann2__wood_panel_interior__6960f06d.jpg
2026-04-15 09:21:35 | INFO     | generation.augmenter | Augmenting | ann=7 | prompt=concrete_wall | req=49093aba
2026-04-15 09:21:37 | INFO     | generation.api_client | [Gemini] Requesting edit | id=82fbaea9 | model=gemini-2.5-flash-image
2026-04-15 09:21:38 | INFO     | google_genai.models | AFC is enabled with max remote calls: 10.
2026-04-15 09:21:39 | INFO     | httpx | HTTP Request: POST https://generativelanguage.googleapis.com/v1beta/models/gemini-2.5-flash-image:generateContent "HTTP/1.1 200 OK"
2026-04-15 09:21:39 | INFO     | generation.api_client | [Gemini] Edit received | id=05ce8da1
2026-04-15 09:21:39 | INFO     | generation.augmenter | Augmenting | ann=4 | prompt=office_interior | req=ee2e84b9
2026-04-15 09:21:43 | INFO     | generation.api_client | [Gemini] Requesting edit | id=7bd3b886 | model=gemini-2.5-flash-image
2026-04-15 09:21:44 | INFO     | google_genai.models | AFC is enabled with max remote calls: 10.
2026-04-15 09:21:46 | INFO     | httpx | HTTP Request: POST https://generativelanguage.googleapis.com/v1beta/models/gemini-2.5-flash-image:generateContent "HTTP/1.1 200 OK"
2026-04-15 09:21:47 | INFO     | generation.api_client | [Gemini] Edit received | id=82fbaea9
2026-04-15 09:21:47 | INFO     | generation.augmenter | Augmenting | ann=5 | prompt=office_interior | req=392103c5
2026-04-15 09:21:49 | INFO     | generation.api_client | [Gemini] Requesting edit | id=49093aba | model=gemini-2.5-flash-image
2026-04-15 09:21:50 | INFO     | google_genai.models | AFC is enabled with max remote calls: 10.
2026-04-15 09:21:53 | INFO     | httpx | HTTP Request: POST https://generativelanguage.googleapis.com/v1beta/models/gemini-2.5-flash-image:generateContent "HTTP/1.1 200 OK"
2026-04-15 09:21:53 | INFO     | generation.api_client | [Gemini] Edit received | id=7bd3b886
2026-04-15 09:21:53 | INFO     | generation.augmenter | Augmenting | ann=6 | prompt=office_interior | req=7d938cd1
2026-04-15 09:21:55 | INFO     | generation.api_client | [Gemini] Requesting edit | id=ee2e84b9 | model=gemini-2.5-flash-image
2026-04-15 09:21:56 | INFO     | google_genai.models | AFC is enabled with max remote calls: 10.
2026-04-15 09:21:57 | INFO     | httpx | HTTP Request: POST https://generativelanguage.googleapis.com/v1beta/models/gemini-2.5-flash-image:generateContent "HTTP/1.1 200 OK"
2026-04-15 09:21:58 | INFO     | generation.api_client | [Gemini] Edit received | id=49093aba
2026-04-15 09:21:58 | INFO     | generation.augmenter | Augmenting | ann=7 | prompt=office_interior | req=67583cbd
2026-04-15 09:22:01 | INFO     | generation.api_client | [Gemini] Requesting edit | id=392103c5 | model=gemini-2.5-flash-image
2026-04-15 09:22:02 | INFO     | google_genai.models | AFC is enabled with max remote calls: 10.
2026-04-15 09:22:04 | INFO     | httpx | HTTP Request: POST https://generativelanguage.googleapis.com/v1beta/models/gemini-2.5-flash-image:generateContent "HTTP/1.1 200 OK"
2026-04-15 09:22:05 | INFO     | generation.api_client | [Gemini] Edit received | id=ee2e84b9
2026-04-15 09:22:05 | INFO     | generation.augmenter | Augmenting | ann=4 | prompt=brick_wall | req=feb3eba8
2026-04-15 09:22:07 | INFO     | generation.api_client | [Gemini] Requesting edit | id=7d938cd1 | model=gemini-2.5-flash-image
2026-04-15 09:22:08 | INFO     | google_genai.models | AFC is enabled with max remote calls: 10.
2026-04-15 09:22:09 | INFO     | httpx | HTTP Request: POST https://generativelanguage.googleapis.com/v1beta/models/gemini-2.5-flash-image:generateContent "HTTP/1.1 200 OK"
2026-04-15 09:22:10 | INFO     | generation.api_client | [Gemini] Edit received | id=392103c5
2026-04-15 09:22:10 | INFO     | generation.augmenter | Augmenting | ann=5 | prompt=brick_wall | req=442cce41
2026-04-15 09:22:13 | INFO     | generation.api_client | [Gemini] Requesting edit | id=67583cbd | model=gemini-2.5-flash-image
2026-04-15 09:22:14 | INFO     | google_genai.models | AFC is enabled with max remote calls: 10.
2026-04-15 09:22:15 | INFO     | httpx | HTTP Request: POST https://generativelanguage.googleapis.com/v1beta/models/gemini-2.5-flash-image:generateContent "HTTP/1.1 200 OK"
2026-04-15 09:22:16 | INFO     | generation.api_client | [Gemini] Edit received | id=7d938cd1
2026-04-15 09:22:16 | INFO     | generation.augmenter | Augmenting | ann=6 | prompt=brick_wall | req=417f7d8d
2026-04-15 09:22:19 | INFO     | generation.api_client | [Gemini] Requesting edit | id=feb3eba8 | model=gemini-2.5-flash-image
2026-04-15 09:22:20 | INFO     | google_genai.models | AFC is enabled with max remote calls: 10.
2026-04-15 09:22:23 | INFO     | httpx | HTTP Request: POST https://generativelanguage.googleapis.com/v1beta/models/gemini-2.5-flash-image:generateContent "HTTP/1.1 200 OK"
2026-04-15 09:22:23 | INFO     | generation.api_client | [Gemini] Edit received | id=67583cbd
2026-04-15 09:22:23 | INFO     | generation.augmenter | Augmenting | ann=7 | prompt=brick_wall | req=7a071a8f
2026-04-15 09:22:25 | INFO     | generation.api_client | [Gemini] Requesting edit | id=442cce41 | model=gemini-2.5-flash-image
2026-04-15 09:22:26 | INFO     | google_genai.models | AFC is enabled with max remote calls: 10.
2026-04-15 09:22:28 | INFO     | httpx | HTTP Request: POST https://generativelanguage.googleapis.com/v1beta/models/gemini-2.5-flash-image:generateContent "HTTP/1.1 200 OK"
2026-04-15 09:22:28 | INFO     | generation.api_client | [Gemini] Edit received | id=feb3eba8
2026-04-15 09:22:28 | INFO     | generation.augmenter | Augmenting | ann=4 | prompt=tile_wall | req=3dd1477f
2026-04-15 09:22:31 | INFO     | generation.api_client | [Gemini] Requesting edit | id=417f7d8d | model=gemini-2.5-flash-image
2026-04-15 09:22:32 | INFO     | google_genai.models | AFC is enabled with max remote calls: 10.
2026-04-15 09:22:34 | INFO     | httpx | HTTP Request: POST https://generativelanguage.googleapis.com/v1beta/models/gemini-2.5-flash-image:generateContent "HTTP/1.1 200 OK"
2026-04-15 09:22:34 | INFO     | generation.api_client | [Gemini] Edit received | id=442cce41
2026-04-15 09:22:34 | INFO     | generation.augmenter | Augmenting | ann=5 | prompt=tile_wall | req=d1ac3599
2026-04-15 09:22:37 | INFO     | generation.api_client | [Gemini] Requesting edit | id=7a071a8f | model=gemini-2.5-flash-image
2026-04-15 09:22:38 | INFO     | google_genai.models | AFC is enabled with max remote calls: 10.
2026-04-15 09:22:42 | INFO     | httpx | HTTP Request: POST https://generativelanguage.googleapis.com/v1beta/models/gemini-2.5-flash-image:generateContent "HTTP/1.1 200 OK"
2026-04-15 09:22:43 | INFO     | generation.api_client | [Gemini] Edit received | id=417f7d8d
2026-04-15 09:22:43 | INFO     | generation.augmenter | Augmenting | ann=6 | prompt=tile_wall | req=94bee080
2026-04-15 09:22:43 | INFO     | generation.api_client | [Gemini] Requesting edit | id=3dd1477f | model=gemini-2.5-flash-image
2026-04-15 09:22:44 | INFO     | google_genai.models | AFC is enabled with max remote calls: 10.
2026-04-15 09:22:46 | INFO     | httpx | HTTP Request: POST https://generativelanguage.googleapis.com/v1beta/models/gemini-2.5-flash-image:generateContent "HTTP/1.1 200 OK"
2026-04-15 09:22:46 | INFO     | generation.api_client | [Gemini] Edit received | id=7a071a8f
2026-04-15 09:22:46 | INFO     | generation.augmenter | Augmenting | ann=7 | prompt=tile_wall | req=20bbd37b
2026-04-15 09:22:49 | INFO     | generation.api_client | [Gemini] Requesting edit | id=d1ac3599 | model=gemini-2.5-flash-image
2026-04-15 09:22:50 | INFO     | google_genai.models | AFC is enabled with max remote calls: 10.
2026-04-15 09:22:52 | INFO     | httpx | HTTP Request: POST https://generativelanguage.googleapis.com/v1beta/models/gemini-2.5-flash-image:generateContent "HTTP/1.1 200 OK"
2026-04-15 09:22:52 | INFO     | generation.api_client | [Gemini] Edit received | id=3dd1477f
2026-04-15 09:22:52 | INFO     | generation.augmenter | Augmenting | ann=4 | prompt=wood_panel_interior | req=04297070
2026-04-15 09:22:55 | INFO     | generation.api_client | [Gemini] Requesting edit | id=94bee080 | model=gemini-2.5-flash-image
2026-04-15 09:22:56 | INFO     | google_genai.models | AFC is enabled with max remote calls: 10.
2026-04-15 09:22:59 | INFO     | httpx | HTTP Request: POST https://generativelanguage.googleapis.com/v1beta/models/gemini-2.5-flash-image:generateContent "HTTP/1.1 200 OK"
2026-04-15 09:22:59 | INFO     | generation.api_client | [Gemini] Edit received | id=d1ac3599
2026-04-15 09:22:59 | INFO     | generation.augmenter | Augmenting | ann=5 | prompt=wood_panel_interior | req=d2d4a36e
2026-04-15 09:23:01 | INFO     | generation.api_client | [Gemini] Requesting edit | id=20bbd37b | model=gemini-2.5-flash-image
2026-04-15 09:23:02 | INFO     | google_genai.models | AFC is enabled with max remote calls: 10.
2026-04-15 09:23:03 | INFO     | httpx | HTTP Request: POST https://generativelanguage.googleapis.com/v1beta/models/gemini-2.5-flash-image:generateContent "HTTP/1.1 200 OK"
2026-04-15 09:23:04 | INFO     | generation.api_client | [Gemini] Edit received | id=94bee080
2026-04-15 09:23:04 | INFO     | generation.augmenter | Augmenting | ann=6 | prompt=wood_panel_interior | req=fcf42355
2026-04-15 09:23:07 | INFO     | generation.api_client | [Gemini] Requesting edit | id=04297070 | model=gemini-2.5-flash-image
2026-04-15 09:23:08 | INFO     | google_genai.models | AFC is enabled with max remote calls: 10.
2026-04-15 09:23:10 | INFO     | httpx | HTTP Request: POST https://generativelanguage.googleapis.com/v1beta/models/gemini-2.5-flash-image:generateContent "HTTP/1.1 200 OK"
2026-04-15 09:23:11 | INFO     | generation.api_client | [Gemini] Edit received | id=20bbd37b
2026-04-15 09:23:11 | INFO     | generation.augmenter | Augmenting | ann=7 | prompt=wood_panel_interior | req=d3af8df7
2026-04-15 09:23:13 | INFO     | generation.api_client | [Gemini] Requesting edit | id=d2d4a36e | model=gemini-2.5-flash-image
2026-04-15 09:23:14 | INFO     | google_genai.models | AFC is enabled with max remote calls: 10.
2026-04-15 09:23:15 | INFO     | httpx | HTTP Request: POST https://generativelanguage.googleapis.com/v1beta/models/gemini-2.5-flash-image:generateContent "HTTP/1.1 200 OK"
2026-04-15 09:23:15 | INFO     | generation.api_client | [Gemini] Edit received | id=04297070
2026-04-15 09:23:15 | INFO     | curation.curator | Curated → GOLD | 0f9e733a-frame_000124__ann4__concrete_wall__05ce8da1.jpg
2026-04-15 09:23:16 | INFO     | curation.curator | Curated → GOLD | 0f9e733a-frame_000124__ann4__office_interior__ee2e84b9.jpg
2026-04-15 09:23:16 | INFO     | curation.curator | Curated → GOLD | 0f9e733a-frame_000124__ann4__brick_wall__feb3eba8.jpg
2026-04-15 09:23:16 | INFO     | curation.curator | Curated → GOLD | 0f9e733a-frame_000124__ann4__tile_wall__3dd1477f.jpg
2026-04-15 09:23:16 | INFO     | curation.curator | Curated → GOLD | 0f9e733a-frame_000124__ann4__wood_panel_interior__04297070.jpg
2026-04-15 09:23:19 | INFO     | generation.api_client | [Gemini] Requesting edit | id=fcf42355 | model=gemini-2.5-flash-image
2026-04-15 09:23:20 | INFO     | google_genai.models | AFC is enabled with max remote calls: 10.
2026-04-15 09:23:21 | INFO     | httpx | HTTP Request: POST https://generativelanguage.googleapis.com/v1beta/models/gemini-2.5-flash-image:generateContent "HTTP/1.1 200 OK"
2026-04-15 09:23:21 | INFO     | generation.api_client | [Gemini] Edit received | id=d2d4a36e
2026-04-15 09:23:21 | INFO     | curation.curator | Curated → GOLD | 19c42235-frame_000126__ann5__concrete_wall__82fbaea9.jpg
2026-04-15 09:23:21 | INFO     | curation.curator | Curated → GOLD | 19c42235-frame_000126__ann5__office_interior__392103c5.jpg
2026-04-15 09:23:21 | INFO     | curation.curator | Curated → GOLD | 19c42235-frame_000126__ann5__brick_wall__442cce41.jpg
2026-04-15 09:23:22 | INFO     | curation.curator | Curated → GOLD | 19c42235-frame_000126__ann5__tile_wall__d1ac3599.jpg
2026-04-15 09:23:22 | INFO     | curation.curator | Curated → GOLD | 19c42235-frame_000126__ann5__wood_panel_interior__d2d4a36e.jpg
2026-04-15 09:23:25 | INFO     | generation.api_client | [Gemini] Requesting edit | id=d3af8df7 | model=gemini-2.5-flash-image
2026-04-15 09:23:26 | INFO     | google_genai.models | AFC is enabled with max remote calls: 10.
2026-04-15 09:23:27 | INFO     | httpx | HTTP Request: POST https://generativelanguage.googleapis.com/v1beta/models/gemini-2.5-flash-image:generateContent "HTTP/1.1 200 OK"
2026-04-15 09:23:27 | INFO     | generation.api_client | [Gemini] Edit received | id=fcf42355
2026-04-15 09:23:27 | INFO     | curation.curator | Curated → GOLD | 19c42235-frame_000126__ann6__concrete_wall__7bd3b886.jpg
2026-04-15 09:23:27 | INFO     | curation.curator | Curated → GOLD | 19c42235-frame_000126__ann6__office_interior__7d938cd1.jpg
2026-04-15 09:23:27 | INFO     | curation.curator | Curated → DISCARDED | 19c42235-frame_000126__ann6__brick_wall__417f7d8d.jpg
2026-04-15 09:23:28 | INFO     | curation.curator | Curated → GOLD | 19c42235-frame_000126__ann6__tile_wall__94bee080.jpg
2026-04-15 09:23:28 | INFO     | curation.curator | Curated → GOLD | 19c42235-frame_000126__ann6__wood_panel_interior__fcf42355.jpg
2026-04-15 09:23:33 | INFO     | httpx | HTTP Request: POST https://generativelanguage.googleapis.com/v1beta/models/gemini-2.5-flash-image:generateContent "HTTP/1.1 200 OK"
2026-04-15 09:23:33 | INFO     | generation.api_client | [Gemini] Edit received | id=d3af8df7
2026-04-15 09:23:34 | INFO     | curation.curator | Curated → GOLD | 19c42235-frame_000126__ann7__concrete_wall__49093aba.jpg
2026-04-15 09:23:34 | INFO     | curation.curator | Curated → GOLD | 19c42235-frame_000126__ann7__office_interior__67583cbd.jpg
2026-04-15 09:23:34 | INFO     | curation.curator | Curated → GOLD | 19c42235-frame_000126__ann7__brick_wall__7a071a8f.jpg
2026-04-15 09:23:34 | INFO     | curation.curator | Curated → GOLD | 19c42235-frame_000126__ann7__tile_wall__20bbd37b.jpg
2026-04-15 09:23:34 | INFO     | curation.curator | Curated → GOLD | 19c42235-frame_000126__ann7__wood_panel_interior__d3af8df7.jpg
2026-04-15 09:23:34 | INFO     | generation.augmenter | Augmenting | ann=8 | prompt=concrete_wall | req=2741f43c
2026-04-15 09:23:34 | INFO     | generation.augmenter | Augmenting | ann=9 | prompt=concrete_wall | req=2fee9c4e
2026-04-15 09:23:34 | INFO     | generation.api_client | [Gemini] Requesting edit | id=2741f43c | model=gemini-2.5-flash-image
2026-04-15 09:23:34 | INFO     | generation.augmenter | Augmenting | ann=10 | prompt=concrete_wall | req=a2deadc7
2026-04-15 09:23:34 | INFO     | generation.augmenter | Augmenting | ann=11 | prompt=concrete_wall | req=a532d9b2
2026-04-15 09:23:34 | INFO     | google_genai.models | AFC is enabled with max remote calls: 10.
2026-04-15 09:23:40 | INFO     | generation.api_client | [Gemini] Requesting edit | id=2fee9c4e | model=gemini-2.5-flash-image
2026-04-15 09:23:40 | INFO     | google_genai.models | AFC is enabled with max remote calls: 10.
2026-04-15 09:23:42 | INFO     | httpx | HTTP Request: POST https://generativelanguage.googleapis.com/v1beta/models/gemini-2.5-flash-image:generateContent "HTTP/1.1 200 OK"
2026-04-15 09:23:43 | INFO     | generation.api_client | [Gemini] Edit received | id=2741f43c
2026-04-15 09:23:43 | INFO     | generation.augmenter | Augmenting | ann=8 | prompt=office_interior | req=c3bc0740
2026-04-15 09:23:46 | INFO     | generation.api_client | [Gemini] Requesting edit | id=a2deadc7 | model=gemini-2.5-flash-image
2026-04-15 09:23:46 | INFO     | google_genai.models | AFC is enabled with max remote calls: 10.
2026-04-15 09:23:48 | INFO     | httpx | HTTP Request: POST https://generativelanguage.googleapis.com/v1beta/models/gemini-2.5-flash-image:generateContent "HTTP/1.1 200 OK"
2026-04-15 09:23:48 | INFO     | generation.api_client | [Gemini] Edit received | id=2fee9c4e
2026-04-15 09:23:48 | INFO     | generation.augmenter | Augmenting | ann=9 | prompt=office_interior | req=161b95bd
2026-04-15 09:23:52 | INFO     | generation.api_client | [Gemini] Requesting edit | id=a532d9b2 | model=gemini-2.5-flash-image
2026-04-15 09:23:52 | INFO     | google_genai.models | AFC is enabled with max remote calls: 10.
2026-04-15 09:23:54 | INFO     | httpx | HTTP Request: POST https://generativelanguage.googleapis.com/v1beta/models/gemini-2.5-flash-image:generateContent "HTTP/1.1 200 OK"
2026-04-15 09:23:54 | INFO     | generation.api_client | [Gemini] Edit received | id=a2deadc7
2026-04-15 09:23:54 | INFO     | generation.augmenter | Augmenting | ann=10 | prompt=office_interior | req=b85b3815
2026-04-15 09:23:58 | INFO     | generation.api_client | [Gemini] Requesting edit | id=c3bc0740 | model=gemini-2.5-flash-image
2026-04-15 09:23:58 | INFO     | google_genai.models | AFC is enabled with max remote calls: 10.
2026-04-15 09:23:59 | INFO     | httpx | HTTP Request: POST https://generativelanguage.googleapis.com/v1beta/models/gemini-2.5-flash-image:generateContent "HTTP/1.1 200 OK"
2026-04-15 09:24:00 | INFO     | generation.api_client | [Gemini] Edit received | id=a532d9b2
2026-04-15 09:24:00 | INFO     | generation.augmenter | Augmenting | ann=11 | prompt=office_interior | req=29528b9a
2026-04-15 09:24:04 | INFO     | generation.api_client | [Gemini] Requesting edit | id=161b95bd | model=gemini-2.5-flash-image
2026-04-15 09:24:04 | INFO     | google_genai.models | AFC is enabled with max remote calls: 10.
2026-04-15 09:24:08 | INFO     | httpx | HTTP Request: POST https://generativelanguage.googleapis.com/v1beta/models/gemini-2.5-flash-image:generateContent "HTTP/1.1 200 OK"
2026-04-15 09:24:08 | INFO     | generation.api_client | [Gemini] Edit received | id=c3bc0740
2026-04-15 09:24:08 | INFO     | generation.augmenter | Augmenting | ann=8 | prompt=brick_wall | req=9114fcce
2026-04-15 09:24:10 | INFO     | generation.api_client | [Gemini] Requesting edit | id=b85b3815 | model=gemini-2.5-flash-image
2026-04-15 09:24:10 | INFO     | google_genai.models | AFC is enabled with max remote calls: 10.
2026-04-15 09:24:11 | INFO     | httpx | HTTP Request: POST https://generativelanguage.googleapis.com/v1beta/models/gemini-2.5-flash-image:generateContent "HTTP/1.1 200 OK"
2026-04-15 09:24:11 | INFO     | generation.api_client | [Gemini] Edit received | id=161b95bd
2026-04-15 09:24:11 | INFO     | generation.augmenter | Augmenting | ann=9 | prompt=brick_wall | req=7bcb8689
2026-04-15 09:24:16 | INFO     | generation.api_client | [Gemini] Requesting edit | id=29528b9a | model=gemini-2.5-flash-image
2026-04-15 09:24:16 | INFO     | google_genai.models | AFC is enabled with max remote calls: 10.
2026-04-15 09:24:17 | INFO     | httpx | HTTP Request: POST https://generativelanguage.googleapis.com/v1beta/models/gemini-2.5-flash-image:generateContent "HTTP/1.1 200 OK"
2026-04-15 09:24:17 | INFO     | generation.api_client | [Gemini] Edit received | id=b85b3815
2026-04-15 09:24:17 | INFO     | generation.augmenter | Augmenting | ann=10 | prompt=brick_wall | req=bbdb82f2
2026-04-15 09:24:22 | INFO     | generation.api_client | [Gemini] Requesting edit | id=9114fcce | model=gemini-2.5-flash-image
2026-04-15 09:24:22 | INFO     | google_genai.models | AFC is enabled with max remote calls: 10.
2026-04-15 09:24:25 | INFO     | httpx | HTTP Request: POST https://generativelanguage.googleapis.com/v1beta/models/gemini-2.5-flash-image:generateContent "HTTP/1.1 200 OK"
2026-04-15 09:24:25 | INFO     | generation.api_client | [Gemini] Edit received | id=29528b9a
2026-04-15 09:24:25 | INFO     | generation.augmenter | Augmenting | ann=11 | prompt=brick_wall | req=387e73d7
2026-04-15 09:24:28 | INFO     | generation.api_client | [Gemini] Requesting edit | id=7bcb8689 | model=gemini-2.5-flash-image
2026-04-15 09:24:28 | INFO     | google_genai.models | AFC is enabled with max remote calls: 10.
2026-04-15 09:24:29 | INFO     | httpx | HTTP Request: POST https://generativelanguage.googleapis.com/v1beta/models/gemini-2.5-flash-image:generateContent "HTTP/1.1 200 OK"
2026-04-15 09:24:30 | INFO     | generation.api_client | [Gemini] Edit received | id=9114fcce
2026-04-15 09:24:30 | INFO     | generation.augmenter | Augmenting | ann=8 | prompt=tile_wall | req=7b8865e8
2026-04-15 09:24:34 | INFO     | generation.api_client | [Gemini] Requesting edit | id=bbdb82f2 | model=gemini-2.5-flash-image
2026-04-15 09:24:34 | INFO     | google_genai.models | AFC is enabled with max remote calls: 10.
2026-04-15 09:24:37 | INFO     | httpx | HTTP Request: POST https://generativelanguage.googleapis.com/v1beta/models/gemini-2.5-flash-image:generateContent "HTTP/1.1 200 OK"
2026-04-15 09:24:37 | INFO     | generation.api_client | [Gemini] Edit received | id=7bcb8689
2026-04-15 09:24:37 | INFO     | generation.augmenter | Augmenting | ann=9 | prompt=tile_wall | req=aec89d93
2026-04-15 09:24:40 | INFO     | generation.api_client | [Gemini] Requesting edit | id=387e73d7 | model=gemini-2.5-flash-image
2026-04-15 09:24:40 | INFO     | google_genai.models | AFC is enabled with max remote calls: 10.
2026-04-15 09:24:40 | INFO     | httpx | HTTP Request: POST https://generativelanguage.googleapis.com/v1beta/models/gemini-2.5-flash-image:generateContent "HTTP/1.1 200 OK"
2026-04-15 09:24:41 | INFO     | generation.api_client | [Gemini] Edit received | id=bbdb82f2
2026-04-15 09:24:41 | INFO     | generation.augmenter | Augmenting | ann=10 | prompt=tile_wall | req=f6d05a8f
2026-04-15 09:24:46 | INFO     | generation.api_client | [Gemini] Requesting edit | id=7b8865e8 | model=gemini-2.5-flash-image
2026-04-15 09:24:46 | INFO     | google_genai.models | AFC is enabled with max remote calls: 10.
2026-04-15 09:24:47 | INFO     | httpx | HTTP Request: POST https://generativelanguage.googleapis.com/v1beta/models/gemini-2.5-flash-image:generateContent "HTTP/1.1 200 OK"
2026-04-15 09:24:47 | INFO     | generation.api_client | [Gemini] Edit received | id=387e73d7
2026-04-15 09:24:47 | INFO     | generation.augmenter | Augmenting | ann=11 | prompt=tile_wall | req=cfcdd1d3
2026-04-15 09:24:52 | INFO     | generation.api_client | [Gemini] Requesting edit | id=aec89d93 | model=gemini-2.5-flash-image
2026-04-15 09:24:52 | INFO     | google_genai.models | AFC is enabled with max remote calls: 10.
2026-04-15 09:24:54 | INFO     | httpx | HTTP Request: POST https://generativelanguage.googleapis.com/v1beta/models/gemini-2.5-flash-image:generateContent "HTTP/1.1 200 OK"
2026-04-15 09:24:55 | INFO     | generation.api_client | [Gemini] Edit received | id=7b8865e8
2026-04-15 09:24:55 | INFO     | generation.augmenter | Augmenting | ann=8 | prompt=wood_panel_interior | req=56a0ceda
2026-04-15 09:24:58 | INFO     | generation.api_client | [Gemini] Requesting edit | id=f6d05a8f | model=gemini-2.5-flash-image
2026-04-15 09:24:58 | INFO     | google_genai.models | AFC is enabled with max remote calls: 10.
2026-04-15 09:24:59 | INFO     | httpx | HTTP Request: POST https://generativelanguage.googleapis.com/v1beta/models/gemini-2.5-flash-image:generateContent "HTTP/1.1 200 OK"
2026-04-15 09:24:59 | INFO     | generation.api_client | [Gemini] Edit received | id=aec89d93
2026-04-15 09:24:59 | INFO     | generation.augmenter | Augmenting | ann=9 | prompt=wood_panel_interior | req=f661d722
2026-04-15 09:25:04 | INFO     | generation.api_client | [Gemini] Requesting edit | id=cfcdd1d3 | model=gemini-2.5-flash-image
2026-04-15 09:25:04 | INFO     | google_genai.models | AFC is enabled with max remote calls: 10.
2026-04-15 09:25:05 | INFO     | httpx | HTTP Request: POST https://generativelanguage.googleapis.com/v1beta/models/gemini-2.5-flash-image:generateContent "HTTP/1.1 200 OK"
2026-04-15 09:25:06 | INFO     | generation.api_client | [Gemini] Edit received | id=f6d05a8f
2026-04-15 09:25:06 | INFO     | generation.augmenter | Augmenting | ann=10 | prompt=wood_panel_interior | req=f413d17f
2026-04-15 09:25:10 | INFO     | generation.api_client | [Gemini] Requesting edit | id=56a0ceda | model=gemini-2.5-flash-image
2026-04-15 09:25:10 | INFO     | google_genai.models | AFC is enabled with max remote calls: 10.
2026-04-15 09:25:13 | INFO     | httpx | HTTP Request: POST https://generativelanguage.googleapis.com/v1beta/models/gemini-2.5-flash-image:generateContent "HTTP/1.1 200 OK"
2026-04-15 09:25:13 | INFO     | generation.api_client | [Gemini] Edit received | id=cfcdd1d3
2026-04-15 09:25:13 | INFO     | generation.augmenter | Augmenting | ann=11 | prompt=wood_panel_interior | req=21f24362
2026-04-15 09:25:16 | INFO     | generation.api_client | [Gemini] Requesting edit | id=f661d722 | model=gemini-2.5-flash-image
2026-04-15 09:25:16 | INFO     | google_genai.models | AFC is enabled with max remote calls: 10.
2026-04-15 09:25:22 | INFO     | generation.api_client | [Gemini] Requesting edit | id=f413d17f | model=gemini-2.5-flash-image
2026-04-15 09:25:22 | INFO     | google_genai.models | AFC is enabled with max remote calls: 10.
2026-04-15 09:25:22 | INFO     | httpx | HTTP Request: POST https://generativelanguage.googleapis.com/v1beta/models/gemini-2.5-flash-image:generateContent "HTTP/1.1 200 OK"
2026-04-15 09:25:23 | INFO     | generation.api_client | [Gemini] Edit received | id=56a0ceda
2026-04-15 09:25:23 | INFO     | curation.curator | Curated → GOLD | aa8065dd-frame_000139__ann8__concrete_wall__2741f43c.jpg
2026-04-15 09:25:23 | INFO     | curation.curator | Curated → GOLD | aa8065dd-frame_000139__ann8__office_interior__c3bc0740.jpg
2026-04-15 09:25:23 | INFO     | curation.curator | Curated → GOLD | aa8065dd-frame_000139__ann8__brick_wall__9114fcce.jpg
2026-04-15 09:25:23 | INFO     | curation.curator | Curated → GOLD | aa8065dd-frame_000139__ann8__tile_wall__7b8865e8.jpg
2026-04-15 09:25:23 | INFO     | curation.curator | Curated → GOLD | aa8065dd-frame_000139__ann8__wood_panel_interior__56a0ceda.jpg
2026-04-15 09:25:23 | INFO     | generation.augmenter | Augmenting | ann=12 | prompt=concrete_wall | req=4c946397
2026-04-15 09:25:25 | INFO     | httpx | HTTP Request: POST https://generativelanguage.googleapis.com/v1beta/models/gemini-2.5-flash-image:generateContent "HTTP/1.1 200 OK"
2026-04-15 09:25:26 | INFO     | generation.api_client | [Gemini] Edit received | id=f661d722
2026-04-15 09:25:26 | INFO     | curation.curator | Curated → GOLD | aa8065dd-frame_000139__ann9__concrete_wall__2fee9c4e.jpg
2026-04-15 09:25:26 | INFO     | curation.curator | Curated → GOLD | aa8065dd-frame_000139__ann9__office_interior__161b95bd.jpg
2026-04-15 09:25:26 | INFO     | curation.curator | Curated → GOLD | aa8065dd-frame_000139__ann9__brick_wall__7bcb8689.jpg
2026-04-15 09:25:26 | INFO     | curation.curator | Curated → GOLD | aa8065dd-frame_000139__ann9__tile_wall__aec89d93.jpg
2026-04-15 09:25:26 | INFO     | curation.curator | Curated → GOLD | aa8065dd-frame_000139__ann9__wood_panel_interior__f661d722.jpg
2026-04-15 09:25:26 | INFO     | generation.augmenter | Augmenting | ann=13 | prompt=concrete_wall | req=b7a31935
2026-04-15 09:25:28 | INFO     | generation.api_client | [Gemini] Requesting edit | id=21f24362 | model=gemini-2.5-flash-image
2026-04-15 09:25:28 | INFO     | google_genai.models | AFC is enabled with max remote calls: 10.
2026-04-15 09:25:29 | INFO     | httpx | HTTP Request: POST https://generativelanguage.googleapis.com/v1beta/models/gemini-2.5-flash-image:generateContent "HTTP/1.1 200 OK"
2026-04-15 09:25:30 | INFO     | generation.api_client | [Gemini] Edit received | id=f413d17f
2026-04-15 09:25:30 | INFO     | curation.curator | Curated → GOLD | aa8065dd-frame_000139__ann10__concrete_wall__a2deadc7.jpg
2026-04-15 09:25:30 | INFO     | curation.curator | Curated → GOLD | aa8065dd-frame_000139__ann10__office_interior__b85b3815.jpg
2026-04-15 09:25:30 | INFO     | curation.curator | Curated → GOLD | aa8065dd-frame_000139__ann10__brick_wall__bbdb82f2.jpg
2026-04-15 09:25:30 | INFO     | curation.curator | Curated → GOLD | aa8065dd-frame_000139__ann10__tile_wall__f6d05a8f.jpg
2026-04-15 09:25:30 | INFO     | curation.curator | Curated → GOLD | aa8065dd-frame_000139__ann10__wood_panel_interior__f413d17f.jpg
2026-04-15 09:25:30 | INFO     | generation.augmenter | Augmenting | ann=14 | prompt=concrete_wall | req=ceec6c1e
2026-04-15 09:25:34 | INFO     | generation.api_client | [Gemini] Requesting edit | id=4c946397 | model=gemini-2.5-flash-image
2026-04-15 09:25:34 | INFO     | google_genai.models | AFC is enabled with max remote calls: 10.
2026-04-15 09:25:36 | INFO     | httpx | HTTP Request: POST https://generativelanguage.googleapis.com/v1beta/models/gemini-2.5-flash-image:generateContent "HTTP/1.1 200 OK"
2026-04-15 09:25:36 | INFO     | generation.api_client | [Gemini] Edit received | id=21f24362
2026-04-15 09:25:37 | INFO     | curation.curator | Curated → GOLD | edca6cf8-frame_000148__ann11__concrete_wall__a532d9b2.jpg
2026-04-15 09:25:37 | INFO     | curation.curator | Curated → GOLD | edca6cf8-frame_000148__ann11__office_interior__29528b9a.jpg
2026-04-15 09:25:37 | INFO     | curation.curator | Curated → GOLD | edca6cf8-frame_000148__ann11__brick_wall__387e73d7.jpg
2026-04-15 09:25:37 | INFO     | curation.curator | Curated → GOLD | edca6cf8-frame_000148__ann11__tile_wall__cfcdd1d3.jpg
2026-04-15 09:25:37 | INFO     | curation.curator | Curated → GOLD | edca6cf8-frame_000148__ann11__wood_panel_interior__21f24362.jpg
2026-04-15 09:25:37 | INFO     | generation.augmenter | Augmenting | ann=15 | prompt=concrete_wall | req=3de10856
2026-04-15 09:25:40 | INFO     | generation.api_client | [Gemini] Requesting edit | id=b7a31935 | model=gemini-2.5-flash-image
2026-04-15 09:25:40 | INFO     | google_genai.models | AFC is enabled with max remote calls: 10.
2026-04-15 09:25:41 | INFO     | httpx | HTTP Request: POST https://generativelanguage.googleapis.com/v1beta/models/gemini-2.5-flash-image:generateContent "HTTP/1.1 200 OK"
2026-04-15 09:25:42 | INFO     | generation.api_client | [Gemini] Edit received | id=4c946397
2026-04-15 09:25:42 | INFO     | generation.augmenter | Augmenting | ann=12 | prompt=office_interior | req=69b03b0d
2026-04-15 09:25:46 | INFO     | generation.api_client | [Gemini] Requesting edit | id=ceec6c1e | model=gemini-2.5-flash-image
2026-04-15 09:25:46 | INFO     | google_genai.models | AFC is enabled with max remote calls: 10.
2026-04-15 09:25:51 | INFO     | httpx | HTTP Request: POST https://generativelanguage.googleapis.com/v1beta/models/gemini-2.5-flash-image:generateContent "HTTP/1.1 200 OK"
2026-04-15 09:25:52 | INFO     | generation.api_client | [Gemini] Requesting edit | id=3de10856 | model=gemini-2.5-flash-image
2026-04-15 09:25:52 | INFO     | google_genai.models | AFC is enabled with max remote calls: 10.
2026-04-15 09:25:52 | INFO     | generation.api_client | [Gemini] Edit received | id=b7a31935
2026-04-15 09:25:52 | INFO     | generation.augmenter | Augmenting | ann=13 | prompt=office_interior | req=c34fe30e
2026-04-15 09:25:53 | INFO     | httpx | HTTP Request: POST https://generativelanguage.googleapis.com/v1beta/models/gemini-2.5-flash-image:generateContent "HTTP/1.1 200 OK"
2026-04-15 09:25:53 | INFO     | generation.api_client | [Gemini] Edit received | id=ceec6c1e
2026-04-15 09:25:53 | INFO     | generation.augmenter | Augmenting | ann=14 | prompt=office_interior | req=1026e9cf
2026-04-15 09:25:58 | INFO     | generation.api_client | [Gemini] Requesting edit | id=69b03b0d | model=gemini-2.5-flash-image
2026-04-15 09:25:58 | INFO     | google_genai.models | AFC is enabled with max remote calls: 10.
2026-04-15 09:26:01 | INFO     | httpx | HTTP Request: POST https://generativelanguage.googleapis.com/v1beta/models/gemini-2.5-flash-image:generateContent "HTTP/1.1 200 OK"
2026-04-15 09:26:01 | INFO     | generation.api_client | [Gemini] Edit received | id=3de10856
2026-04-15 09:26:01 | INFO     | generation.augmenter | Augmenting | ann=15 | prompt=office_interior | req=ffd72be2
2026-04-15 09:26:04 | INFO     | generation.api_client | [Gemini] Requesting edit | id=c34fe30e | model=gemini-2.5-flash-image
2026-04-15 09:26:04 | INFO     | google_genai.models | AFC is enabled with max remote calls: 10.
2026-04-15 09:26:05 | INFO     | httpx | HTTP Request: POST https://generativelanguage.googleapis.com/v1beta/models/gemini-2.5-flash-image:generateContent "HTTP/1.1 200 OK"
2026-04-15 09:26:06 | INFO     | generation.api_client | [Gemini] Edit received | id=69b03b0d
2026-04-15 09:26:06 | INFO     | generation.augmenter | Augmenting | ann=12 | prompt=brick_wall | req=b348df23
2026-04-15 09:26:10 | INFO     | generation.api_client | [Gemini] Requesting edit | id=1026e9cf | model=gemini-2.5-flash-image
2026-04-15 09:26:10 | INFO     | google_genai.models | AFC is enabled with max remote calls: 10.
